amount,transaction_type,merchant_category,hour,location_risk,device_trusted,failed_attempts,is_international,is_fraud
8458.32,Deposit,Electronics,0,95,1,1,0,0
5712.34,Purchase,Shopping,2,76,1,0,0,0
13304.39,Withdrawal,Shopping,19,4,0,5,1,0
20481.01,Refund,Healthcare,0,98,0,5,1,0
21602.86,Withdrawal,Restaurant,10,14,0,3,0,0
69841.83,Transfer,ATM,8,6,1,4,0,1
2844.88,Deposit,ATM,11,74,0,5,0,0
27259.28,Withdrawal,Healthcare,2,30,0,3,0,0
48213.11,Transfer,Fuel,11,46,0,5,0,1
22829.38,Deposit,Fuel,17,94,0,1,1,0
49325.98,Deposit,Shopping,7,88,1,0,0,1
23798.35,Payment,Healthcare,2,28,1,1,1,0
71258.98,Deposit,Utility,4,34,0,1,0,1
51680.06,Transfer,Restaurant,4,66,1,0,0,0
35793.72,Withdrawal,Fuel,21,55,0,3,1,0
57007.13,Payment,Shopping,8,71,0,5,0,1
294.39,Deposit,Travel,3,38,1,1,1,0
73752.73,Deposit,Healthcare,16,98,0,4,0,1
35976.78,Refund,Restaurant,4,48,0,4,0,0
14528.21,Payment,Grocery,3,47,1,1,0,0
7790.65,Refund,Electronics,2,94,1,0,0,0
42805.64,Payment,Shopping,5,34,1,1,0,0
13559.37,Payment,Travel,14,67,1,0,0,0
530.73,Transfer,Grocery,18,71,0,4,0,0
30897.95,Deposit,Grocery,7,9,0,2,0,0
14655.53,Transfer,Utility,6,70,0,5,1,0
21322.42,Payment,Entertainment,6,13,0,5,1,0
43719.99,Payment,Utility,23,7,0,0,1,1
11090.93,Purchase,Restaurant,6,25,1,1,1,0
58142.88,Payment,Restaurant,2,57,0,0,0,1
54156.33,Withdrawal,Fuel,13,63,1,1,1,1
9372.33,Payment,Healthcare,14,37,1,5,1,0
3524.2,Transfer,Restaurant,1,75,0,5,0,0
51095.42,Refund,Utility,16,68,0,0,0,1
37200.95,Withdrawal,Entertainment,3,73,0,4,0,0
40216.59,Payment,ATM,18,67,1,2,0,0
27487.75,Transfer,Restaurant,8,51,0,5,0,0
30402.49,Purchase,Grocery,14,80,0,0,0,0
26347.26,Withdrawal,Travel,2,32,1,2,0,0
84515.71,Refund,Healthcare,19,84,0,5,0,1
36329.31,Transfer,Electronics,3,96,0,2,0,0
15142.16,Deposit,Travel,6,88,1,4,1,0
20080.04,Purchase,Electronics,20,55,1,0,0,0
33698.32,Withdrawal,Healthcare,5,95,1,4,1,0
25844.22,Purchase,Electronics,22,20,0,2,0,0
40049.31,Purchase,Healthcare,11,6,1,1,0,0
58574.74,Transfer,Shopping,13,80,0,1,0,1
16081.66,Payment,Grocery,5,95,1,3,0,0
49013.54,Deposit,Electronics,12,5,1,1,0,0
23968.11,Payment,Travel,9,30,0,0,0,0
88668.03,Transfer,Electronics,8,45,1,5,0,1
20806.66,Withdrawal,ATM,8,5,0,4,1,0
15357.88,Transfer,Entertainment,19,66,0,3,0,0
4291.43,Deposit,Entertainment,0,67,0,2,1,0
30476.64,Deposit,Travel,19,41,0,5,0,0
11591.22,Deposit,Entertainment,10,52,1,4,0,0
24423.9,Deposit,Entertainment,21,96,0,4,0,0
27952.79,Purchase,Healthcare,9,27,1,4,0,0
17098.81,Payment,Restaurant,16,61,0,5,0,0
13555.98,Deposit,ATM,10,12,0,5,0,0
27379.43,Withdrawal,Fuel,0,6,0,3,0,0
14714.67,Deposit,ATM,6,92,1,3,1,0
65904.74,Deposit,Grocery,3,100,1,1,0,1
57007.37,Refund,Restaurant,3,59,0,3,0,1
27059.18,Refund,Shopping,13,71,1,1,1,0
4741.25,Withdrawal,Healthcare,16,63,0,2,1,0
8388.61,Transfer,Restaurant,8,43,1,4,0,0
24515.2,Withdrawal,Entertainment,22,20,0,0,1,0
76298.53,Refund,Utility,13,8,0,3,1,1
51221.53,Refund,Entertainment,15,1,1,2,1,1
16448.83,Payment,Shopping,23,95,0,3,0,0
50446.29,Payment,Grocery,12,44,1,5,0,1
8228.4,Refund,Shopping,0,51,0,0,1,0
27336.49,Payment,Fuel,1,34,1,2,0,0
28271.38,Transfer,Entertainment,8,97,1,2,0,0
78940.49,Deposit,Shopping,1,45,0,5,0,1
28466.31,Withdrawal,Restaurant,0,80,0,1,0,0
36392.97,Purchase,ATM,6,60,1,2,0,0
85861.18,Deposit,Electronics,5,40,0,4,0,1
6203.89,Payment,Entertainment,22,26,0,4,0,0
39725.13,Transfer,ATM,3,73,0,2,1,0
6421.78,Purchase,Shopping,20,44,0,3,1,0
36993.15,Transfer,Utility,22,20,1,1,0,0
49860.79,Refund,Utility,14,56,1,2,0,0
20250.16,Purchase,Healthcare,14,32,1,4,1,0
20486.3,Payment,Travel,5,63,0,2,0,0
79117.41,Refund,Healthcare,17,2,0,0,0,1
5673.9,Deposit,Utility,20,92,1,3,0,0
28448.3,Withdrawal,Entertainment,22,32,1,5,0,0
16327.89,Refund,Travel,13,96,1,2,1,0
44598.58,Transfer,Restaurant,3,93,0,2,0,1
58832.59,Deposit,Fuel,6,28,1,2,0,0
47048.21,Withdrawal,Healthcare,7,47,0,2,0,1
6245.0,Purchase,Shopping,9,90,0,5,1,0
11143.38,Purchase,ATM,9,61,1,3,0,0
4537.52,Purchase,Healthcare,15,15,0,3,1,0
7195.25,Deposit,Grocery,4,20,1,0,0,0
27085.82,Payment,ATM,19,80,0,4,1,0
36616.89,Payment,Healthcare,18,55,1,4,0,0
9507.72,Deposit,Electronics,6,81,0,2,0,0
46468.79,Withdrawal,Shopping,2,21,0,3,1,1
55442.27,Transfer,Healthcare,22,59,0,5,0,1
38893.32,Deposit,ATM,21,26,1,0,0,0
26405.29,Transfer,Fuel,2,8,0,2,0,0
26321.76,Payment,Healthcare,22,52,1,4,1,0
1649.31,Refund,Grocery,13,95,1,4,0,0
68353.37,Withdrawal,ATM,18,3,1,4,0,1
63375.66,Payment,Healthcare,5,75,1,5,1,1
17364.25,Transfer,Electronics,5,43,1,5,1,0
19464.1,Payment,Shopping,1,59,0,2,0,0
11336.19,Payment,Shopping,0,85,1,3,0,0
16096.67,Transfer,ATM,15,81,1,0,0,0
58391.49,Withdrawal,Healthcare,14,90,1,0,0,1
59536.2,Withdrawal,Healthcare,17,2,1,0,0,0
30581.43,Purchase,Utility,3,83,0,3,0,0
23076.8,Transfer,Entertainment,15,61,0,3,0,0
20458.53,Refund,Shopping,23,18,0,2,1,0
66795.36,Refund,Healthcare,0,37,1,4,1,1
58848.4,Transfer,Shopping,17,49,1,2,0,0
44707.84,Withdrawal,ATM,12,30,1,0,0,0
7662.15,Deposit,Entertainment,12,85,0,3,0,0
1019.32,Refund,Travel,3,57,0,4,1,0
20379.82,Withdrawal,Entertainment,20,20,0,3,0,0
84934.74,Deposit,Entertainment,20,11,1,5,1,1
59845.81,Payment,Shopping,1,80,0,1,0,1
41670.67,Payment,Electronics,20,91,0,3,0,1
8819.63,Purchase,Travel,1,38,1,2,1,0
4830.2,Refund,Entertainment,18,88,0,1,0,0
14008.09,Payment,ATM,21,31,1,4,0,0
64877.84,Deposit,Healthcare,14,33,0,3,0,1
27464.47,Transfer,ATM,9,82,1,5,0,0
34358.17,Transfer,Restaurant,12,62,0,1,1,0
16541.37,Refund,Healthcare,22,38,0,5,1,0
36463.19,Refund,Grocery,19,96,1,2,0,0
37732.06,Transfer,Restaurant,20,25,1,5,0,0
58279.97,Deposit,Grocery,9,57,0,4,0,1
31898.06,Deposit,Entertainment,5,26,0,4,0,0
48388.47,Transfer,Fuel,8,62,1,5,0,1
15941.07,Withdrawal,Entertainment,17,47,0,3,0,0
49362.8,Purchase,Utility,11,87,1,4,1,1
38894.38,Purchase,Restaurant,15,4,1,4,0,0
2816.27,Deposit,Utility,22,39,1,0,0,0
23379.89,Purchase,Healthcare,15,15,0,1,0,0
87257.39,Transfer,Shopping,13,76,0,3,0,1
57038.25,Transfer,Grocery,22,48,0,3,1,1
16625.3,Purchase,Travel,17,83,1,0,1,0
3129.65,Purchase,Utility,2,85,0,5,0,0
35224.35,Transfer,Restaurant,4,73,0,0,0,0
80933.12,Withdrawal,Travel,4,77,0,2,0,1
1045.29,Purchase,Grocery,4,2,1,1,0,0
80010.77,Transfer,Grocery,4,95,1,4,0,1
43661.86,Refund,ATM,3,58,0,4,0,1
50853.18,Deposit,Shopping,9,59,0,0,1,1
4034.37,Deposit,Utility,2,11,1,4,0,0
27277.55,Transfer,ATM,20,75,1,3,0,0
25861.19,Refund,Entertainment,3,90,0,5,0,0
18821.65,Withdrawal,Entertainment,10,59,1,3,0,0
49923.14,Transfer,Healthcare,11,20,1,0,0,0
35229.26,Purchase,Entertainment,3,96,1,1,0,0
52429.08,Refund,Shopping,10,86,0,3,0,1
34717.32,Payment,Grocery,9,77,1,2,0,0
79317.25,Withdrawal,Fuel,21,62,0,0,0,1
1834.3,Refund,Restaurant,13,72,0,4,0,0
34022.63,Transfer,Healthcare,10,45,0,1,0,0
22634.04,Payment,Electronics,4,95,0,0,0,0
48823.07,Payment,Travel,5,48,1,5,0,1
16398.96,Purchase,Fuel,5,97,0,5,0,0
13012.58,Deposit,Entertainment,15,78,1,3,0,0
31663.35,Refund,Electronics,11,56,0,2,1,0
18155.02,Transfer,Grocery,7,51,0,0,0,0
29893.38,Withdrawal,Fuel,8,38,1,0,0,0
4417.32,Payment,Fuel,4,49,0,4,0,0
34587.97,Deposit,Grocery,13,3,1,0,0,0
24361.44,Refund,Entertainment,22,82,1,2,0,0
71499.21,Transfer,Fuel,19,59,1,0,1,1
46769.16,Refund,Electronics,12,40,1,1,0,0
43670.01,Purchase,Shopping,20,15,0,2,0,1
36183.7,Withdrawal,Restaurant,3,19,1,1,0,0
40899.9,Deposit,Electronics,5,99,1,3,1,1
4190.35,Deposit,ATM,10,81,1,1,1,0
18693.43,Payment,Healthcare,8,76,0,2,0,0
36939.0,Payment,Grocery,1,48,1,0,0,0
19359.45,Refund,Entertainment,14,75,0,3,0,0
58944.9,Payment,Shopping,4,8,1,0,0,0
72441.24,Purchase,Shopping,20,23,0,1,1,1
47374.69,Transfer,Travel,9,50,1,2,0,0
17120.4,Deposit,Travel,2,43,0,4,1,0
74522.46,Deposit,ATM,4,43,0,4,0,1
38645.25,Deposit,Entertainment,4,77,0,2,1,0
30558.46,Transfer,Fuel,21,90,0,5,1,0
11601.11,Purchase,Travel,9,24,0,2,1,0
39749.56,Withdrawal,Fuel,2,38,0,4,0,0
49897.57,Refund,Fuel,19,49,0,1,0,1
78857.6,Withdrawal,Utility,1,53,1,5,0,1
22133.67,Payment,Restaurant,17,31,1,3,0,0
57979.46,Refund,Utility,14,99,1,3,1,1
42712.92,Refund,Fuel,8,7,1,2,0,0
64686.27,Refund,Electronics,9,11,0,2,1,1
30170.23,Withdrawal,Utility,11,4,1,0,1,0
55856.47,Withdrawal,Entertainment,2,48,0,0,0,1
76749.13,Deposit,Travel,4,18,0,2,1,1
77725.57,Payment,ATM,0,11,0,2,0,1
7398.72,Refund,Entertainment,3,100,1,1,0,0
69122.42,Withdrawal,Entertainment,20,80,1,0,0,1
193.7,Deposit,Shopping,18,31,0,2,1,0
31456.73,Transfer,Restaurant,18,54,0,5,0,0
2707.71,Transfer,Electronics,16,70,0,3,1,0
20753.67,Payment,Travel,8,96,0,2,0,0
21202.71,Deposit,Electronics,18,95,1,1,0,0
79928.57,Transfer,Fuel,21,60,1,5,0,1
19004.19,Payment,Grocery,9,26,0,1,0,0
45222.13,Transfer,Shopping,12,70,1,2,0,0
16465.67,Withdrawal,Healthcare,11,100,0,5,0,0
67388.55,Transfer,Entertainment,12,96,1,3,0,1
36186.95,Refund,Healthcare,2,94,1,0,1,0
39689.06,Withdrawal,Shopping,9,42,0,0,0,0
21157.66,Transfer,Utility,19,92,1,1,1,0
4594.97,Purchase,Travel,19,56,1,5,0,0
64717.78,Deposit,Entertainment,11,66,0,0,0,1
56973.08,Withdrawal,Electronics,7,100,1,2,1,1
31814.65,Payment,Travel,11,57,0,4,0,0
62414.43,Payment,Travel,20,36,0,0,0,1
12952.77,Refund,Electronics,8,100,1,5,1,0
85440.56,Refund,Healthcare,22,63,0,0,0,1
33044.83,Payment,Electronics,21,41,1,5,0,0
7369.61,Transfer,Healthcare,5,92,0,2,0,0
28097.61,Withdrawal,Fuel,7,64,0,2,0,0
59975.74,Refund,Fuel,19,12,0,2,1,1
38576.08,Refund,Entertainment,13,74,0,1,0,0
46090.12,Payment,Utility,21,67,1,1,0,0
18317.06,Withdrawal,Entertainment,16,8,0,4,0,0
73577.57,Withdrawal,Travel,22,29,1,4,0,1
30204.13,Refund,Healthcare,4,81,1,4,0,0
82135.63,Withdrawal,ATM,18,20,0,5,0,1
73754.6,Purchase,Electronics,1,83,1,5,0,1
58384.52,Payment,Shopping,9,83,1,3,0,1
12320.98,Purchase,Grocery,5,57,1,3,1,0
61674.31,Refund,Fuel,10,92,1,5,0,1
27030.8,Refund,Electronics,10,31,1,0,0,0
14971.39,Withdrawal,Electronics,1,38,1,4,1,0
29946.11,Withdrawal,Travel,18,93,1,1,0,0
56719.44,Refund,Utility,15,40,1,0,0,0
16953.24,Refund,Utility,7,28,1,0,0,0
8122.7,Refund,Utility,9,69,0,0,1,0
34259.87,Transfer,Travel,12,47,0,3,0,0
89509.08,Withdrawal,Travel,17,37,0,3,1,1
87252.69,Deposit,ATM,3,17,0,3,0,1
2813.67,Withdrawal,Restaurant,19,66,1,4,0,0
19745.15,Withdrawal,Travel,15,67,1,1,0,0
30488.17,Refund,Travel,5,51,1,4,0,0
22164.63,Refund,Shopping,15,91,1,3,0,0
35854.89,Deposit,Electronics,13,75,1,5,0,0
10313.67,Transfer,ATM,18,30,0,4,1,0
11527.98,Deposit,ATM,12,19,0,0,0,0
24681.61,Payment,Travel,13,20,1,5,0,0
31169.12,Refund,Utility,23,94,0,5,0,0
27633.85,Refund,Travel,21,62,1,2,0,0
11616.62,Refund,Travel,17,46,1,4,1,0
67005.14,Withdrawal,Healthcare,17,39,0,2,0,1
34451.26,Payment,Travel,17,93,1,2,0,0
17329.06,Refund,Entertainment,12,45,0,2,0,0
12917.81,Deposit,Electronics,11,57,1,5,1,0
36979.05,Refund,Healthcare,17,90,1,1,0,0
3244.22,Refund,Restaurant,7,7,0,5,0,0
410.37,Payment,Travel,22,61,0,5,0,0
57843.69,Refund,Fuel,13,84,1,3,0,1
84701.02,Purchase,Electronics,20,74,0,4,0,1
70558.28,Withdrawal,Grocery,12,64,0,5,0,1
16442.94,Purchase,Travel,9,59,1,1,1,0
60170.05,Purchase,Travel,5,94,1,5,0,1
49636.69,Transfer,ATM,21,97,0,1,1,1
509.12,Deposit,Electronics,5,18,1,2,0,0
34989.4,Payment,Restaurant,14,97,1,2,0,0
3821.25,Refund,Grocery,8,84,1,5,0,0
87328.6,Purchase,Utility,9,21,1,5,0,1
27353.22,Transfer,ATM,7,29,0,3,0,0
71811.65,Refund,Travel,13,90,1,4,0,1
3799.31,Purchase,Shopping,14,68,1,0,0,0
75613.29,Refund,Shopping,6,74,0,1,0,1
8003.47,Deposit,ATM,15,12,1,0,1,0
81740.4,Payment,Utility,18,8,1,5,0,1
47711.5,Deposit,Restaurant,18,10,0,3,0,1
45973.08,Purchase,Utility,1,37,1,1,0,0
4906.97,Deposit,Entertainment,11,49,1,3,1,0
59571.52,Deposit,Shopping,4,84,1,0,0,1
31962.82,Withdrawal,Grocery,0,39,1,5,1,0
56250.88,Withdrawal,Restaurant,14,45,0,2,0,1
4130.73,Purchase,Grocery,21,54,0,1,0,0
24195.69,Refund,Grocery,14,77,0,1,0,0
14126.27,Withdrawal,Shopping,6,97,0,1,0,0
52587.87,Deposit,ATM,10,74,1,1,0,1
37596.99,Refund,Restaurant,13,39,1,0,0,0
63734.61,Payment,Shopping,15,7,1,5,1,1
18114.11,Withdrawal,Healthcare,12,24,1,1,0,0
23366.3,Deposit,Fuel,14,8,1,3,0,0
5638.59,Transfer,Restaurant,10,83,0,3,0,0
79276.34,Deposit,Restaurant,1,35,1,5,0,1
87172.19,Deposit,Shopping,6,62,0,2,0,1
23858.26,Deposit,Electronics,23,97,1,1,0,0
32065.64,Withdrawal,Shopping,10,100,1,3,1,0
48188.72,Transfer,Healthcare,8,47,1,3,0,1
44501.02,Transfer,Restaurant,11,41,1,0,0,0
11851.89,Purchase,Healthcare,17,75,1,2,0,0
15513.87,Withdrawal,Entertainment,18,32,1,4,0,0
43246.78,Payment,Utility,14,22,1,1,0,0
81809.82,Payment,Fuel,17,83,0,4,0,1
647.57,Purchase,Grocery,13,18,0,0,0,0
1042.33,Refund,Utility,11,8,1,5,1,0
32190.71,Refund,Shopping,13,2,0,4,0,0
55843.6,Transfer,Grocery,16,90,1,1,0,1
22445.79,Refund,Shopping,8,46,1,3,0,0
39258.77,Payment,Utility,18,32,0,2,0,0
3461.28,Deposit,Grocery,2,52,1,3,1,0
33994.81,Purchase,Fuel,2,64,1,5,0,0
16338.59,Purchase,Shopping,1,30,0,5,1,0
1037.92,Purchase,Healthcare,17,73,0,1,0,0
9830.77,Withdrawal,ATM,4,97,1,0,0,0
48529.25,Withdrawal,ATM,12,87,1,3,0,1
20501.51,Deposit,Travel,1,13,1,1,0,0
55266.23,Refund,ATM,12,100,1,0,0,1
47903.5,Refund,Entertainment,13,24,1,0,0,0
49794.79,Deposit,Electronics,2,35,0,3,0,1
5329.1,Purchase,Healthcare,14,47,1,0,0,0
5468.17,Payment,Utility,17,72,1,0,0,0
17581.66,Refund,Electronics,19,77,1,3,0,0
57101.35,Payment,Electronics,23,72,0,4,0,1
25324.03,Transfer,Utility,4,9,0,3,0,0
35669.0,Payment,Electronics,11,33,0,5,1,0
19999.81,Withdrawal,Utility,3,18,1,0,1,0
18096.07,Refund,Entertainment,10,57,1,3,0,0
17557.74,Refund,Restaurant,15,41,0,3,0,0
50124.95,Deposit,Utility,18,32,1,3,0,1
76876.52,Refund,Restaurant,18,70,0,5,0,1
8436.83,Payment,Healthcare,22,9,1,5,1,0
89581.53,Transfer,Restaurant,8,85,0,5,1,1
85297.57,Payment,ATM,12,69,1,4,0,1
10063.68,Refund,ATM,20,11,0,1,0,0
6446.08,Refund,Grocery,18,83,1,2,1,0
23528.94,Purchase,Healthcare,7,66,0,3,0,0
29017.99,Deposit,ATM,22,65,0,2,0,0
20649.69,Transfer,Entertainment,2,15,0,2,0,0
48022.85,Withdrawal,Shopping,15,45,1,0,1,1
55802.35,Purchase,Electronics,0,44,0,5,0,1
63227.13,Refund,Fuel,17,21,1,4,1,1
44269.56,Withdrawal,Fuel,20,85,1,3,0,1
12426.49,Payment,ATM,13,50,0,5,0,0
11904.75,Deposit,Electronics,18,14,0,2,0,0
36717.37,Purchase,Healthcare,21,63,1,4,1,0
48842.92,Refund,Electronics,11,46,1,4,0,1
14390.51,Transfer,ATM,18,11,0,2,0,0
25152.52,Purchase,Fuel,11,89,0,4,1,0
33339.26,Withdrawal,ATM,12,55,0,3,0,0
51944.78,Payment,Healthcare,4,24,1,3,0,1
24996.26,Payment,Fuel,6,50,1,3,1,0
2058.44,Payment,Utility,5,11,0,1,0,0
33028.6,Withdrawal,Shopping,9,22,1,4,1,0
54834.39,Purchase,ATM,3,35,1,4,0,1
27038.97,Payment,Electronics,23,84,0,2,0,0
64267.52,Transfer,Electronics,14,16,0,1,0,1
31983.62,Refund,Fuel,6,27,0,4,0,0
57148.6,Refund,Shopping,5,42,1,2,0,0
83973.55,Refund,Electronics,4,97,1,0,0,1
29418.58,Withdrawal,Fuel,22,42,0,5,1,0
38054.3,Refund,Healthcare,20,54,1,3,0,0
27336.27,Purchase,Entertainment,16,96,1,5,0,0
38126.95,Payment,Travel,18,1,0,5,1,0
59528.93,Deposit,Travel,2,69,1,1,1,1
47319.39,Transfer,Travel,17,74,0,4,1,1
65543.32,Purchase,Grocery,3,81,1,0,0,1
5691.07,Payment,Restaurant,22,17,1,1,0,0
37573.7,Transfer,Healthcare,2,48,0,0,1,0
165.07,Deposit,Restaurant,13,84,0,5,0,0
656.29,Payment,Electronics,4,76,0,4,1,0
13813.92,Deposit,Travel,3,55,0,3,0,0
23024.99,Purchase,Electronics,3,41,1,2,0,0
26461.96,Withdrawal,Fuel,2,68,0,4,0,0
51611.76,Deposit,Restaurant,20,96,0,3,1,1
74007.93,Purchase,ATM,23,50,1,3,0,1
58574.22,Withdrawal,Shopping,19,77,1,5,0,1
47049.72,Refund,ATM,16,25,1,2,0,0
31744.36,Withdrawal,Utility,12,15,0,3,0,0
21988.21,Purchase,Travel,10,17,1,4,1,0
926.23,Deposit,Fuel,15,99,0,0,0,0
25472.16,Withdrawal,Grocery,1,51,1,5,1,0
18663.42,Payment,Electronics,20,69,0,2,0,0
18679.15,Refund,Restaurant,4,69,1,3,0,0
27256.97,Payment,Restaurant,1,32,0,3,0,0
42503.25,Refund,Grocery,9,86,0,0,0,1
7703.14,Withdrawal,Utility,11,67,1,1,0,0
15850.68,Transfer,Electronics,0,43,1,2,0,0
52078.95,Refund,Electronics,15,59,1,0,1,1
2737.87,Purchase,ATM,21,93,0,1,0,0
10819.76,Purchase,Restaurant,1,61,1,3,0,0
14970.96,Purchase,Shopping,22,95,1,1,0,0
10842.73,Deposit,Travel,8,10,1,0,0,0
19705.33,Refund,Grocery,12,9,1,2,0,0
61572.31,Refund,Utility,0,48,0,2,0,1
69369.53,Payment,Restaurant,23,70,0,1,0,1
6326.55,Deposit,Grocery,10,1,1,5,0,0
5672.3,Refund,Restaurant,13,63,0,1,0,0
34888.16,Withdrawal,Shopping,13,90,1,3,0,0
26155.47,Refund,Fuel,20,51,0,4,0,0
19151.66,Withdrawal,Restaurant,9,34,1,3,0,0
9409.09,Transfer,Restaurant,2,26,0,4,0,0
57881.62,Withdrawal,Utility,14,41,1,0,0,0
9541.16,Withdrawal,Utility,9,60,1,0,0,0
8984.6,Deposit,Healthcare,22,90,0,1,0,0
15683.99,Deposit,Restaurant,11,51,0,5,0,0
6204.25,Withdrawal,Grocery,12,58,0,0,1,0
73363.39,Withdrawal,Electronics,0,8,0,1,0,1
74069.41,Deposit,Electronics,18,76,1,0,0,1
10162.55,Withdrawal,Electronics,10,16,0,3,0,0
54662.22,Refund,Entertainment,23,51,1,0,1,1
38871.98,Withdrawal,Healthcare,8,58,0,0,0,0
23042.62,Payment,Entertainment,17,62,0,0,0,0
59365.28,Payment,Restaurant,20,68,0,5,0,1
23364.04,Transfer,Utility,17,63,1,4,0,0
3609.61,Withdrawal,Grocery,10,77,0,0,0,0
14946.64,Payment,Shopping,11,99,0,1,0,0
21352.8,Withdrawal,Healthcare,17,95,0,1,1,0
76525.24,Withdrawal,Fuel,7,76,1,5,0,1
10615.85,Refund,ATM,4,73,0,3,0,0
140.94,Purchase,Electronics,1,30,0,0,1,0
1412.58,Refund,Restaurant,4,44,0,2,0,0
42301.83,Refund,Fuel,3,68,1,0,0,0
8273.45,Deposit,Entertainment,18,13,1,2,0,0
13471.91,Withdrawal,Entertainment,20,63,1,1,0,0
43756.97,Refund,Fuel,12,40,1,1,0,0
55270.19,Deposit,ATM,12,99,0,1,0,1
14355.96,Withdrawal,ATM,3,64,0,2,0,0
15986.23,Transfer,Fuel,20,12,1,3,0,0
2984.03,Withdrawal,Electronics,11,33,0,5,0,0
32806.84,Payment,Entertainment,5,53,1,3,0,0
4515.19,Purchase,Utility,18,84,0,1,1,0
20574.31,Purchase,Healthcare,0,41,1,0,0,0
74413.58,Payment,Fuel,23,10,0,2,1,1
69935.06,Refund,Entertainment,5,7,0,2,0,1
5845.36,Deposit,Shopping,8,85,1,2,0,0
328.55,Payment,ATM,17,63,0,0,0,0
1641.57,Purchase,Healthcare,21,81,1,1,0,0
28309.57,Withdrawal,Healthcare,2,61,0,2,1,0
65059.89,Deposit,Healthcare,2,83,1,1,0,1
9152.73,Transfer,Utility,14,34,0,2,0,0
69912.09,Deposit,Electronics,2,86,1,4,1,1
28628.11,Payment,Shopping,13,69,1,4,0,0
10455.45,Purchase,Entertainment,22,5,0,0,1,0
89877.12,Withdrawal,Restaurant,6,17,0,3,0,1
5312.94,Deposit,Fuel,19,34,1,5,0,0
76518.55,Refund,Entertainment,17,42,1,4,1,1
34038.98,Refund,Shopping,13,15,1,1,0,0
74465.45,Refund,Electronics,3,73,0,2,0,1
8716.77,Refund,ATM,15,5,0,2,1,0
3052.53,Refund,Entertainment,1,51,1,5,0,0
16892.76,Payment,Healthcare,11,3,1,2,0,0
77795.97,Payment,Electronics,7,18,1,5,1,1
45593.65,Refund,Electronics,6,57,0,3,1,1
8225.42,Purchase,Shopping,5,9,1,5,1,0
15044.47,Refund,ATM,0,23,0,1,0,0
73593.44,Payment,Grocery,11,91,0,2,0,1
10737.26,Purchase,Grocery,7,48,1,4,1,0
44962.77,Payment,ATM,17,45,1,1,0,0
51243.9,Deposit,Electronics,9,4,1,0,0,0
30845.55,Withdrawal,Restaurant,20,29,0,2,1,0
13503.82,Deposit,Grocery,15,17,0,4,0,0
54819.41,Refund,Healthcare,22,91,1,3,1,1
33731.28,Transfer,Shopping,19,51,0,0,0,0
20243.39,Refund,ATM,9,39,0,3,0,0
31085.89,Transfer,Travel,8,34,1,1,0,0
89886.11,Withdrawal,Grocery,19,52,1,5,0,1
20655.71,Transfer,Entertainment,12,50,0,4,0,0
30488.16,Deposit,Restaurant,21,69,1,5,0,0
44481.04,Withdrawal,Shopping,5,38,0,3,0,1
13477.34,Refund,Fuel,21,43,0,1,0,0
27879.26,Transfer,Entertainment,10,48,1,4,0,0
30078.59,Purchase,Utility,1,82,0,3,0,0
8328.18,Deposit,Entertainment,16,39,1,0,0,0
51757.4,Withdrawal,Travel,13,73,1,1,0,1
16484.32,Transfer,Fuel,10,82,0,0,1,0
38045.9,Withdrawal,ATM,5,63,0,1,1,0
43866.48,Payment,Entertainment,15,50,0,0,0,1
13653.32,Transfer,Shopping,6,3,0,5,0,0
10104.51,Transfer,Healthcare,4,14,1,4,0,0
20629.7,Purchase,Healthcare,9,59,1,3,0,0
13536.85,Payment,Travel,6,22,1,0,0,0
42695.49,Withdrawal,Restaurant,23,3,0,0,0,1
39752.0,Payment,Healthcare,17,80,0,4,0,0
22877.2,Deposit,Grocery,1,89,0,3,1,0
18136.88,Refund,Healthcare,15,90,0,1,0,0
25187.66,Deposit,Electronics,21,67,1,4,0,0
72405.08,Purchase,Shopping,23,80,0,2,0,1
2460.4,Transfer,Shopping,6,46,1,2,0,0
863.69,Payment,Restaurant,22,62,1,1,0,0
77560.93,Purchase,Electronics,18,86,1,1,0,1
6078.55,Transfer,Restaurant,14,38,1,3,0,0
5790.41,Withdrawal,Grocery,9,47,1,3,0,0
53682.2,Purchase,Grocery,4,85,0,2,0,1
24074.99,Transfer,Electronics,11,44,0,0,1,0
6872.09,Payment,Healthcare,12,89,1,3,0,0
53156.73,Deposit,Grocery,5,14,1,4,1,1
6864.96,Payment,Travel,19,4,0,3,1,0
840.38,Payment,Utility,1,9,1,5,0,0
31194.07,Deposit,Shopping,23,74,0,5,0,0
39856.27,Deposit,ATM,3,56,0,3,0,0
30383.5,Deposit,Entertainment,4,72,0,0,0,0
19920.6,Payment,Utility,5,10,1,2,0,0
4821.95,Transfer,Grocery,16,29,1,3,0,0
7210.54,Payment,ATM,14,12,1,3,0,0
49571.93,Payment,Grocery,3,52,1,0,0,0
57026.27,Refund,ATM,20,39,0,5,1,1
79169.4,Withdrawal,Utility,10,72,1,5,0,1
52386.99,Withdrawal,Grocery,10,46,1,4,0,1
65567.07,Withdrawal,Entertainment,3,33,0,1,0,1
74630.55,Withdrawal,Travel,3,97,1,0,0,1
67874.98,Refund,Fuel,15,1,0,4,1,1
39485.56,Withdrawal,ATM,5,94,0,0,1,0
16488.39,Refund,Travel,16,50,1,4,0,0
59125.99,Transfer,Healthcare,14,18,0,3,0,1
41228.02,Deposit,Shopping,20,28,0,1,0,1
71226.28,Withdrawal,Fuel,16,70,1,5,0,1
31411.53,Deposit,Entertainment,21,96,1,3,0,0
57897.7,Purchase,Entertainment,4,7,0,1,0,1
21585.08,Transfer,Fuel,1,89,1,1,0,0
14331.97,Payment,Electronics,19,87,0,5,1,0
25052.32,Deposit,Healthcare,22,86,0,3,1,0
12264.92,Deposit,Travel,17,7,0,5,0,0
46591.19,Payment,Restaurant,20,91,1,4,0,1
46828.54,Transfer,Utility,5,88,0,1,0,1
438.14,Transfer,Shopping,8,17,0,4,0,0
82941.3,Payment,Fuel,1,20,1,4,0,1
31571.16,Transfer,Utility,18,71,1,0,0,0
5607.54,Withdrawal,Shopping,2,65,0,3,1,0
13184.87,Withdrawal,Restaurant,21,43,1,2,0,0
26795.47,Refund,Shopping,15,72,0,0,0,0
22944.22,Deposit,ATM,19,32,0,5,0,0
30907.11,Purchase,Entertainment,8,70,1,0,0,0
19286.73,Refund,Utility,15,6,1,5,0,0
12725.81,Purchase,Electronics,5,99,0,5,0,0
38829.01,Deposit,Restaurant,21,55,0,1,1,0
4487.56,Purchase,Fuel,0,59,1,0,0,0
23343.15,Withdrawal,Healthcare,17,10,0,2,1,0
32136.58,Deposit,Entertainment,13,41,0,3,0,0
21526.24,Deposit,ATM,2,97,0,5,0,0
16962.89,Refund,Electronics,9,88,1,4,0,0
32054.72,Payment,Entertainment,12,85,0,3,0,0
84364.51,Withdrawal,Entertainment,17,38,0,2,0,1
18351.0,Withdrawal,Electronics,1,1,1,4,0,0
13325.2,Deposit,Travel,6,53,0,1,0,0
38716.0,Transfer,Restaurant,3,24,0,4,1,0
43562.8,Purchase,Healthcare,21,9,1,0,0,0
37209.0,Payment,Travel,11,17,0,0,0,0
70508.79,Withdrawal,Travel,15,58,1,4,0,1
42760.73,Transfer,Entertainment,5,1,1,1,0,0
61143.37,Deposit,Entertainment,8,47,0,5,0,1
50523.4,Transfer,Utility,17,14,0,5,0,1
53537.1,Withdrawal,Shopping,6,34,0,5,0,1
69456.12,Deposit,Grocery,18,75,1,4,0,1
13476.07,Refund,Utility,20,100,0,2,1,0
30179.82,Refund,Healthcare,4,60,0,3,0,0
26828.6,Deposit,Restaurant,19,88,0,4,0,0
79266.26,Withdrawal,ATM,18,85,0,5,1,1
31121.33,Withdrawal,Electronics,8,48,0,0,0,0
6283.18,Transfer,Entertainment,15,59,0,0,0,0
21981.28,Refund,Healthcare,23,34,0,3,1,0
21238.59,Deposit,Electronics,16,33,1,1,1,0
26449.93,Transfer,Utility,15,78,0,4,0,0
11295.65,Withdrawal,Electronics,16,83,1,1,0,0
66546.66,Transfer,ATM,22,16,0,3,0,1
2684.35,Withdrawal,ATM,5,83,1,0,0,0
3449.13,Refund,ATM,5,18,0,4,0,0
72293.67,Transfer,Fuel,16,52,0,5,0,1
47697.5,Payment,Utility,5,29,1,4,0,1
55348.88,Withdrawal,ATM,21,66,1,1,0,0
6603.35,Refund,ATM,2,30,1,3,0,0
10727.59,Withdrawal,Shopping,16,88,1,1,0,0
39597.62,Refund,ATM,1,69,0,0,1,0
22285.61,Refund,Shopping,0,100,1,4,1,0
35383.98,Purchase,Shopping,13,30,1,3,0,0
45974.95,Deposit,ATM,3,55,0,2,1,1
427.62,Purchase,Healthcare,19,70,1,2,0,0
22564.29,Deposit,Grocery,18,67,0,4,0,0
39129.4,Withdrawal,Travel,13,47,0,1,1,0
59508.74,Transfer,Healthcare,17,55,1,4,0,1
15301.28,Refund,Shopping,15,23,1,4,1,0
78651.64,Transfer,ATM,11,100,1,5,0,1
9728.21,Payment,Fuel,3,28,1,2,0,0
5379.63,Deposit,Grocery,2,19,1,4,1,0
74527.89,Transfer,Restaurant,11,11,0,5,1,1
26394.43,Transfer,ATM,1,100,0,5,1,0
36949.88,Withdrawal,Shopping,9,25,0,4,0,0
59809.35,Deposit,Grocery,11,31,0,1,0,1
49057.46,Transfer,Entertainment,12,76,0,4,0,1
36421.17,Transfer,Shopping,18,45,1,2,0,0
24487.36,Withdrawal,Utility,12,74,0,2,0,0
48196.24,Purchase,Shopping,2,65,1,2,0,0
46221.03,Transfer,Shopping,18,33,1,3,1,1
4146.5,Payment,Utility,18,4,1,0,0,0
57331.2,Deposit,Restaurant,21,90,0,2,1,1
4654.13,Transfer,Restaurant,9,12,1,5,0,0
11048.79,Withdrawal,Utility,10,46,0,4,0,0
54124.5,Deposit,Restaurant,15,95,0,1,0,1
72622.21,Withdrawal,ATM,11,20,0,0,0,1
29499.24,Refund,Grocery,15,48,1,3,0,0
28751.37,Refund,Healthcare,12,29,0,0,1,0
27486.04,Refund,Grocery,16,45,1,5,0,0
22827.74,Purchase,Shopping,14,41,0,0,0,0
14304.64,Purchase,Travel,11,79,1,1,0,0
12710.9,Payment,ATM,10,47,0,3,1,0
34327.44,Deposit,Travel,11,52,1,3,0,0
81001.69,Refund,Restaurant,3,93,1,1,1,1
8154.85,Deposit,Fuel,15,2,0,3,1,0
15133.34,Deposit,Shopping,17,93,1,3,0,0
73343.8,Refund,Grocery,12,13,0,0,0,1
20714.0,Payment,Travel,8,47,1,4,0,0
59629.06,Payment,Electronics,11,87,0,4,0,1
27878.75,Refund,Utility,23,58,0,3,0,0
52289.98,Withdrawal,Fuel,20,44,1,5,1,1
36362.56,Withdrawal,Travel,10,84,1,5,0,0
24897.94,Payment,Healthcare,14,100,1,5,1,0
56432.2,Withdrawal,Grocery,4,94,0,5,0,1
56213.94,Purchase,Restaurant,5,51,0,0,0,1
5150.24,Payment,Shopping,2,14,1,4,0,0
7963.5,Payment,Healthcare,7,32,1,3,0,0
28084.89,Withdrawal,Grocery,1,85,1,2,1,0
35490.77,Refund,Healthcare,17,57,0,5,0,0
32426.12,Payment,ATM,13,68,1,2,1,0
18284.02,Purchase,Utility,9,47,1,2,0,0
78996.27,Purchase,Shopping,4,45,1,3,0,1
11395.4,Transfer,Grocery,13,38,0,0,0,0
49722.77,Refund,Entertainment,12,32,0,5,1,1
24832.94,Deposit,Restaurant,16,98,1,2,0,0
37101.99,Purchase,Fuel,4,38,0,5,1,0
3072.96,Transfer,ATM,15,25,1,0,0,0
42940.24,Refund,Grocery,5,14,1,2,0,0
13109.57,Deposit,Grocery,7,12,0,0,1,0
19881.89,Payment,Healthcare,15,48,1,5,0,0
10978.06,Withdrawal,Grocery,8,100,1,0,1,0
14905.02,Transfer,Entertainment,0,16,0,3,1,0
28422.25,Purchase,Restaurant,14,95,0,4,0,0
15273.43,Deposit,Healthcare,10,21,0,5,0,0
64537.27,Deposit,Healthcare,6,47,0,5,0,1
634.9,Purchase,Fuel,8,75,0,3,0,0
14998.46,Purchase,ATM,22,61,0,2,0,0
3680.53,Payment,Electronics,21,80,1,5,0,0
14037.21,Deposit,Fuel,22,69,0,1,1,0
21554.23,Refund,Travel,14,94,0,0,1,0
32609.77,Withdrawal,Healthcare,1,63,1,4,0,0
16591.94,Payment,Restaurant,18,24,1,2,1,0
65433.55,Refund,Shopping,5,9,0,3,0,1
77445.16,Deposit,Shopping,12,94,0,0,0,1
36821.05,Deposit,Shopping,12,25,1,4,0,0
2722.26,Transfer,Entertainment,20,42,0,0,0,0
6015.34,Withdrawal,Fuel,1,26,0,3,0,0
13321.29,Refund,Entertainment,21,63,1,0,0,0
70110.9,Deposit,Electronics,0,27,1,0,1,1
44084.59,Payment,Travel,22,8,1,4,0,1
31946.5,Purchase,Restaurant,16,13,0,5,0,0
33549.57,Withdrawal,Restaurant,16,85,0,4,0,0
49684.61,Refund,Entertainment,23,14,1,5,1,1
32080.64,Withdrawal,Shopping,12,65,1,5,0,0
77664.05,Refund,Utility,11,41,1,2,1,1
21664.51,Refund,Restaurant,18,70,0,3,0,0
31104.8,Payment,Utility,12,1,0,2,0,0
46314.23,Transfer,Grocery,9,29,0,2,0,1
27676.15,Transfer,Shopping,16,72,0,0,0,0
62990.92,Withdrawal,Fuel,8,47,0,1,0,1
70930.46,Withdrawal,Electronics,23,42,1,1,1,1
4800.8,Purchase,ATM,20,39,0,5,1,0
44885.95,Purchase,Travel,11,56,1,0,0,0
31510.56,Refund,Grocery,20,100,1,0,0,0
9276.53,Transfer,Shopping,18,20,1,4,0,0
17458.0,Deposit,Entertainment,14,97,0,1,1,0
32934.33,Payment,Fuel,4,44,0,3,0,0
53914.88,Transfer,Electronics,12,65,1,5,0,1
16048.8,Payment,ATM,6,72,0,1,0,0
25470.08,Payment,Travel,21,74,0,0,1,0
89557.16,Transfer,Restaurant,10,45,0,2,0,1
77781.9,Payment,ATM,4,57,0,1,0,1
52138.27,Purchase,Electronics,23,7,0,4,0,1
1462.61,Purchase,Travel,22,15,1,3,1,0
37420.22,Withdrawal,Shopping,6,27,1,4,1,0
3700.59,Withdrawal,Grocery,12,75,0,2,0,0
4089.21,Withdrawal,ATM,8,7,1,5,0,0
17620.49,Deposit,Healthcare,21,85,1,0,0,0
53388.78,Deposit,Entertainment,7,49,0,2,1,1
67046.98,Refund,Utility,17,92,0,0,0,1
14248.67,Deposit,Fuel,0,45,1,2,0,0
56653.79,Refund,Healthcare,1,81,1,3,0,1
31291.0,Withdrawal,Fuel,10,51,0,0,1,0
34416.62,Deposit,ATM,20,88,0,3,0,0
12484.76,Payment,Healthcare,19,43,1,4,0,0
41343.07,Withdrawal,ATM,17,88,0,1,0,1
33484.68,Withdrawal,Entertainment,4,84,0,2,0,0
45949.56,Deposit,Electronics,5,41,0,5,0,1
6495.61,Payment,Entertainment,9,57,1,1,0,0
35822.01,Withdrawal,Grocery,19,79,1,4,0,0
83345.82,Withdrawal,Grocery,11,11,1,1,1,1
24574.49,Payment,Utility,4,21,0,1,0,0
10706.98,Purchase,Healthcare,13,29,0,1,0,0
25710.59,Payment,ATM,15,89,1,3,0,0
31286.88,Purchase,ATM,23,49,1,3,0,0
33506.29,Payment,Utility,1,32,1,5,0,0
52491.9,Refund,Grocery,6,38,1,3,0,1
5517.4,Transfer,ATM,1,89,0,3,1,0
19475.31,Refund,Electronics,5,100,0,3,1,0
15079.93,Purchase,Fuel,14,76,0,3,0,0
48838.79,Deposit,Fuel,22,94,0,0,0,1
2729.97,Deposit,Entertainment,23,66,0,3,1,0
10814.12,Withdrawal,Travel,18,85,0,1,0,0
17397.95,Deposit,Grocery,13,40,1,5,1,0
831.25,Withdrawal,Electronics,4,26,0,4,0,0
35372.85,Payment,Utility,17,1,1,1,0,0
14758.32,Payment,Utility,13,57,0,4,0,0
8980.54,Refund,Healthcare,19,81,0,0,0,0
19933.55,Deposit,Travel,1,19,0,5,0,0
36704.28,Purchase,Grocery,3,54,0,1,0,0
58468.25,Deposit,ATM,18,72,0,3,0,1
17640.68,Transfer,Entertainment,2,98,1,4,0,0
31526.31,Withdrawal,Electronics,22,36,1,4,1,0
29071.41,Deposit,Restaurant,19,8,0,4,0,0
15653.64,Deposit,ATM,22,37,1,4,0,0
29601.02,Refund,ATM,11,17,1,4,1,0
7180.61,Withdrawal,ATM,7,91,1,1,0,0
20094.16,Payment,Electronics,23,27,1,3,0,0
15339.61,Refund,Restaurant,0,82,0,5,0,0
41181.56,Purchase,Healthcare,9,65,1,0,0,0
19897.84,Transfer,Entertainment,23,73,0,1,0,0
37669.31,Transfer,Utility,15,5,0,3,0,0
33940.06,Refund,Travel,14,53,0,4,0,0
47992.17,Deposit,Travel,17,69,0,1,0,1
37628.0,Transfer,Electronics,4,36,0,2,1,0
51889.16,Withdrawal,ATM,19,50,0,4,0,1
29873.56,Deposit,Travel,22,5,1,3,0,0
10583.26,Withdrawal,Travel,14,39,0,4,0,0
47961.61,Transfer,Grocery,6,12,1,4,0,1
46191.94,Withdrawal,Restaurant,10,62,1,2,0,0
27616.17,Purchase,Shopping,21,17,0,5,0,0
20064.06,Deposit,Shopping,3,1,1,0,0,0
38367.17,Purchase,Electronics,16,99,1,0,0,0
46389.95,Withdrawal,Travel,6,25,1,2,0,0
1013.88,Deposit,Electronics,8,20,0,2,0,0
33007.0,Refund,Shopping,16,14,0,4,0,0
18751.52,Transfer,Fuel,22,37,0,1,0,0
62261.98,Transfer,Shopping,14,7,0,0,1,1
18815.2,Purchase,Entertainment,12,23,1,4,0,0
5665.68,Withdrawal,Shopping,2,97,1,4,0,0
28285.7,Deposit,Utility,3,59,1,5,1,0
80495.04,Withdrawal,Fuel,19,34,1,3,0,1
21151.31,Transfer,Utility,15,4,0,3,0,0
30526.18,Payment,Fuel,9,99,1,4,0,0
24108.91,Payment,Electronics,10,72,0,2,1,0
4056.99,Payment,Restaurant,19,32,0,3,1,0
10467.82,Withdrawal,ATM,13,56,1,4,0,0
19590.15,Deposit,Electronics,23,92,1,0,1,0
41161.97,Purchase,Utility,5,40,1,0,0,0
49040.31,Refund,Entertainment,10,64,0,0,0,1
23459.96,Deposit,Grocery,4,85,0,3,0,0
55118.25,Refund,Utility,6,27,1,2,0,0
50873.44,Payment,Travel,2,75,0,4,1,1
6670.93,Purchase,Travel,17,7,0,5,0,0
64583.55,Transfer,Grocery,7,56,1,5,0,1
63775.6,Withdrawal,Fuel,15,18,0,4,1,1
8725.35,Transfer,Fuel,4,2,0,5,0,0
51623.15,Payment,Entertainment,4,11,0,5,1,1
33167.8,Deposit,ATM,13,80,0,3,1,0
34718.52,Payment,Entertainment,11,29,0,3,0,0
2104.37,Deposit,Restaurant,22,65,1,3,0,0
77858.35,Purchase,ATM,15,91,1,0,1,1
14789.36,Refund,Healthcare,14,67,0,4,0,0
54224.76,Deposit,Electronics,21,82,1,4,0,1
57638.82,Payment,Shopping,15,74,1,3,0,1
3778.92,Transfer,Fuel,1,89,1,5,0,0
57906.7,Payment,ATM,5,74,0,5,0,1
36986.29,Purchase,Fuel,16,10,1,2,0,0
54616.88,Transfer,Healthcare,0,95,0,4,0,1
29146.62,Deposit,Utility,11,23,1,5,0,0
50273.09,Refund,Grocery,10,11,0,4,0,1
12730.32,Payment,Entertainment,7,85,1,5,0,0
10139.26,Deposit,Travel,1,83,1,0,0,0
28527.92,Payment,Utility,9,61,0,3,1,0
40741.75,Withdrawal,Shopping,13,2,1,3,1,1
20164.55,Deposit,Grocery,3,69,1,3,0,0
53771.66,Transfer,Electronics,8,84,1,3,0,1
49918.2,Transfer,Fuel,10,71,0,5,0,1
2139.1,Purchase,Utility,11,29,1,2,0,0
83539.84,Refund,Electronics,1,77,0,4,0,1
15274.81,Withdrawal,Entertainment,21,98,0,0,0,0
15514.46,Payment,Electronics,20,59,1,3,0,0
15568.49,Purchase,Healthcare,1,49,1,2,0,0
10788.69,Transfer,Fuel,14,9,1,1,1,0
54765.29,Payment,Electronics,4,70,1,1,0,0
67396.56,Deposit,Healthcare,3,5,0,0,0,1
42033.31,Deposit,Grocery,1,86,1,2,0,1
24294.37,Refund,Grocery,16,91,1,3,1,0
7360.1,Deposit,Electronics,17,29,0,3,1,0
37973.12,Refund,Travel,10,88,1,3,0,0
54140.42,Deposit,Electronics,11,69,1,0,1,1
61166.75,Refund,Grocery,12,85,0,2,1,1
1619.34,Purchase,Utility,23,25,0,0,0,0
30031.08,Refund,Restaurant,15,50,0,4,0,0
24389.92,Payment,Grocery,1,44,0,2,0,0
55496.47,Withdrawal,Shopping,14,87,0,5,0,1
960.48,Deposit,Grocery,15,80,0,1,0,0
81786.17,Deposit,Grocery,9,13,1,4,0,1
25630.07,Purchase,Utility,19,79,0,0,0,0
60097.67,Deposit,Entertainment,10,16,0,2,0,1
33249.12,Purchase,Healthcare,4,97,1,1,0,0
66913.54,Payment,Restaurant,18,6,0,0,1,1
73792.16,Purchase,Grocery,5,12,1,3,1,1
35816.69,Refund,Utility,13,31,0,4,0,0
373.75,Deposit,Utility,19,12,1,2,1,0
51777.59,Withdrawal,Restaurant,3,68,0,4,0,1
11703.77,Refund,Restaurant,14,99,0,2,0,0
3336.25,Withdrawal,Utility,15,23,0,5,0,0
2694.72,Transfer,Healthcare,6,56,1,2,1,0
30942.73,Deposit,Grocery,17,23,0,0,1,0
44850.5,Purchase,Restaurant,23,57,1,3,0,1
54929.82,Withdrawal,Electronics,10,30,0,1,1,1
55680.44,Payment,ATM,15,7,1,1,0,0
37958.06,Payment,Fuel,12,48,0,3,0,0
16908.19,Transfer,Restaurant,10,17,0,5,0,0
80529.61,Purchase,Utility,14,54,0,2,0,1
89804.9,Deposit,ATM,5,74,0,0,1,1
59728.32,Refund,Utility,14,36,0,5,1,1
2499.51,Refund,Restaurant,18,20,0,3,0,0
27201.24,Payment,Shopping,1,55,1,3,0,0
58310.57,Withdrawal,Electronics,17,97,0,5,1,1
51489.53,Deposit,Electronics,0,62,1,1,1,1
11178.25,Purchase,Utility,14,99,0,5,1,0
23154.27,Transfer,Utility,22,82,0,5,0,0
70885.32,Deposit,Travel,16,5,1,3,0,1
61451.59,Withdrawal,Electronics,19,43,0,4,0,1
33689.42,Refund,Grocery,11,47,0,5,0,0
44269.07,Withdrawal,Fuel,10,31,0,5,1,1
64031.81,Deposit,Restaurant,23,98,0,2,0,1
28262.81,Purchase,Electronics,11,45,1,3,0,0
11382.38,Refund,Shopping,9,58,1,5,0,0
6650.96,Payment,Electronics,2,51,0,2,0,0
31289.19,Transfer,Electronics,22,19,1,1,0,0
25265.79,Deposit,Grocery,9,54,0,3,0,0
60114.48,Deposit,Grocery,9,25,0,0,0,1
27534.62,Refund,Travel,20,83,1,3,1,0
22376.95,Refund,Fuel,9,22,1,1,1,0
37155.95,Transfer,Grocery,4,46,1,3,0,0
9759.16,Withdrawal,Shopping,9,24,0,5,0,0
22243.36,Purchase,Grocery,10,74,0,3,0,0
22437.6,Withdrawal,Shopping,22,5,1,2,0,0
55871.03,Refund,Fuel,17,39,0,0,1,1
28487.25,Payment,Travel,4,1,1,5,0,0
43925.27,Transfer,ATM,21,19,1,2,0,0
24157.63,Purchase,Fuel,21,71,0,2,0,0
35047.54,Withdrawal,Utility,11,12,1,0,0,0
40656.1,Withdrawal,Healthcare,6,3,0,4,1,1
54515.97,Refund,Entertainment,6,63,1,4,0,1
21146.17,Payment,Travel,12,48,0,2,0,0
81255.28,Payment,Shopping,2,28,1,5,1,1
18263.55,Payment,Entertainment,4,76,0,1,0,0
24626.69,Refund,Travel,2,76,1,0,0,0
12035.53,Transfer,Entertainment,5,72,1,5,0,0
29696.62,Payment,Healthcare,17,63,0,2,0,0
18080.15,Deposit,Utility,7,4,0,1,0,0
29564.0,Deposit,Utility,3,84,1,3,0,0
35973.59,Deposit,Restaurant,0,16,1,3,0,0
58458.1,Transfer,ATM,15,73,1,2,1,1
34941.1,Transfer,Shopping,23,74,0,2,0,0
3268.01,Withdrawal,Travel,14,89,0,2,0,0
31823.78,Transfer,Entertainment,20,46,0,2,0,0
32668.37,Purchase,Shopping,6,99,0,0,0,0
68317.68,Transfer,Healthcare,8,88,1,0,0,1
9357.84,Transfer,Utility,13,44,0,0,0,0
54970.27,Withdrawal,Restaurant,17,79,0,3,1,1
79361.53,Purchase,Utility,11,40,1,1,1,1
13419.24,Transfer,Fuel,22,39,0,5,0,0
7900.07,Deposit,Fuel,22,30,1,1,0,0
46504.07,Purchase,Entertainment,22,98,0,0,0,1
58574.06,Purchase,Restaurant,3,5,0,3,0,1
11168.43,Purchase,Electronics,3,78,0,4,0,0
21196.98,Transfer,Grocery,2,19,1,4,0,0
31777.44,Refund,ATM,7,65,0,0,0,0
55461.5,Deposit,Restaurant,9,22,0,5,0,1
10932.83,Deposit,Utility,11,90,0,3,0,0
65965.58,Transfer,Entertainment,13,28,0,3,0,1
33472.21,Refund,Fuel,15,98,1,5,0,0
27471.05,Purchase,Electronics,10,64,0,3,0,0
17506.3,Deposit,Healthcare,21,57,0,4,1,0
59923.53,Payment,Restaurant,2,61,1,1,0,0
23749.21,Payment,Electronics,12,57,0,0,0,0
71773.24,Deposit,ATM,3,95,0,0,0,1
45402.55,Payment,Electronics,7,55,1,2,0,0
8927.71,Deposit,Entertainment,11,61,1,3,0,0
37739.42,Payment,Electronics,3,33,1,3,0,0
40718.64,Withdrawal,Grocery,3,95,0,0,1,1
68397.7,Payment,ATM,21,42,0,2,0,1
32592.04,Payment,Utility,6,38,1,3,0,0
23079.43,Refund,Shopping,0,98,0,3,0,0
33444.33,Transfer,Entertainment,14,59,0,0,0,0
29298.55,Transfer,Fuel,15,56,0,2,1,0
30450.43,Purchase,ATM,21,63,1,3,0,0
47764.08,Payment,Healthcare,15,76,1,4,0,1
62125.8,Refund,Grocery,4,47,1,5,0,1
14932.07,Payment,Travel,11,53,1,0,0,0
20321.9,Deposit,Healthcare,18,11,0,2,0,0
34126.16,Purchase,Shopping,10,5,1,5,1,0
62563.54,Payment,Healthcare,0,90,1,4,0,1
30215.83,Refund,Electronics,15,13,0,2,1,0
12185.34,Deposit,Travel,5,79,1,2,1,0
17909.48,Deposit,Electronics,17,28,1,2,0,0
35552.69,Refund,Entertainment,7,80,0,5,0,0
20904.26,Transfer,Electronics,18,68,1,3,0,0
12084.61,Purchase,Healthcare,16,39,1,5,0,0
68230.09,Payment,Healthcare,19,66,1,5,0,1
56084.69,Withdrawal,ATM,15,28,1,2,1,1
9113.31,Purchase,Shopping,6,47,1,1,0,0
50773.42,Deposit,Healthcare,13,53,1,0,0,0
24411.37,Transfer,Healthcare,20,21,1,5,0,0
29174.4,Purchase,Fuel,6,4,0,2,1,0
8272.19,Payment,Entertainment,20,5,0,1,0,0
57830.83,Transfer,Healthcare,21,71,0,5,0,1
40333.16,Purchase,Travel,19,39,0,3,0,1
29837.42,Payment,Fuel,7,15,0,4,0,0
48369.91,Purchase,Restaurant,19,16,1,2,1,1
26424.58,Payment,Restaurant,4,14,0,1,0,0
19057.75,Transfer,ATM,1,63,1,5,0,0
28565.78,Payment,Utility,21,32,1,1,0,0
41471.88,Transfer,Healthcare,0,83,0,5,0,1
69070.98,Withdrawal,Healthcare,17,50,1,5,0,1
5505.99,Withdrawal,Utility,12,2,1,2,0,0
52780.09,Withdrawal,Healthcare,6,21,1,5,0,1
64006.47,Payment,Grocery,8,11,1,3,1,1
36166.74,Purchase,Fuel,22,34,0,2,1,0
37846.36,Refund,Travel,14,89,0,0,0,0
18891.94,Deposit,Fuel,0,52,0,5,0,0
66526.45,Purchase,Electronics,5,32,0,4,1,1
5155.5,Deposit,Fuel,8,23,1,2,0,0
73198.23,Transfer,Fuel,12,49,0,0,0,1
37118.44,Purchase,Utility,6,34,0,0,1,0
945.48,Refund,Healthcare,4,12,1,1,0,0
83787.15,Refund,Entertainment,14,87,1,0,0,1
89784.34,Transfer,Healthcare,23,64,1,1,1,1
17482.56,Transfer,Restaurant,13,24,1,1,0,0
5235.75,Transfer,Restaurant,19,58,0,2,1,0
42828.82,Payment,Fuel,10,89,1,5,0,1
3221.55,Deposit,ATM,8,10,0,4,0,0
30322.07,Withdrawal,Utility,11,78,0,0,0,0
34871.17,Payment,Healthcare,12,86,1,1,0,0
5469.91,Transfer,Fuel,16,64,1,3,0,0
2745.31,Deposit,Shopping,13,19,1,0,0,0
82331.51,Withdrawal,Utility,8,96,1,3,0,1
83386.51,Transfer,Shopping,10,56,0,2,1,1
11070.17,Deposit,Utility,1,25,0,0,0,0
59712.58,Payment,Healthcare,5,91,1,3,0,1
6838.2,Purchase,Utility,11,91,1,3,1,0
10921.23,Deposit,Fuel,3,45,0,1,0,0
31608.32,Withdrawal,Shopping,8,73,0,4,0,0
75659.06,Refund,Fuel,13,10,0,3,0,1
1829.58,Deposit,Electronics,12,48,0,2,0,0
19832.67,Payment,Utility,14,81,1,4,0,0
80916.61,Purchase,ATM,14,42,0,1,0,1
15384.32,Deposit,Electronics,17,78,1,0,1,0
78865.14,Withdrawal,Entertainment,2,3,0,1,1,1
61156.99,Deposit,Fuel,3,39,1,3,0,1
28638.74,Purchase,Travel,16,26,1,3,1,0
26102.94,Refund,ATM,13,12,1,2,0,0
38891.88,Payment,Electronics,1,66,1,3,0,0
26297.6,Deposit,Fuel,15,68,0,2,1,0
17799.35,Payment,Healthcare,4,17,1,1,1,0
24839.86,Purchase,Shopping,2,6,0,4,1,0
78323.23,Payment,ATM,8,46,1,4,0,1
71424.38,Payment,Fuel,5,51,0,0,1,1
11186.73,Payment,Utility,19,34,1,1,0,0
450.24,Deposit,ATM,8,87,0,3,0,0
52139.95,Purchase,Grocery,5,84,1,3,1,1
51080.13,Refund,Utility,9,80,1,5,1,1
28918.92,Withdrawal,Electronics,0,90,0,0,0,0
63984.57,Withdrawal,Restaurant,13,81,0,0,0,1
1275.7,Purchase,Fuel,4,95,1,3,1,0
3150.24,Payment,ATM,7,26,1,4,1,0
69943.7,Purchase,Electronics,20,92,1,3,1,1
13991.16,Transfer,Grocery,15,52,1,4,1,0
16144.15,Purchase,Shopping,0,55,1,4,0,0
26954.69,Deposit,Entertainment,15,15,1,4,0,0
26342.83,Payment,Grocery,5,37,0,3,0,0
7956.4,Refund,Restaurant,18,88,1,4,1,0
37348.36,Transfer,Entertainment,13,87,1,3,0,0
9463.21,Transfer,Electronics,21,62,0,1,0,0
33454.15,Payment,Electronics,13,64,1,1,0,0
50128.62,Purchase,Travel,8,46,0,1,0,1
47114.66,Withdrawal,Electronics,17,29,1,2,0,0
65571.1,Purchase,Shopping,8,20,0,5,0,1
30487.61,Purchase,Electronics,19,79,0,4,0,0
42518.99,Withdrawal,Electronics,6,47,0,5,0,1
7466.71,Payment,Electronics,4,83,1,2,0,0
20545.07,Withdrawal,Utility,13,99,0,1,1,0
21702.54,Refund,Fuel,2,35,1,5,1,0
63418.92,Deposit,Restaurant,4,97,1,1,0,1
46232.1,Payment,Shopping,21,47,0,3,0,1
26100.93,Refund,Electronics,2,44,1,3,0,0
58666.21,Payment,Grocery,21,83,0,4,0,1
60487.08,Deposit,Shopping,9,54,1,5,0,1
72818.44,Transfer,Shopping,19,19,1,3,0,1
2314.51,Payment,Travel,20,52,0,2,0,0
12902.7,Transfer,Entertainment,23,93,0,4,0,0
1502.96,Refund,Shopping,9,67,1,5,0,0
59218.59,Refund,ATM,8,31,1,5,1,1
45417.94,Transfer,Healthcare,20,65,1,0,0,0
58978.74,Purchase,Utility,9,74,0,3,0,1
17143.68,Refund,ATM,22,81,0,2,0,0
6403.09,Deposit,ATM,21,18,1,4,0,0
8878.54,Refund,ATM,6,100,1,3,0,0
28627.56,Payment,Entertainment,2,12,0,3,0,0
73640.75,Payment,Electronics,11,87,1,4,1,1
29137.39,Payment,Utility,23,54,0,1,0,0
27380.4,Payment,Fuel,22,66,0,5,0,0
6709.14,Purchase,Fuel,17,48,0,4,1,0
18364.98,Transfer,ATM,9,6,0,0,0,0
87156.93,Transfer,Healthcare,9,63,0,1,0,1
32897.48,Transfer,Healthcare,6,24,1,0,0,0
54027.21,Purchase,Grocery,13,62,1,4,1,1
51704.22,Payment,ATM,4,98,0,4,1,1
54024.64,Deposit,Travel,2,80,1,3,0,1
34362.49,Deposit,Utility,23,36,0,1,0,0
11626.36,Deposit,Healthcare,17,83,0,5,0,0
45839.88,Refund,Shopping,18,97,0,4,0,1
49798.46,Deposit,Shopping,5,3,1,1,0,0
29539.24,Refund,Utility,2,69,1,3,0,0
22982.46,Purchase,Travel,13,24,1,0,0,0
11041.87,Purchase,Electronics,3,70,0,2,0,0
10969.32,Purchase,Fuel,9,53,0,0,0,0
24828.09,Deposit,Grocery,9,50,0,2,0,0
67184.07,Transfer,Healthcare,12,16,0,1,0,1
33231.95,Refund,Entertainment,3,35,0,2,1,0
33289.11,Purchase,Utility,0,53,0,0,0,0
26814.34,Refund,Electronics,7,98,0,2,1,0
64068.86,Deposit,Shopping,6,19,1,4,0,1
39218.23,Refund,Utility,1,1,1,4,0,0
60813.81,Withdrawal,Grocery,1,62,1,4,0,1
44377.06,Deposit,Restaurant,18,66,1,0,0,0
49846.84,Refund,Electronics,9,12,1,5,0,1
38146.68,Transfer,Entertainment,6,79,1,5,0,0
27641.98,Deposit,Utility,8,32,1,2,0,0
36566.33,Refund,Travel,0,89,0,5,0,0
80428.74,Purchase,Grocery,21,23,1,4,1,1
21244.38,Deposit,Electronics,17,4,1,5,0,0
7573.36,Payment,ATM,11,50,0,5,0,0
76913.9,Transfer,Restaurant,14,2,0,5,0,1
14132.05,Withdrawal,Electronics,19,81,1,5,0,0
527.41,Payment,Travel,1,36,1,5,0,0
39624.32,Deposit,Entertainment,3,36,1,1,0,0
87010.35,Refund,ATM,18,23,0,4,0,1
68982.37,Withdrawal,Shopping,23,36,0,5,0,1
82995.37,Transfer,Shopping,14,1,1,5,0,1
31083.69,Payment,Healthcare,3,88,1,3,0,0
19042.89,Purchase,Restaurant,1,36,1,4,1,0
58687.93,Payment,Restaurant,10,11,0,5,0,1
1769.58,Withdrawal,Restaurant,5,43,1,0,0,0
6559.66,Payment,Grocery,18,81,1,2,0,0
71052.05,Withdrawal,Travel,1,43,0,0,1,1
81107.42,Purchase,Grocery,1,49,1,5,0,1
58271.25,Purchase,Healthcare,19,81,1,0,0,1
27259.33,Payment,Entertainment,3,80,1,1,0,0
27299.2,Payment,Entertainment,19,80,0,2,0,0
35613.9,Transfer,ATM,6,14,0,0,0,0
28935.82,Withdrawal,ATM,4,82,1,2,1,0
7748.08,Refund,Utility,5,32,0,0,0,0
8929.8,Refund,Entertainment,16,84,1,2,0,0
3533.33,Transfer,ATM,10,38,1,0,0,0
38469.23,Refund,Shopping,1,55,1,1,0,0
36025.76,Withdrawal,Electronics,10,25,1,5,1,0
9820.57,Transfer,ATM,18,43,1,3,0,0
54591.23,Payment,Grocery,15,29,0,5,0,1
49582.45,Payment,Travel,23,49,0,3,0,1
11744.77,Transfer,Grocery,17,15,0,2,1,0
10531.38,Refund,Travel,1,4,0,1,0,0
1387.37,Transfer,Fuel,10,71,0,1,0,0
20369.16,Transfer,Electronics,0,87,0,3,0,0
56475.59,Withdrawal,Healthcare,14,31,1,2,0,0
62018.8,Refund,Entertainment,22,9,0,1,0,1
51685.51,Transfer,Travel,19,55,0,0,0,1
12633.33,Withdrawal,Grocery,20,36,0,4,1,0
67912.13,Purchase,Utility,21,79,0,1,1,1
31575.99,Payment,Shopping,14,23,1,5,0,0
12511.26,Payment,Utility,15,35,1,5,0,0
87097.45,Withdrawal,Utility,7,51,0,2,1,1
26725.87,Transfer,Healthcare,17,11,0,0,0,0
25623.53,Transfer,Restaurant,18,6,1,4,0,0
23004.02,Payment,Entertainment,13,48,1,2,0,0
17741.62,Withdrawal,Utility,7,34,0,2,0,0
5994.71,Refund,Shopping,17,83,0,2,0,0
78534.51,Purchase,Travel,1,70,0,2,0,1
611.18,Deposit,Healthcare,6,91,0,5,0,0
28373.04,Transfer,Healthcare,11,52,1,4,0,0
28518.85,Refund,Fuel,12,30,0,5,0,0
20505.51,Refund,ATM,17,97,1,5,1,0
27053.32,Purchase,Travel,6,55,1,1,1,0
30038.03,Refund,Grocery,11,18,0,2,0,0
58483.67,Deposit,Travel,10,29,1,3,1,1
34134.63,Refund,Grocery,18,5,0,1,0,0
3916.18,Refund,ATM,18,51,1,1,1,0
38376.3,Payment,Restaurant,15,14,1,4,1,0
1707.63,Transfer,Electronics,5,14,0,0,1,0
39608.24,Withdrawal,Electronics,12,37,0,1,0,0
52066.6,Purchase,Utility,1,48,0,1,0,1
23400.67,Purchase,Fuel,17,54,1,5,0,0
9611.0,Withdrawal,Fuel,6,40,1,5,1,0
545.85,Refund,Healthcare,18,26,1,2,0,0
54627.12,Withdrawal,Utility,2,52,0,4,0,1
20872.23,Payment,Utility,18,6,0,2,1,0
10856.73,Deposit,Healthcare,12,79,0,3,0,0
23673.72,Refund,Entertainment,14,50,0,5,0,0
41912.84,Purchase,Restaurant,5,36,1,5,0,1
80077.98,Withdrawal,Utility,13,98,0,2,0,1
27783.83,Payment,Utility,5,33,0,4,0,0
2362.7,Purchase,Utility,12,44,1,1,1,0
29137.08,Transfer,Electronics,22,18,1,5,1,0
8501.32,Purchase,Electronics,17,85,0,5,1,0
7536.67,Transfer,Fuel,5,3,0,1,0,0
9294.44,Deposit,Entertainment,5,10,0,5,0,0
26579.28,Transfer,Fuel,6,92,0,5,0,0
26694.8,Purchase,Shopping,20,85,0,3,0,0
22541.22,Refund,Grocery,1,99,1,1,0,0
20293.29,Withdrawal,Restaurant,2,3,1,0,0,0
2736.35,Withdrawal,Electronics,7,13,0,5,0,0
64254.61,Refund,Electronics,10,42,0,4,0,1
24188.16,Withdrawal,Restaurant,3,46,1,1,0,0
39511.91,Transfer,Grocery,12,28,1,1,0,0
18161.9,Transfer,ATM,11,6,0,1,1,0
36032.04,Refund,Utility,3,92,0,2,0,0
38157.67,Deposit,Entertainment,21,99,0,2,0,0
36551.15,Deposit,Travel,21,62,0,2,0,0
14033.09,Refund,Utility,12,66,0,4,0,0
3689.39,Refund,Electronics,9,31,1,1,0,0
38558.13,Transfer,Utility,9,26,0,3,0,0
19120.57,Withdrawal,ATM,14,95,1,1,0,0
55901.2,Purchase,Shopping,13,83,1,0,0,1
31336.17,Refund,Grocery,21,32,0,4,1,0
89640.57,Withdrawal,Utility,20,1,0,3,0,1
25631.76,Withdrawal,Fuel,2,23,0,1,0,0
10668.49,Payment,Healthcare,5,93,0,1,1,0
16384.46,Withdrawal,Healthcare,9,74,1,5,0,0
26538.43,Payment,Electronics,11,51,1,1,1,0
48745.48,Refund,ATM,23,56,0,3,0,1
27872.71,Transfer,ATM,17,20,0,2,1,0
8285.72,Payment,Healthcare,12,72,1,0,0,0
29538.08,Payment,Restaurant,4,25,0,0,0,0
38498.82,Payment,Entertainment,23,48,1,3,0,0
11734.27,Refund,Electronics,13,5,0,3,0,0
86693.34,Payment,Healthcare,23,45,1,5,0,1
56759.88,Deposit,Restaurant,7,62,0,2,0,1
86259.73,Payment,Fuel,8,32,0,0,0,1
58599.88,Payment,ATM,2,67,0,3,0,1
6645.52,Refund,Entertainment,18,40,1,5,0,0
52577.94,Refund,Travel,4,35,0,5,1,1
39305.82,Payment,Grocery,3,9,1,4,1,0
11961.43,Deposit,Entertainment,5,23,1,1,0,0
3633.03,Withdrawal,Shopping,3,58,0,1,0,0
58190.65,Withdrawal,Restaurant,8,53,1,5,0,1
28726.04,Payment,Electronics,8,9,1,0,0,0
5900.83,Deposit,Electronics,0,8,1,0,0,0
60144.76,Refund,Grocery,12,78,1,3,1,1
22768.3,Deposit,Travel,10,31,1,5,1,0
43540.69,Purchase,Travel,10,13,0,3,1,1
22168.95,Withdrawal,Grocery,19,16,1,5,0,0
1096.16,Refund,Utility,16,53,0,0,0,0
24069.89,Transfer,Grocery,23,42,1,1,1,0
53778.46,Refund,Electronics,11,55,1,5,0,1
75287.8,Withdrawal,Shopping,18,92,0,1,1,1
14677.02,Refund,Utility,5,58,0,3,0,0
54168.65,Withdrawal,Electronics,3,56,0,1,0,1
67138.15,Withdrawal,Healthcare,21,61,0,5,0,1
22682.92,Deposit,Travel,7,74,0,5,0,0
15619.73,Deposit,Entertainment,20,83,1,1,0,0
61548.17,Transfer,Electronics,3,12,1,5,0,1
35444.58,Transfer,Entertainment,18,95,0,2,0,0
31233.11,Withdrawal,Entertainment,13,41,1,5,0,0
19023.98,Refund,ATM,7,14,1,0,1,0
8837.65,Transfer,Restaurant,15,88,1,1,0,0
16479.81,Deposit,Grocery,19,41,1,4,0,0
89151.43,Deposit,ATM,15,81,0,3,0,1
55397.16,Transfer,Fuel,22,27,0,5,0,1
20310.87,Payment,Entertainment,9,85,0,0,1,0
31717.88,Deposit,Utility,11,97,1,3,0,0
19472.77,Transfer,Healthcare,22,25,1,0,0,0
34671.73,Refund,Grocery,22,39,1,5,0,0
77668.09,Payment,Utility,9,19,0,1,0,1
88837.14,Refund,Electronics,21,19,1,3,0,1
63179.73,Withdrawal,Grocery,3,66,1,4,1,1
39202.54,Purchase,Electronics,7,51,1,2,0,0
22102.65,Payment,Electronics,14,84,1,2,1,0
1479.3,Purchase,Electronics,2,16,1,5,0,0
23099.2,Refund,ATM,15,36,0,4,0,0
3903.55,Deposit,Entertainment,9,74,0,0,0,0
3929.51,Refund,Fuel,12,90,0,3,1,0
10921.78,Refund,Shopping,22,84,0,1,0,0
2444.68,Refund,Fuel,0,72,1,2,0,0
89096.78,Refund,Restaurant,20,21,0,4,0,1
14975.39,Refund,Healthcare,11,70,0,3,0,0
89370.88,Purchase,Shopping,9,85,1,1,1,1
39790.76,Transfer,ATM,17,66,0,5,0,0
57449.63,Purchase,Restaurant,1,25,0,2,0,1
15714.4,Transfer,Healthcare,4,94,1,0,0,0
56417.94,Deposit,Fuel,12,59,0,2,1,1
33862.17,Deposit,Healthcare,20,90,0,5,0,0
59547.69,Deposit,Shopping,19,21,1,1,0,0
7564.81,Payment,Entertainment,0,78,0,0,0,0
21832.89,Purchase,Shopping,13,9,1,5,0,0
22691.64,Transfer,Healthcare,4,29,1,0,0,0
35370.74,Withdrawal,Entertainment,3,16,0,4,0,0
36487.27,Payment,Electronics,16,45,1,4,0,0
80493.63,Purchase,Fuel,10,97,1,1,0,1
41230.84,Refund,ATM,12,62,0,2,0,1
42479.39,Deposit,Fuel,4,49,1,0,0,0
59176.15,Withdrawal,ATM,13,91,1,1,1,1
59073.16,Refund,Healthcare,8,55,0,2,0,1
34561.47,Purchase,Electronics,2,94,0,0,0,0
28831.39,Purchase,Healthcare,17,64,0,3,0,0
54662.1,Refund,Shopping,22,16,1,0,0,0
36481.68,Deposit,Grocery,22,55,1,1,0,0
30869.7,Withdrawal,Shopping,7,23,0,2,0,0
20343.72,Purchase,Entertainment,15,49,0,2,0,0
29039.17,Deposit,Restaurant,17,99,0,2,0,0
55753.63,Transfer,Restaurant,0,95,1,1,0,1
452.88,Refund,Grocery,14,80,1,0,0,0
60953.95,Payment,Travel,9,46,0,0,0,1
24702.07,Purchase,Entertainment,15,26,0,4,0,0
23781.99,Payment,Grocery,4,99,1,1,1,0
39411.15,Transfer,Travel,13,24,1,0,1,0
53026.22,Payment,Fuel,4,46,1,0,0,0
23733.31,Deposit,Restaurant,3,25,1,0,0,0
7215.66,Deposit,Travel,1,21,0,3,0,0
30161.33,Payment,Shopping,15,88,0,2,1,0
9416.97,Deposit,Entertainment,4,15,0,0,0,0
25836.94,Refund,Grocery,21,31,0,5,0,0
5048.63,Refund,Grocery,13,62,1,2,1,0
46026.98,Payment,Restaurant,19,20,0,1,0,1
53153.47,Deposit,Restaurant,21,55,0,3,0,1
16504.31,Refund,Fuel,7,16,0,3,0,0
22883.12,Withdrawal,Fuel,13,3,0,0,0,0
25621.94,Refund,Healthcare,22,82,0,1,0,0
16227.84,Purchase,Shopping,13,83,0,2,0,0
10986.92,Transfer,Travel,22,54,0,2,0,0
28376.28,Purchase,Grocery,21,96,1,1,0,0
20123.5,Refund,Electronics,13,24,1,3,0,0
80046.37,Purchase,Electronics,21,2,0,2,0,1
5325.15,Refund,ATM,11,31,1,1,1,0
11656.36,Purchase,Fuel,20,96,0,0,0,0
77434.63,Payment,Electronics,2,70,1,2,1,1
77279.66,Purchase,Fuel,6,54,1,4,0,1
47045.04,Payment,Electronics,15,54,0,1,0,1
10014.54,Refund,Grocery,22,25,1,3,0,0
12494.78,Refund,Entertainment,17,100,1,3,0,0
30278.68,Purchase,Fuel,18,28,0,4,1,0
33173.84,Deposit,Shopping,8,39,0,2,0,0
38412.96,Withdrawal,Restaurant,1,69,0,2,0,0
183.86,Transfer,Fuel,8,7,0,1,0,0
72516.69,Transfer,ATM,11,42,0,5,0,1
10686.44,Transfer,Grocery,20,2,1,1,0,0
73180.33,Purchase,Shopping,21,100,0,5,1,1
12314.73,Refund,Shopping,6,57,0,2,0,0
22181.54,Deposit,Entertainment,4,58,0,5,1,0
11412.71,Payment,Electronics,15,24,1,1,0,0
53126.66,Payment,Fuel,20,37,0,2,0,1
14790.7,Deposit,ATM,6,9,0,0,1,0
36237.28,Deposit,Entertainment,3,93,0,5,0,0
8017.52,Payment,Entertainment,0,15,0,5,0,0
32587.97,Purchase,Healthcare,4,81,0,0,0,0
66550.88,Transfer,Electronics,6,18,1,4,1,1
1370.35,Withdrawal,Grocery,17,89,1,5,0,0
8595.92,Purchase,Electronics,17,38,0,4,1,0
39356.34,Withdrawal,Grocery,7,55,1,1,0,0
88040.99,Withdrawal,Entertainment,21,92,0,3,0,1
55406.84,Transfer,Travel,2,79,1,0,0,1
36016.73,Purchase,ATM,4,23,1,4,0,0
20968.3,Deposit,Entertainment,4,86,1,4,0,0
47352.48,Purchase,Healthcare,15,85,1,2,0,1
64235.39,Withdrawal,Fuel,10,19,1,3,1,1
46075.37,Deposit,Healthcare,4,12,1,1,0,0
36144.41,Transfer,Travel,15,55,1,5,1,0
33005.42,Deposit,Travel,4,84,0,3,1,0
34899.74,Refund,Shopping,15,69,0,3,0,0
14188.06,Payment,Shopping,18,100,0,5,0,0
3668.69,Purchase,Restaurant,0,47,1,1,0,0
14625.59,Transfer,Travel,4,38,1,1,1,0
22709.9,Withdrawal,Grocery,23,18,0,5,0,0
28661.91,Purchase,Entertainment,11,7,0,5,0,0
14778.24,Refund,Fuel,0,19,1,1,0,0
58477.85,Purchase,ATM,13,20,0,3,0,1
9437.65,Payment,Travel,14,83,0,2,0,0
750.97,Deposit,Grocery,19,97,0,4,0,0
52056.03,Payment,Utility,17,92,1,4,0,1
13212.49,Purchase,Shopping,12,17,0,3,0,0
39196.73,Withdrawal,Shopping,19,10,1,3,0,0
11764.36,Payment,Entertainment,5,7,1,5,1,0
17004.2,Purchase,Electronics,2,47,1,0,0,0
33146.31,Refund,Electronics,2,28,0,2,0,0
33867.99,Deposit,Grocery,7,35,0,4,0,0
58834.44,Payment,Grocery,1,41,0,2,0,1
58433.66,Payment,Shopping,6,41,1,5,0,1
1518.75,Purchase,Travel,13,95,0,4,0,0
40974.2,Payment,Utility,18,5,1,1,0,0
88365.03,Purchase,Electronics,22,30,0,5,0,1
20407.34,Refund,ATM,20,67,1,3,0,0
59820.87,Transfer,ATM,13,6,1,1,0,0
8643.09,Refund,Electronics,4,73,1,0,0,0
10266.09,Transfer,Shopping,2,64,0,3,0,0
4360.92,Transfer,Fuel,2,36,1,2,0,0
56395.79,Deposit,Utility,8,61,1,3,0,1
26505.58,Payment,Grocery,11,37,1,3,0,0
30405.95,Refund,ATM,10,48,0,5,1,0
51955.3,Transfer,Grocery,19,83,0,5,0,1
23354.56,Purchase,Healthcare,12,21,1,0,0,0
6636.23,Payment,Electronics,11,60,1,5,1,0
19790.37,Withdrawal,Electronics,12,99,1,1,1,0
6948.15,Transfer,Travel,19,63,0,5,1,0
19279.18,Payment,Grocery,17,20,1,1,0,0
12883.91,Purchase,ATM,12,8,1,3,1,0
5107.12,Withdrawal,Grocery,21,55,1,2,0,0
75134.0,Purchase,Healthcare,12,11,1,5,1,1
9955.54,Transfer,Fuel,1,12,1,2,0,0
21346.07,Transfer,Entertainment,15,61,0,5,1,0
19491.58,Deposit,ATM,12,2,0,0,0,0
88648.93,Deposit,Travel,0,20,1,1,1,1
38094.15,Payment,Healthcare,16,93,0,3,0,0
25268.55,Deposit,ATM,3,5,0,5,0,0
57147.38,Refund,Fuel,19,49,0,2,0,1
30174.9,Refund,Grocery,11,47,0,2,0,0
21197.45,Purchase,Utility,20,59,1,3,0,0
27583.53,Refund,Entertainment,16,98,1,0,0,0
22955.64,Transfer,Fuel,17,77,0,4,1,0
5469.31,Deposit,Entertainment,20,37,0,0,0,0
38048.16,Purchase,ATM,13,14,1,5,0,0
13450.47,Refund,ATM,1,86,1,3,0,0
21101.76,Payment,Shopping,12,15,0,3,0,0
57042.41,Payment,Entertainment,20,91,1,0,0,1
2057.21,Deposit,Healthcare,9,54,0,0,1,0
57553.72,Purchase,Fuel,11,67,1,2,0,0
49730.14,Payment,Restaurant,17,51,0,4,1,1
24246.83,Refund,Entertainment,4,82,1,5,0,0
30305.0,Transfer,Shopping,5,56,0,0,0,0
56927.15,Deposit,ATM,12,98,1,4,0,1
34350.45,Payment,Grocery,20,99,0,0,0,0
39186.11,Purchase,Fuel,14,82,1,1,0,0
57373.42,Withdrawal,Healthcare,6,69,0,5,1,1
55639.22,Withdrawal,Grocery,20,75,0,0,1,1
23508.93,Transfer,Fuel,2,10,1,2,0,0
12696.73,Payment,Grocery,13,10,1,5,0,0
17995.42,Payment,Entertainment,10,82,1,1,0,0
72630.22,Withdrawal,ATM,20,78,0,0,0,1
36406.04,Refund,Grocery,5,67,1,0,0,0
6975.83,Refund,Grocery,16,66,0,1,0,0
16128.67,Withdrawal,Grocery,10,18,0,0,0,0
26220.11,Payment,Restaurant,2,45,1,3,1,0
80691.9,Payment,Restaurant,8,23,0,5,0,1
25481.87,Refund,Healthcare,5,27,1,3,1,0
25815.85,Deposit,Healthcare,10,80,0,4,1,0
53378.04,Refund,Travel,11,81,0,3,0,1
6967.53,Transfer,ATM,13,38,1,3,0,0
39451.58,Transfer,Entertainment,5,46,0,0,0,0
70536.12,Transfer,Fuel,10,16,0,2,0,1
31683.02,Transfer,Restaurant,17,9,1,2,0,0
81602.75,Purchase,Shopping,8,92,0,4,1,1
25332.11,Withdrawal,Restaurant,1,64,1,0,0,0
14261.67,Purchase,Utility,5,77,1,4,1,0
7950.38,Purchase,Healthcare,0,83,0,3,0,0
4260.3,Payment,Grocery,17,68,0,2,0,0
24080.63,Purchase,Entertainment,23,39,1,2,0,0
83190.25,Refund,Travel,15,79,0,3,0,1
89709.32,Purchase,Travel,19,14,0,1,0,1
48987.24,Deposit,Entertainment,7,22,0,1,0,1
4595.03,Deposit,Grocery,8,6,0,0,0,0
7282.1,Transfer,ATM,12,35,0,1,1,0
31353.65,Transfer,Fuel,18,53,1,5,0,0
49130.97,Withdrawal,ATM,15,85,1,2,0,1
67257.26,Transfer,Electronics,11,72,0,5,0,1
29309.97,Withdrawal,Grocery,21,28,1,3,0,0
39351.83,Transfer,Restaurant,18,98,1,2,1,0
80100.95,Refund,Electronics,4,29,1,3,1,1
57094.53,Withdrawal,Electronics,8,55,0,5,0,1
11303.08,Payment,Electronics,23,15,0,0,1,0
7187.74,Purchase,Utility,21,68,1,2,0,0
30181.2,Refund,Electronics,11,56,0,1,1,0
3043.15,Refund,Travel,1,57,1,2,0,0
35683.54,Payment,Entertainment,6,38,0,3,0,0
38816.06,Refund,ATM,15,67,1,0,0,0
14402.15,Purchase,Restaurant,3,7,0,4,0,0
6168.13,Refund,Electronics,8,29,1,3,1,0
38250.26,Deposit,Healthcare,15,27,0,1,0,0
30244.09,Deposit,ATM,9,94,0,0,0,0
10296.93,Deposit,ATM,15,95,1,5,0,0
64256.51,Deposit,Electronics,5,24,1,3,0,1
35680.91,Purchase,Fuel,8,10,0,5,0,0
2806.07,Payment,ATM,0,63,0,3,0,0
45324.05,Purchase,ATM,21,38,0,4,0,1
66892.2,Purchase,Healthcare,23,43,1,3,0,1
53493.21,Transfer,Utility,0,46,1,5,0,1
51390.3,Refund,Utility,3,35,0,1,1,1
87966.65,Payment,Grocery,7,74,1,2,0,1
15992.03,Deposit,Electronics,8,81,1,4,0,0
11515.3,Deposit,Travel,10,51,1,2,0,0
34043.08,Refund,Shopping,22,44,0,3,1,0
28032.42,Transfer,Healthcare,3,2,1,5,0,0
17366.77,Withdrawal,Shopping,9,80,0,2,1,0
3286.28,Transfer,Grocery,14,6,0,2,0,0
8349.36,Transfer,Grocery,13,46,0,0,0,0
8644.39,Transfer,Shopping,21,99,0,0,0,0
2024.99,Deposit,Restaurant,13,75,0,2,0,0
58017.72,Transfer,Restaurant,21,82,1,3,1,1
79544.72,Transfer,ATM,9,23,1,5,0,1
5227.32,Transfer,Fuel,13,71,0,2,0,0
8402.73,Refund,Utility,17,24,1,3,0,0
25717.38,Payment,Travel,16,88,1,3,0,0
58607.55,Payment,Entertainment,14,4,0,3,0,1
3306.81,Withdrawal,ATM,16,48,0,4,0,0
57157.87,Payment,Fuel,12,86,0,3,1,1
41466.51,Deposit,Electronics,10,77,0,2,1,1
31024.22,Purchase,ATM,21,66,0,5,0,0
43176.61,Refund,Utility,4,29,0,2,0,1
9266.02,Payment,ATM,22,26,0,0,0,0
1576.92,Purchase,Shopping,3,32,0,0,1,0
29074.8,Refund,Utility,12,8,0,2,1,0
25997.99,Withdrawal,Restaurant,17,34,1,5,0,0
28621.89,Deposit,Grocery,5,19,0,1,0,0
23532.23,Transfer,Healthcare,21,13,1,2,0,0
17076.99,Deposit,Electronics,14,54,1,1,0,0
2653.64,Purchase,ATM,12,2,1,0,1,0
83512.78,Transfer,Fuel,14,93,1,2,0,1
10552.36,Refund,Restaurant,11,91,1,4,0,0
16772.57,Withdrawal,Travel,20,93,1,3,0,0
36389.92,Deposit,Healthcare,12,9,1,3,1,0
35372.24,Withdrawal,ATM,22,65,1,1,0,0
1868.36,Refund,Travel,18,80,1,0,0,0
19487.2,Deposit,Fuel,7,13,0,3,1,0
3809.41,Withdrawal,Restaurant,3,23,1,3,0,0
36431.34,Transfer,Electronics,1,96,0,3,0,0
59333.36,Purchase,Fuel,10,14,1,3,0,1
68783.83,Transfer,Utility,14,87,1,1,0,1
48619.53,Withdrawal,Electronics,18,4,0,1,0,1
40973.44,Transfer,Entertainment,18,70,0,2,0,1
30100.93,Deposit,Shopping,15,25,0,4,1,0
37565.69,Transfer,ATM,17,18,0,3,1,0
29972.86,Purchase,ATM,2,17,1,0,0,0
76647.3,Purchase,ATM,17,43,0,1,0,1
24013.26,Purchase,Fuel,9,10,0,4,0,0
2033.26,Purchase,Shopping,22,15,1,2,0,0
32870.53,Payment,Healthcare,6,43,0,1,0,0
72450.08,Deposit,Travel,21,8,0,3,0,1
56801.38,Purchase,Travel,2,54,0,4,1,1
18274.76,Purchase,Utility,16,29,1,3,1,0
40948.28,Withdrawal,Grocery,1,4,0,4,1,1
25840.15,Refund,Utility,1,50,1,5,0,0
21172.17,Payment,Shopping,4,15,1,0,0,0
13704.84,Transfer,Entertainment,1,31,0,0,0,0
50702.22,Deposit,Shopping,18,6,0,5,0,1
62901.84,Withdrawal,Healthcare,1,41,1,4,0,1
29746.26,Deposit,Electronics,21,10,0,2,0,0
52151.36,Deposit,Travel,7,57,1,2,0,0
54035.48,Withdrawal,Shopping,8,41,0,0,0,1
18365.86,Refund,Utility,8,11,0,1,0,0
65419.33,Refund,Restaurant,3,48,0,0,0,1
18094.73,Purchase,Grocery,15,5,1,2,1,0
51780.09,Purchase,Grocery,8,79,1,3,0,1
39658.11,Withdrawal,Entertainment,5,85,1,4,0,0
45459.41,Purchase,Shopping,11,4,1,2,0,0
57153.17,Transfer,ATM,13,55,0,0,1,1
28093.22,Transfer,Shopping,14,55,1,1,1,0
46303.22,Withdrawal,Fuel,0,36,1,0,0,0
21765.52,Transfer,Travel,18,51,0,4,0,0
34149.62,Deposit,Healthcare,20,99,0,0,0,0
631.36,Transfer,Healthcare,5,57,1,0,1,0
34816.26,Purchase,Travel,15,82,0,3,0,0
10870.25,Purchase,Healthcare,19,71,1,0,1,0
8899.42,Transfer,Healthcare,15,17,0,5,0,0
34835.45,Refund,Grocery,7,15,0,1,1,0
83021.89,Purchase,Shopping,22,30,0,5,0,1
4741.0,Transfer,Shopping,22,6,0,2,0,0
34264.92,Payment,Electronics,16,10,0,1,0,0
1579.21,Deposit,Entertainment,2,83,1,2,0,0
37352.79,Refund,Travel,10,53,1,3,0,0
6463.3,Withdrawal,Travel,1,38,0,4,0,0
77681.69,Withdrawal,Travel,16,92,1,1,1,1
50870.95,Payment,Electronics,2,29,1,4,0,1
50176.94,Payment,Shopping,16,57,1,2,0,0
18957.5,Transfer,Restaurant,10,32,1,1,1,0
21183.88,Purchase,Restaurant,14,94,1,2,0,0
26993.18,Refund,Electronics,11,84,1,4,0,0
36372.19,Payment,Restaurant,18,17,0,3,0,0
30351.05,Transfer,Travel,10,16,0,3,1,0
1029.18,Withdrawal,ATM,15,81,0,1,1,0
7671.24,Purchase,Entertainment,8,98,1,5,0,0
30942.34,Purchase,Entertainment,0,89,0,0,0,0
85384.18,Refund,Entertainment,13,46,0,3,0,1
4517.78,Transfer,ATM,19,79,0,5,0,0
17428.54,Transfer,Utility,13,81,1,5,1,0
35653.84,Payment,Fuel,23,24,0,1,0,0
56691.61,Transfer,Utility,12,42,1,1,0,0
17186.91,Purchase,Restaurant,9,64,1,0,1,0
25889.21,Payment,Travel,5,19,0,5,0,0
10018.99,Transfer,ATM,19,41,0,2,0,0
72277.66,Transfer,Healthcare,15,57,0,1,0,1
33174.59,Purchase,Restaurant,21,36,0,0,0,0
499.24,Refund,Fuel,0,77,0,4,0,0
31301.54,Purchase,Travel,6,37,1,5,1,0
29646.01,Payment,Healthcare,3,92,0,3,1,0
48345.76,Purchase,Fuel,8,94,0,2,0,1
86612.85,Withdrawal,Shopping,10,36,1,5,0,1
56956.03,Payment,Electronics,22,67,1,1,0,0
15990.63,Deposit,Grocery,7,18,1,1,0,0
11994.52,Withdrawal,Utility,5,94,1,2,0,0
4128.95,Purchase,Shopping,23,96,0,0,1,0
73396.19,Refund,ATM,6,91,0,0,1,1
67059.99,Withdrawal,Travel,15,68,0,2,0,1
13213.94,Deposit,Entertainment,19,46,1,2,0,0
7037.57,Transfer,Entertainment,14,42,0,5,1,0
42318.65,Payment,Travel,21,15,1,5,1,1
16148.64,Payment,Utility,19,53,0,0,0,0
24732.62,Withdrawal,Entertainment,1,72,1,2,0,0
81833.61,Payment,Entertainment,12,34,0,2,1,1
88571.51,Transfer,Utility,13,29,0,4,0,1
76712.87,Refund,Travel,4,78,0,5,0,1
21789.66,Transfer,Shopping,2,84,0,4,0,0
54702.68,Withdrawal,Fuel,17,51,0,2,0,1
30139.81,Deposit,Restaurant,0,5,0,4,0,0
37930.17,Payment,Grocery,5,37,1,0,0,0
7958.47,Deposit,Restaurant,1,35,0,3,1,0
1307.24,Deposit,Healthcare,2,10,0,4,1,0
11737.62,Deposit,Shopping,19,20,0,5,1,0
27588.45,Refund,Healthcare,10,55,0,2,0,0
25829.12,Purchase,Healthcare,20,74,1,3,0,0
23006.26,Withdrawal,Entertainment,17,36,1,2,0,0
34714.98,Payment,Entertainment,11,98,0,3,0,0
38604.83,Purchase,Entertainment,7,58,1,3,0,0
12540.14,Transfer,Fuel,20,11,0,4,0,0
31452.0,Payment,ATM,7,11,0,3,1,0
18756.15,Refund,Restaurant,1,99,1,2,1,0
41454.8,Transfer,Fuel,1,42,1,0,0,0
19378.09,Refund,Utility,17,64,1,5,0,0
79059.9,Deposit,Utility,16,72,0,0,1,1
84847.63,Withdrawal,Shopping,23,16,0,1,1,1
24024.4,Payment,Fuel,20,68,1,1,1,0
36944.52,Transfer,Electronics,13,38,1,4,0,0
48188.54,Transfer,ATM,20,22,0,2,0,1
56178.53,Transfer,Shopping,19,33,1,3,0,1
25036.55,Deposit,Fuel,5,68,1,0,0,0
12036.13,Withdrawal,Utility,2,1,1,5,0,0
35707.82,Purchase,Shopping,14,43,0,0,1,0
81933.95,Purchase,Travel,20,72,0,2,0,1
73871.97,Payment,ATM,23,40,1,4,1,1
16871.13,Withdrawal,Electronics,18,20,0,5,0,0
58002.87,Transfer,ATM,3,17,1,2,0,0
47023.56,Deposit,ATM,21,61,0,1,0,1
19467.94,Purchase,ATM,4,19,0,3,0,0
19692.65,Purchase,Fuel,16,57,1,5,1,0
82739.22,Refund,Electronics,7,72,1,3,1,1
42709.73,Transfer,Shopping,2,78,0,1,0,1
33518.51,Refund,Utility,15,89,1,5,0,0
70190.73,Payment,Travel,5,4,1,3,0,1
21723.38,Withdrawal,Entertainment,11,23,0,1,1,0
54956.85,Withdrawal,Grocery,18,40,1,0,0,0
38536.28,Refund,Grocery,19,35,0,5,0,0
58271.33,Payment,Grocery,22,91,1,2,0,1
28459.56,Deposit,Utility,19,81,1,3,0,0
42367.81,Deposit,Shopping,3,5,1,0,0,0
38284.94,Withdrawal,Fuel,2,54,0,0,1,0
20026.63,Purchase,Travel,3,70,1,1,0,0
82697.25,Deposit,Travel,22,22,1,4,0,1
5129.73,Deposit,Grocery,2,25,0,5,0,0
10460.8,Payment,Grocery,8,78,0,5,1,0
28028.51,Deposit,Grocery,9,36,1,0,0,0
11031.81,Deposit,Electronics,18,60,0,0,0,0
13129.8,Purchase,Fuel,10,76,0,1,0,0
44869.77,Transfer,Utility,2,93,0,2,0,1
8511.52,Transfer,Grocery,12,91,1,1,0,0
58758.76,Transfer,Entertainment,7,25,1,1,0,0
20996.67,Transfer,Utility,8,12,1,2,0,0
9426.68,Deposit,Shopping,14,81,0,0,1,0
12526.07,Refund,Restaurant,22,56,1,5,0,0
15567.01,Deposit,Shopping,17,96,1,0,0,0
28088.09,Payment,Healthcare,1,15,0,3,0,0
37805.38,Transfer,Travel,18,49,0,2,0,0
11307.98,Purchase,Fuel,13,61,1,2,0,0
70918.43,Transfer,Healthcare,5,60,0,0,1,1
36096.42,Payment,Entertainment,15,32,1,5,0,0
25317.06,Payment,Entertainment,9,6,0,4,0,0
55348.98,Transfer,ATM,12,76,0,1,0,1
49067.94,Deposit,Shopping,6,73,0,1,0,1
39550.66,Withdrawal,Travel,14,51,0,3,0,0
77586.05,Withdrawal,Fuel,9,40,0,1,0,1
6084.82,Withdrawal,Shopping,11,1,1,1,0,0
49897.68,Refund,Entertainment,22,28,1,5,1,1
53891.48,Purchase,Entertainment,4,41,0,3,0,1
40225.61,Deposit,Entertainment,19,51,0,2,1,1
20457.07,Purchase,Restaurant,19,23,0,2,0,0
8370.99,Purchase,ATM,19,97,1,0,0,0
23105.59,Withdrawal,Grocery,6,39,1,0,0,0
2186.12,Withdrawal,Entertainment,4,37,1,3,1,0
20842.58,Payment,Fuel,5,51,0,3,0,0
7811.5,Deposit,Electronics,20,52,0,1,0,0
25405.18,Refund,Entertainment,21,59,0,3,1,0
30173.49,Purchase,Healthcare,13,34,0,4,1,0
31949.53,Payment,Travel,17,47,0,1,1,0
11937.02,Payment,Electronics,4,1,1,5,0,0
7380.93,Refund,Utility,13,7,1,2,0,0
20313.96,Payment,Utility,11,7,1,2,1,0
25081.91,Transfer,Grocery,17,35,0,2,0,0
21498.94,Payment,Travel,9,82,0,4,0,0
32145.61,Purchase,Shopping,23,51,0,1,0,0
58313.98,Withdrawal,Fuel,20,64,1,2,0,0
19662.65,Deposit,ATM,7,94,1,0,0,0
20332.59,Purchase,Fuel,19,93,0,3,0,0
43323.48,Deposit,Healthcare,13,52,0,1,0,1
41686.0,Purchase,Entertainment,3,25,1,2,0,0
44837.5,Purchase,Travel,18,61,0,3,0,1
16433.5,Transfer,Shopping,21,6,1,1,0,0
27800.23,Payment,Restaurant,0,54,0,2,0,0
13341.36,Deposit,Travel,3,29,0,0,0,0
38122.88,Refund,Healthcare,23,92,1,4,1,0
19246.6,Transfer,Shopping,12,61,0,2,0,0
46451.99,Payment,Fuel,14,96,1,1,0,1
44905.85,Refund,Electronics,20,63,1,0,0,0
1870.92,Refund,Travel,9,38,1,3,1,0
24982.04,Refund,ATM,5,80,1,4,1,0
72320.48,Purchase,Healthcare,17,96,1,1,1,1
10799.48,Purchase,Electronics,12,28,0,0,0,0
79672.49,Withdrawal,Entertainment,17,53,1,1,1,1
13583.44,Deposit,Electronics,21,88,1,4,1,0
24063.26,Payment,Utility,14,37,1,1,0,0
71107.1,Purchase,Shopping,10,98,1,5,0,1
8400.47,Payment,Entertainment,13,25,0,4,0,0
36627.77,Refund,Shopping,2,77,1,0,0,0
44603.63,Withdrawal,ATM,20,61,0,2,0,1
22206.95,Deposit,Entertainment,17,66,0,1,1,0
17649.62,Withdrawal,Fuel,15,92,0,2,0,0
59383.83,Purchase,Restaurant,18,60,1,1,1,1
27786.51,Payment,Shopping,20,15,1,1,0,0
63769.03,Purchase,Grocery,23,5,1,4,1,1
81524.81,Transfer,Shopping,3,92,0,3,1,1
6307.02,Deposit,Grocery,11,52,1,3,0,0
39426.57,Transfer,ATM,3,93,0,2,1,0
38557.93,Withdrawal,Restaurant,15,27,1,0,0,0
17787.99,Purchase,Utility,22,63,0,2,0,0
35706.24,Payment,Travel,14,90,1,4,0,0
33856.01,Withdrawal,Fuel,16,37,0,1,0,0
28569.56,Deposit,Healthcare,9,92,0,4,0,0
55256.31,Payment,Healthcare,4,96,0,1,0,1
43296.25,Withdrawal,ATM,9,19,0,2,0,1
35269.41,Refund,Entertainment,15,80,0,2,0,0
66779.93,Refund,Travel,16,48,1,3,0,1
12465.11,Payment,Grocery,21,9,1,1,0,0
21454.44,Withdrawal,Healthcare,19,100,0,5,0,0
21877.26,Payment,ATM,20,2,0,5,0,0
16361.27,Purchase,Entertainment,20,13,1,4,0,0
14757.07,Refund,Shopping,2,8,1,4,0,0
10728.1,Deposit,Fuel,22,84,0,1,1,0
44026.9,Refund,Healthcare,17,36,0,5,0,1
35182.08,Withdrawal,Shopping,9,8,0,1,0,0
11865.91,Refund,Utility,14,13,0,2,0,0
35937.8,Purchase,Utility,2,61,0,0,0,0
81259.46,Transfer,ATM,0,75,1,0,1,1
29607.05,Refund,Utility,0,33,1,4,0,0
15925.57,Withdrawal,Travel,16,62,1,5,0,0
6777.06,Refund,Restaurant,10,36,1,5,1,0
10809.83,Withdrawal,Utility,0,41,1,3,0,0
11696.37,Payment,Healthcare,3,57,1,5,0,0
6264.74,Purchase,Restaurant,6,40,1,2,1,0
11595.05,Transfer,ATM,6,74,0,2,0,0
39244.09,Payment,Fuel,5,79,0,2,1,0
8784.69,Payment,Healthcare,7,34,1,2,0,0
33840.86,Transfer,Travel,23,41,1,2,1,0
58501.65,Payment,Grocery,12,8,1,2,0,0
17758.33,Transfer,Grocery,22,26,0,5,0,0
47868.73,Transfer,Grocery,10,55,1,2,0,0
9709.04,Refund,Shopping,14,36,0,0,0,0
41299.28,Deposit,Utility,23,76,1,0,1,1
3461.26,Payment,Restaurant,8,78,1,0,0,0
28363.27,Transfer,Healthcare,17,48,1,2,0,0
35429.52,Deposit,Electronics,10,100,1,1,0,0
34406.72,Refund,Restaurant,17,12,1,1,0,0
8514.01,Deposit,Healthcare,17,68,1,5,0,0
11129.99,Purchase,Travel,11,99,1,5,0,0
15395.93,Payment,Restaurant,14,47,1,1,0,0
48383.28,Deposit,Grocery,4,16,1,3,1,1
59739.7,Refund,Grocery,16,48,0,4,1,1
88840.24,Transfer,Shopping,15,37,1,5,0,1
36640.89,Purchase,Shopping,5,66,0,4,1,0
53372.41,Withdrawal,Electronics,21,56,1,3,1,1
58221.62,Withdrawal,Travel,2,24,1,3,1,1
9114.65,Refund,Entertainment,0,2,0,2,1,0
39251.4,Withdrawal,ATM,21,99,1,4,1,0
12448.04,Withdrawal,ATM,11,92,0,1,0,0
59190.13,Withdrawal,Electronics,0,69,0,1,0,1
14055.43,Withdrawal,Restaurant,6,39,0,3,0,0
1622.89,Withdrawal,Travel,0,18,1,0,1,0
11998.4,Deposit,Restaurant,12,7,1,3,1,0
9856.69,Payment,ATM,3,12,0,4,0,0
24966.16,Withdrawal,Electronics,15,95,1,5,0,0
56699.32,Withdrawal,Electronics,16,47,1,2,0,0
21687.51,Purchase,Grocery,12,54,1,0,0,0
39060.92,Transfer,Electronics,13,84,1,1,0,0
50860.15,Payment,Utility,0,36,1,0,0,0
81107.11,Withdrawal,ATM,0,17,0,1,1,1
10427.96,Deposit,Healthcare,11,80,1,1,1,0
54183.46,Refund,Fuel,23,86,0,2,0,1
19961.76,Payment,Travel,8,80,1,0,0,0
45773.89,Payment,Grocery,23,19,1,0,1,1
25250.98,Withdrawal,Fuel,3,2,1,1,0,0
8150.88,Purchase,Electronics,15,60,1,4,1,0
19440.3,Refund,Grocery,9,61,1,2,0,0
44948.26,Refund,Travel,19,86,0,3,1,1
39586.67,Withdrawal,Fuel,7,66,0,1,0,0
15061.75,Deposit,Electronics,22,52,1,4,0,0
70972.52,Transfer,Fuel,23,85,1,2,1,1
34804.18,Transfer,Fuel,10,55,1,5,0,0
8662.97,Purchase,Entertainment,20,7,0,1,0,0
29082.31,Purchase,Restaurant,5,51,1,0,1,0
27246.3,Transfer,Restaurant,20,74,1,3,0,0
20301.55,Transfer,Shopping,14,16,1,5,0,0
68358.28,Withdrawal,Healthcare,10,63,1,5,0,1
5765.55,Purchase,Travel,13,83,0,4,0,0
18491.12,Payment,Electronics,3,71,1,1,0,0
8588.33,Payment,Shopping,2,65,0,3,0,0
33816.69,Deposit,Restaurant,0,26,1,4,0,0
41652.32,Refund,Shopping,1,69,1,4,0,1
50610.0,Withdrawal,Travel,5,13,0,5,0,1
57547.5,Withdrawal,Shopping,19,55,0,2,0,1
8253.58,Transfer,Entertainment,16,54,1,3,0,0
3647.41,Transfer,Grocery,2,33,1,1,0,0
62594.98,Payment,Fuel,4,62,0,1,1,1
78284.47,Withdrawal,Restaurant,11,10,0,2,0,1
50278.14,Deposit,Fuel,6,57,0,5,0,1
17999.45,Transfer,Shopping,3,99,1,1,1,0
52825.59,Purchase,Shopping,23,79,1,1,0,1
37651.21,Deposit,Travel,8,6,1,2,0,0
31418.07,Payment,ATM,5,91,1,2,0,0
50218.88,Purchase,ATM,19,47,0,5,1,1
59797.34,Payment,Grocery,20,14,1,5,0,1
14640.38,Deposit,Healthcare,11,11,0,0,1,0
33684.18,Payment,Restaurant,18,56,1,0,1,0
35461.55,Refund,Entertainment,19,67,1,0,0,0
34849.31,Deposit,Electronics,18,13,0,1,0,0
68524.44,Deposit,ATM,13,51,0,2,1,1
1546.25,Payment,Entertainment,21,4,0,4,0,0
81826.58,Transfer,Electronics,9,53,0,5,1,1
27546.45,Transfer,Travel,7,36,1,0,0,0
45223.82,Deposit,Healthcare,5,27,1,5,1,1
19060.4,Withdrawal,Utility,2,43,1,4,0,0
38404.55,Transfer,Electronics,23,12,1,2,1,0
48373.26,Payment,Restaurant,8,91,1,2,0,1
54538.94,Withdrawal,Fuel,10,3,0,1,0,1
11997.31,Refund,Healthcare,17,69,0,3,0,0
32016.38,Purchase,ATM,21,52,1,1,0,0
19497.79,Payment,Fuel,12,14,1,4,0,0
1678.92,Withdrawal,Utility,1,32,0,5,0,0
8808.06,Withdrawal,Restaurant,7,29,1,5,0,0
33423.71,Transfer,Restaurant,0,79,1,3,1,0
44832.89,Refund,Restaurant,13,24,1,5,1,1
32468.11,Transfer,Healthcare,13,48,1,1,0,0
5887.62,Purchase,Fuel,10,90,0,4,0,0
43234.36,Refund,Utility,17,41,0,4,0,1
27668.31,Deposit,Shopping,7,60,1,4,0,0
33641.53,Payment,Utility,18,56,0,1,0,0
4018.22,Refund,Grocery,11,62,0,0,0,0
25906.72,Deposit,Healthcare,18,33,0,5,1,0
19898.94,Withdrawal,Entertainment,6,85,1,2,0,0
42755.61,Refund,Shopping,13,19,1,0,0,0
31833.34,Transfer,ATM,3,100,0,4,0,0
86797.18,Deposit,Fuel,23,25,0,4,0,1
66348.34,Deposit,Electronics,10,12,0,3,1,1
53305.49,Transfer,Fuel,3,40,1,1,1,1
45918.03,Payment,Restaurant,7,45,0,2,1,1
203.56,Refund,Grocery,17,8,1,0,0,0
48022.29,Refund,Grocery,0,42,1,2,0,0
10989.02,Refund,ATM,11,9,0,1,1,0
34481.7,Withdrawal,Travel,3,88,0,4,0,0
56124.05,Payment,Fuel,16,20,1,0,0,0
35447.37,Purchase,Healthcare,9,14,1,5,0,0
56275.31,Withdrawal,Electronics,15,25,0,4,0,1
22005.04,Refund,Entertainment,14,15,0,2,0,0
55004.97,Withdrawal,Utility,6,52,0,2,0,1
76599.27,Deposit,ATM,3,67,0,5,0,1
8214.99,Refund,Entertainment,17,83,0,2,0,0
5035.09,Withdrawal,Healthcare,20,55,1,3,1,0
18423.27,Purchase,Utility,3,42,1,4,1,0
53536.34,Transfer,Grocery,16,6,0,0,0,1
32104.1,Refund,Shopping,5,83,1,5,0,0
64521.18,Purchase,Healthcare,12,25,1,4,0,1
87748.39,Refund,Shopping,5,66,1,5,0,1
34311.61,Withdrawal,Travel,2,92,0,3,0,0
55817.43,Refund,Grocery,1,49,0,5,0,1
9440.15,Transfer,Fuel,12,30,1,3,0,0
12372.09,Refund,Restaurant,19,86,1,3,0,0
22690.19,Deposit,Healthcare,13,89,0,3,1,0
2603.78,Withdrawal,Utility,8,77,0,5,1,0
7005.18,Payment,Fuel,21,89,0,0,0,0
57323.5,Payment,Electronics,5,69,1,1,0,0
6598.67,Deposit,Entertainment,9,69,1,2,0,0
31141.71,Purchase,Entertainment,6,12,1,1,0,0
79314.36,Purchase,Utility,15,14,0,1,0,1
26577.23,Purchase,Restaurant,13,79,1,3,0,0
2721.1,Purchase,Shopping,6,99,0,5,0,0
12118.89,Purchase,Fuel,10,33,0,2,1,0
13591.61,Deposit,Grocery,12,49,0,2,0,0
4256.03,Deposit,Restaurant,10,85,1,0,1,0
3497.12,Withdrawal,ATM,16,37,0,1,0,0
46729.35,Deposit,Electronics,13,67,0,4,0,1
48840.99,Purchase,Restaurant,0,49,0,4,0,1
57711.08,Purchase,Restaurant,20,5,0,0,1,1
36795.25,Refund,Entertainment,14,96,0,5,1,0
13508.01,Transfer,Utility,15,20,1,4,0,0
25961.02,Transfer,Fuel,12,33,0,2,0,0
73192.5,Transfer,Fuel,1,59,1,5,0,1
26689.18,Withdrawal,Entertainment,13,54,1,5,1,0
8073.57,Payment,Utility,11,44,1,5,1,0
56885.5,Refund,Restaurant,7,28,0,4,0,1
12889.47,Refund,Travel,14,71,1,2,0,0
3148.05,Withdrawal,Utility,3,70,1,2,1,0
10900.88,Withdrawal,Travel,17,21,1,4,1,0
16471.87,Payment,Grocery,22,27,1,4,0,0
9125.93,Deposit,ATM,4,83,1,4,0,0
36660.45,Transfer,Utility,7,95,0,3,0,0
47239.04,Refund,Shopping,23,81,0,5,0,1
57481.6,Purchase,Travel,2,41,1,1,0,0
28557.73,Transfer,Electronics,11,80,1,4,1,0
63683.36,Deposit,Fuel,9,39,0,4,0,1
41428.83,Refund,ATM,13,21,1,5,0,1
28421.5,Purchase,Fuel,14,13,0,1,1,0
26895.27,Payment,Fuel,0,76,1,3,0,0
53200.79,Purchase,Utility,21,73,1,2,0,1
17611.73,Transfer,Entertainment,4,15,0,5,0,0
59502.94,Purchase,Travel,19,64,0,4,1,1
3215.46,Refund,Healthcare,16,4,1,2,0,0
16442.91,Withdrawal,Healthcare,8,58,1,2,0,0
7925.93,Deposit,Utility,21,11,1,4,0,0
12058.58,Refund,Grocery,23,74,0,2,1,0
20204.53,Payment,Entertainment,12,5,1,5,1,0
66997.37,Refund,Entertainment,13,91,1,1,0,1
51702.6,Transfer,Electronics,14,86,0,5,0,1
3991.05,Purchase,Fuel,3,32,0,1,0,0
85901.01,Refund,Restaurant,2,10,0,5,0,1
50489.03,Purchase,Fuel,18,81,1,5,0,1
64483.62,Deposit,Fuel,6,96,0,1,0,1
37564.56,Deposit,Restaurant,6,7,0,3,0,0
28205.71,Withdrawal,Utility,6,91,1,4,0,0
4865.54,Deposit,ATM,1,57,0,4,0,0
53417.16,Withdrawal,Healthcare,4,70,0,5,0,1
30448.6,Transfer,Restaurant,5,51,1,4,1,0
31880.0,Transfer,Restaurant,13,33,1,5,0,0
3860.7,Deposit,Healthcare,9,97,0,0,0,0
818.74,Transfer,Grocery,19,97,1,0,1,0
34195.15,Deposit,Electronics,10,76,1,5,0,0
18084.81,Deposit,Travel,14,46,1,2,1,0
2657.7,Payment,Travel,17,96,0,1,0,0
52134.07,Transfer,Entertainment,14,60,1,3,1,1
62973.82,Deposit,Entertainment,13,4,0,2,1,1
13097.93,Purchase,Entertainment,21,23,0,4,0,0
1398.67,Purchase,Entertainment,15,20,1,2,0,0
29243.43,Payment,Fuel,9,71,1,1,0,0
21266.83,Deposit,Utility,13,56,0,3,0,0
8574.52,Purchase,Electronics,10,91,1,4,0,0
37927.37,Refund,Utility,6,54,1,0,0,0
35987.04,Transfer,Healthcare,21,80,1,4,0,0
22237.1,Refund,Healthcare,10,93,1,5,0,0
12646.41,Payment,Electronics,0,58,1,3,0,0
34675.47,Transfer,Restaurant,10,82,1,2,0,0
70348.41,Transfer,Restaurant,4,42,0,5,0,1
4970.33,Purchase,Travel,16,13,1,1,0,0
23435.63,Payment,Utility,19,94,1,0,1,0
14870.48,Withdrawal,Healthcare,22,19,1,0,1,0
47042.69,Deposit,Grocery,10,46,1,4,0,1
57467.77,Payment,Travel,19,69,0,5,0,1
25437.18,Deposit,Grocery,23,25,1,1,1,0
1826.39,Purchase,Healthcare,8,27,0,2,0,0
37590.8,Deposit,Entertainment,2,48,1,1,1,0
27411.0,Refund,Fuel,19,57,1,0,0,0
19435.94,Withdrawal,ATM,14,37,0,4,0,0
18984.6,Purchase,Electronics,1,42,1,2,0,0
23792.71,Deposit,Entertainment,17,4,1,5,0,0
77277.16,Transfer,ATM,1,83,1,2,0,1
31414.56,Withdrawal,Utility,2,9,0,1,0,0
4961.41,Deposit,Restaurant,2,97,1,2,0,0
38544.94,Transfer,Electronics,15,52,0,4,1,0
7003.42,Payment,Fuel,17,12,0,3,0,0
28773.72,Transfer,Restaurant,7,8,0,0,0,0
19444.72,Purchase,Restaurant,7,20,0,4,0,0
69751.4,Deposit,Entertainment,0,66,1,3,0,1
528.43,Purchase,Restaurant,18,5,0,1,1,0
9220.13,Deposit,Electronics,18,48,0,3,0,0
9675.81,Purchase,ATM,9,35,1,4,1,0
23618.68,Withdrawal,ATM,8,43,0,2,0,0
12354.94,Deposit,Healthcare,14,4,1,4,1,0
84899.35,Purchase,Grocery,12,14,0,1,0,1
13086.68,Transfer,Travel,14,7,0,4,0,0
30025.6,Purchase,Healthcare,0,28,0,2,0,0
71853.32,Deposit,Entertainment,23,42,1,3,0,1
37194.68,Deposit,Restaurant,2,79,0,0,0,0
5924.24,Purchase,Healthcare,0,39,1,3,0,0
4658.36,Transfer,Restaurant,20,25,1,5,0,0
8596.1,Payment,Grocery,9,99,0,0,0,0
959.21,Payment,Restaurant,3,82,0,3,0,0
77914.53,Purchase,Restaurant,14,75,1,2,0,1
29895.66,Withdrawal,Restaurant,2,51,1,0,0,0
57569.79,Payment,Entertainment,5,2,0,5,0,1
40307.43,Deposit,Healthcare,23,62,0,2,0,1
52423.9,Withdrawal,Restaurant,22,58,0,5,0,1
17262.37,Payment,Shopping,22,63,0,5,0,0
22458.72,Purchase,ATM,11,59,1,4,0,0
24479.4,Transfer,Shopping,17,19,1,5,0,0
48872.23,Refund,Entertainment,11,60,1,2,0,0
53097.86,Payment,Shopping,13,47,1,0,0,0
86323.44,Transfer,Travel,20,60,1,4,0,1
58636.2,Deposit,Fuel,19,44,0,4,0,1
31222.17,Deposit,Entertainment,2,54,0,4,0,0
41072.24,Refund,Grocery,8,71,0,5,0,1
31434.95,Payment,Electronics,10,94,1,4,1,0
13626.31,Payment,Restaurant,18,45,1,5,0,0
53601.69,Deposit,Utility,4,89,0,5,0,1
18241.17,Purchase,Utility,4,10,1,1,1,0
1962.74,Withdrawal,Shopping,20,13,0,0,0,0
27210.7,Purchase,Restaurant,5,100,0,0,0,0
20655.86,Purchase,Entertainment,11,85,1,0,0,0
40779.13,Transfer,Restaurant,9,55,1,5,0,1
69255.78,Payment,Travel,11,4,1,5,1,1
88324.57,Purchase,Entertainment,22,76,1,5,1,1
43484.29,Purchase,Utility,8,70,0,0,0,1
2157.09,Purchase,Utility,12,96,1,1,1,0
5787.73,Transfer,Shopping,22,58,0,4,1,0
4239.07,Deposit,Fuel,18,87,0,4,1,0
15266.94,Withdrawal,Utility,8,90,1,4,0,0
2485.01,Purchase,Shopping,15,23,1,2,0,0
28980.56,Refund,Travel,13,15,0,0,0,0
18206.37,Withdrawal,Grocery,12,100,0,3,0,0
48524.27,Withdrawal,Travel,21,75,1,1,1,1
26342.03,Purchase,Electronics,5,18,0,5,0,0
25175.61,Transfer,Entertainment,0,91,1,5,0,0
5325.85,Purchase,Healthcare,13,72,1,0,0,0
1544.15,Deposit,Travel,15,52,0,1,0,0
33486.37,Purchase,ATM,5,86,0,3,0,0
14011.67,Payment,Electronics,21,24,1,0,0,0
3693.64,Withdrawal,Healthcare,4,96,1,0,0,0
18270.31,Purchase,Electronics,16,86,1,4,0,0
28748.7,Withdrawal,Travel,7,62,0,1,1,0
79223.31,Withdrawal,Electronics,5,50,0,1,0,1
55140.39,Payment,Shopping,2,73,0,1,1,1
75224.52,Transfer,Entertainment,1,97,1,0,0,1
28814.01,Transfer,Entertainment,14,78,0,5,0,0
29878.3,Refund,Entertainment,20,97,0,1,0,0
42298.01,Purchase,Entertainment,19,4,1,0,0,0
39044.99,Withdrawal,Grocery,11,36,1,2,1,0
30735.25,Transfer,Healthcare,17,78,1,2,1,0
5550.16,Payment,ATM,22,72,0,3,0,0
56056.24,Payment,Travel,17,67,0,2,0,1
20975.94,Refund,Shopping,7,41,1,1,0,0
35905.85,Transfer,Restaurant,10,67,1,2,0,0
42786.0,Deposit,Restaurant,19,18,1,1,0,0
38351.86,Refund,Travel,6,60,0,0,0,0
22562.42,Withdrawal,ATM,20,44,0,5,1,0
8865.76,Payment,Utility,22,35,1,4,0,0
295.7,Refund,Electronics,8,16,1,4,1,0
12031.48,Withdrawal,Healthcare,15,59,1,4,1,0
23274.39,Purchase,Entertainment,20,63,0,3,1,0
50845.77,Purchase,Fuel,5,16,1,0,0,0
55552.29,Transfer,Electronics,17,69,1,1,0,0
20322.59,Deposit,Entertainment,6,6,0,0,0,0
37136.88,Refund,Healthcare,9,56,0,1,0,0
33267.24,Refund,Healthcare,17,46,0,1,0,0
78320.52,Transfer,Restaurant,5,50,0,4,0,1
14597.27,Transfer,Utility,3,13,0,3,0,0
14402.37,Refund,Fuel,5,29,1,0,0,0
14007.63,Transfer,Entertainment,18,77,1,3,0,0
51050.12,Purchase,Entertainment,22,57,1,1,1,1
19392.59,Purchase,Shopping,8,27,1,3,0,0
22440.37,Payment,Shopping,19,50,1,4,0,0
12507.14,Deposit,Electronics,19,90,1,1,1,0
84497.88,Transfer,Travel,12,36,0,5,0,1
23393.31,Purchase,ATM,7,83,0,3,0,0
56471.66,Transfer,Travel,12,3,1,3,1,1
13226.29,Withdrawal,Healthcare,11,34,1,1,0,0
21937.85,Refund,Shopping,19,68,0,0,1,0
15098.43,Withdrawal,Electronics,22,21,0,4,0,0
16782.96,Refund,Healthcare,14,20,1,1,1,0
13985.76,Withdrawal,Restaurant,13,40,0,4,0,0
56526.76,Purchase,ATM,1,74,0,2,1,1
16215.74,Withdrawal,Grocery,6,78,0,0,0,0
86946.75,Withdrawal,Shopping,3,100,1,4,0,1
30104.69,Withdrawal,Grocery,10,22,1,4,0,0
72403.61,Purchase,Entertainment,4,22,0,3,0,1
42641.53,Transfer,ATM,8,60,0,3,0,1
17303.43,Withdrawal,ATM,1,9,1,1,0,0
74130.9,Refund,Utility,21,97,1,4,1,1
10097.04,Refund,Travel,19,74,1,2,1,0
85687.43,Payment,Fuel,1,27,0,4,0,1
12002.3,Payment,Entertainment,9,48,0,2,1,0
38979.37,Purchase,Restaurant,13,100,0,3,0,0
15249.91,Transfer,Entertainment,7,19,0,1,1,0
7911.81,Payment,Utility,22,60,1,1,1,0
3281.85,Purchase,Restaurant,4,82,0,2,0,0
21350.99,Payment,Entertainment,20,56,0,4,0,0
19954.0,Refund,Shopping,15,6,1,0,0,0
3687.23,Transfer,Shopping,5,2,0,1,0,0
24264.38,Refund,Restaurant,20,67,1,0,1,0
3149.89,Refund,Utility,11,80,1,2,0,0
78702.18,Refund,ATM,3,57,1,3,0,1
51477.82,Refund,Electronics,4,49,1,5,1,1
2609.31,Withdrawal,Electronics,19,50,1,3,0,0
25113.58,Transfer,Grocery,4,25,1,4,0,0
59462.49,Withdrawal,Entertainment,17,73,1,1,0,1
6942.8,Deposit,Utility,2,29,1,1,1,0
34664.9,Deposit,Utility,10,79,1,3,0,0
40098.34,Refund,Travel,20,86,1,4,0,1
26089.01,Refund,Shopping,21,36,0,1,0,0
3172.07,Transfer,Travel,16,39,1,5,1,0
88027.96,Refund,Healthcare,8,14,0,4,0,1
25215.56,Payment,Fuel,3,90,1,3,1,0
79873.47,Transfer,Healthcare,2,32,0,4,1,1
61667.1,Purchase,Entertainment,12,56,0,3,1,1
24378.53,Transfer,Restaurant,15,63,1,4,0,0
35919.13,Withdrawal,Healthcare,7,79,0,2,0,0
9087.77,Refund,Entertainment,2,13,0,0,0,0
28325.37,Payment,Utility,2,90,0,0,0,0
2521.75,Purchase,Fuel,9,47,1,5,0,0
52647.05,Transfer,Travel,3,5,0,0,0,1
49924.95,Payment,Utility,3,35,1,4,0,1
83347.04,Refund,Healthcare,5,83,0,3,0,1
17689.83,Deposit,Fuel,22,61,1,2,0,0
12711.78,Deposit,Entertainment,13,31,1,5,0,0
35302.22,Payment,Fuel,22,20,0,0,0,0
17020.27,Purchase,Fuel,3,58,0,1,0,0
7444.85,Transfer,Travel,18,31,1,3,1,0
61389.42,Deposit,Shopping,23,76,1,5,0,1
23434.59,Payment,Restaurant,11,9,0,0,0,0
48965.29,Payment,Utility,21,51,1,3,0,1
66910.24,Deposit,Entertainment,21,41,0,0,0,1
57428.05,Transfer,Fuel,1,18,0,4,1,1
42710.78,Deposit,Fuel,13,5,0,5,0,1
12742.6,Transfer,Travel,0,14,1,4,0,0
26152.77,Transfer,Shopping,8,68,1,4,0,0
2766.37,Deposit,Grocery,14,93,1,4,1,0
55750.0,Transfer,Grocery,13,76,0,3,1,1
18086.92,Refund,ATM,7,41,0,3,0,0
356.67,Deposit,Grocery,7,86,1,3,0,0
25857.64,Withdrawal,Grocery,7,58,0,3,0,0
46157.16,Purchase,Healthcare,17,70,1,0,0,0
46802.52,Deposit,Grocery,15,75,0,4,0,1
951.26,Payment,Shopping,23,43,0,4,0,0
6057.65,Payment,Electronics,10,83,0,3,0,0
24992.98,Deposit,Healthcare,5,85,1,5,0,0
18638.6,Payment,Restaurant,23,21,1,0,0,0
55779.81,Refund,Shopping,20,9,0,1,0,1
30077.74,Transfer,Fuel,3,98,1,2,0,0
49141.35,Refund,Utility,16,16,1,5,0,1
88624.0,Withdrawal,Entertainment,6,70,1,5,0,1
28773.55,Purchase,Electronics,5,19,1,1,0,0
48455.77,Deposit,Travel,0,44,1,3,0,1
58570.62,Payment,Restaurant,5,25,1,4,0,1
38587.39,Deposit,Utility,17,99,1,3,0,0
1125.57,Withdrawal,Grocery,1,58,0,0,0,0
58178.07,Deposit,Travel,20,44,1,5,0,1
28458.45,Purchase,Fuel,3,77,0,4,0,0
56071.69,Refund,Shopping,23,98,1,0,0,1
39922.94,Refund,Entertainment,9,5,0,0,0,0
58880.48,Withdrawal,Healthcare,12,20,1,2,1,1
1666.25,Transfer,Electronics,15,40,1,3,0,0
21815.68,Transfer,Travel,5,92,0,1,0,0
34975.47,Purchase,Healthcare,10,41,0,1,0,0
70981.28,Purchase,Restaurant,1,36,1,4,0,1
86347.72,Deposit,Shopping,9,71,1,0,1,1
8299.81,Payment,Electronics,21,43,1,5,0,0
49810.09,Purchase,ATM,0,14,1,0,1,1
11189.24,Withdrawal,ATM,17,32,0,2,0,0
10245.24,Refund,Electronics,20,3,1,1,0,0
34643.78,Deposit,Shopping,7,53,0,5,0,0
12739.35,Deposit,Restaurant,15,71,0,0,1,0
24330.78,Deposit,Entertainment,6,68,1,2,0,0
42443.57,Refund,Entertainment,18,37,1,1,0,0
70947.72,Transfer,ATM,15,1,0,3,0,1
13928.25,Deposit,ATM,3,86,0,1,0,0
16665.29,Withdrawal,Grocery,23,10,1,1,0,0
49815.25,Purchase,ATM,0,84,0,5,0,1
68348.97,Withdrawal,Utility,4,19,0,2,0,1
21255.37,Transfer,Utility,21,26,0,1,1,0
15201.46,Deposit,Restaurant,15,63,1,3,0,0
31504.49,Payment,Utility,5,8,0,5,1,0
10705.9,Withdrawal,Entertainment,3,37,0,2,0,0
38690.58,Purchase,Utility,16,9,1,2,0,0
9711.45,Payment,Restaurant,22,36,1,3,0,0
23136.44,Withdrawal,Utility,4,3,0,5,1,0
31369.49,Refund,Shopping,20,19,0,2,0,0
1315.94,Deposit,Electronics,8,85,1,5,1,0
37688.41,Refund,Electronics,7,37,1,1,0,0
34120.27,Refund,Grocery,4,3,1,5,1,0
76321.21,Purchase,Utility,6,24,0,5,0,1
5855.79,Transfer,ATM,6,81,1,5,0,0
21477.15,Payment,ATM,6,32,1,0,0,0
85316.64,Withdrawal,Shopping,10,64,0,3,0,1
6246.65,Withdrawal,Entertainment,1,27,1,3,0,0
13186.38,Refund,Utility,22,18,0,5,0,0
38616.85,Purchase,Grocery,8,2,1,0,0,0
5701.26,Payment,Restaurant,2,44,0,4,0,0
74578.37,Transfer,ATM,17,96,0,0,1,1
5413.74,Deposit,Grocery,15,28,1,2,0,0
56085.82,Refund,Restaurant,18,36,0,3,0,1
82004.13,Refund,Fuel,0,95,0,5,0,1
8044.43,Withdrawal,Grocery,23,23,0,1,0,0
1986.3,Payment,Grocery,21,58,0,4,0,0
9320.38,Deposit,Restaurant,11,81,1,5,1,0
2204.26,Purchase,Fuel,15,49,0,1,0,0
9309.01,Withdrawal,Entertainment,3,11,0,1,0,0
89874.79,Purchase,Entertainment,7,90,0,2,0,1
16822.61,Refund,ATM,6,58,1,1,1,0
17802.5,Transfer,ATM,6,94,0,1,1,0
76512.13,Refund,Utility,2,75,0,5,0,1
32387.62,Purchase,Shopping,15,51,0,0,0,0
20412.81,Withdrawal,Fuel,7,7,0,1,0,0
67072.88,Refund,Electronics,8,34,1,4,0,1
37527.92,Withdrawal,Fuel,7,90,0,4,0,0
27707.86,Purchase,Entertainment,23,82,0,5,0,0
83829.86,Deposit,Healthcare,10,4,0,0,0,1
5049.69,Deposit,Grocery,2,42,0,5,0,0
43181.6,Withdrawal,Utility,3,57,1,0,0,0
48826.82,Transfer,Travel,12,87,0,4,0,1
31381.11,Withdrawal,ATM,21,74,1,2,1,0
18915.41,Purchase,Fuel,5,98,1,4,0,0
35992.78,Payment,Grocery,16,56,1,0,0,0
5412.44,Purchase,Healthcare,7,49,1,5,0,0
33823.79,Deposit,Shopping,8,68,0,3,1,0
39713.3,Withdrawal,Entertainment,4,35,0,2,0,0
33197.35,Transfer,Healthcare,5,74,1,5,0,0
36165.94,Purchase,Utility,1,53,0,1,1,0
7633.42,Refund,Shopping,14,80,1,0,0,0
53423.28,Purchase,Healthcare,1,16,1,2,0,0
32893.91,Refund,Grocery,8,81,1,5,0,0
31746.45,Payment,Utility,7,67,0,3,0,0
8575.91,Purchase,Entertainment,8,32,0,5,0,0
24517.71,Payment,ATM,21,38,0,4,0,0
12911.07,Withdrawal,Grocery,7,54,0,2,1,0
56732.63,Transfer,Healthcare,2,60,0,3,0,1
20461.85,Transfer,Healthcare,1,24,1,1,0,0
28242.94,Deposit,Fuel,9,25,0,5,0,0
22165.47,Transfer,Entertainment,8,38,0,1,0,0
27994.39,Refund,Shopping,16,23,1,2,0,0
83383.44,Deposit,Grocery,21,89,1,0,0,1
35268.58,Withdrawal,Restaurant,6,27,1,1,0,0
5494.45,Deposit,Electronics,12,94,0,1,0,0
32708.24,Deposit,ATM,14,68,1,5,0,0
29605.61,Refund,Restaurant,7,76,0,5,0,0
51303.33,Withdrawal,Entertainment,20,42,0,0,1,1
27756.62,Purchase,ATM,16,64,1,3,0,0
12601.34,Refund,Entertainment,17,93,0,0,0,0
33029.45,Purchase,Grocery,18,14,1,3,0,0
38246.32,Refund,Shopping,0,32,1,2,1,0
55008.66,Payment,Healthcare,23,37,0,5,1,1
4667.49,Deposit,Restaurant,12,48,1,1,0,0
13628.06,Refund,Electronics,3,68,1,0,0,0
52677.03,Payment,Shopping,15,44,0,4,0,1
27132.39,Deposit,Fuel,6,78,0,0,0,0
41755.48,Transfer,Travel,13,10,0,2,0,1
80010.83,Transfer,Fuel,16,69,1,5,0,1
31208.42,Transfer,Restaurant,15,51,1,3,0,0
56636.49,Purchase,Electronics,23,17,1,0,0,0
49108.52,Purchase,Shopping,6,47,1,3,0,1
6086.75,Payment,Fuel,21,59,0,2,0,0
30593.64,Withdrawal,Restaurant,8,44,1,0,1,0
25525.97,Withdrawal,Entertainment,18,14,1,5,1,0
7038.13,Refund,Fuel,19,27,1,2,0,0
17976.57,Transfer,Shopping,0,68,1,1,0,0
12796.45,Payment,Shopping,23,68,0,3,0,0
76228.52,Deposit,Travel,19,93,0,0,0,1
34487.84,Refund,Grocery,16,48,0,2,0,0
61914.06,Purchase,Utility,8,75,0,3,1,1
8796.34,Deposit,Healthcare,17,83,1,0,0,0
33963.86,Transfer,ATM,12,82,0,1,0,0
6590.46,Transfer,Grocery,16,40,0,1,0,0
24528.36,Withdrawal,Healthcare,4,100,1,3,0,0
27485.17,Deposit,Grocery,17,61,0,3,0,0
18639.16,Payment,Grocery,20,57,0,5,0,0
39046.36,Deposit,Restaurant,16,78,0,2,0,0
53845.32,Refund,Fuel,21,72,0,2,0,1
33000.21,Deposit,Electronics,4,89,1,2,0,0
26105.32,Withdrawal,Entertainment,18,98,1,4,0,0
37858.13,Transfer,Electronics,17,49,1,2,1,0
46012.81,Withdrawal,Grocery,17,62,1,0,0,0
51702.84,Refund,Travel,18,44,0,2,0,1
28757.2,Refund,Healthcare,16,35,0,0,0,0
89929.96,Withdrawal,Grocery,0,86,1,4,1,1
88627.17,Purchase,Entertainment,16,26,0,0,0,1
4898.26,Purchase,Grocery,2,49,0,4,0,0
24526.68,Deposit,ATM,2,95,1,0,1,0
37655.96,Withdrawal,Shopping,6,75,1,5,1,0
71947.61,Purchase,Travel,7,82,1,2,0,1
50851.3,Payment,Fuel,1,92,1,1,1,1
43526.79,Withdrawal,Travel,0,72,0,5,1,1
23897.01,Payment,Grocery,5,73,0,2,0,0
27286.6,Refund,Shopping,8,9,0,1,0,0
66023.68,Purchase,Fuel,10,46,0,1,0,1
4807.82,Purchase,Utility,0,27,0,5,0,0
49527.53,Withdrawal,Grocery,12,15,0,3,0,1
11504.19,Transfer,Fuel,14,64,1,3,0,0
35594.05,Payment,Electronics,21,70,1,2,0,0
17711.59,Deposit,Fuel,18,42,0,1,1,0
27159.14,Purchase,Electronics,13,36,1,0,0,0
55668.27,Deposit,Healthcare,3,51,1,4,0,1
939.41,Deposit,Utility,21,66,0,1,0,0
15739.79,Withdrawal,Electronics,15,76,0,0,0,0
64706.9,Payment,Fuel,18,70,1,5,1,1
32656.35,Payment,Restaurant,17,32,0,4,0,0
80352.35,Transfer,Entertainment,0,44,0,4,1,1
27269.07,Refund,Shopping,23,82,1,3,0,0
79404.12,Deposit,Grocery,12,64,0,3,0,1
37787.58,Payment,Shopping,4,11,0,1,0,0
32390.56,Transfer,Fuel,2,51,1,0,0,0
79654.06,Payment,Electronics,21,34,1,4,0,1
58138.1,Withdrawal,Electronics,18,18,1,4,1,1
37443.88,Purchase,Shopping,18,69,1,1,1,0
51067.26,Refund,Healthcare,17,3,0,1,0,1
30490.94,Refund,Restaurant,21,70,1,5,0,0
38871.52,Transfer,Fuel,9,78,1,5,0,0
5590.78,Transfer,Travel,14,81,1,0,1,0
11839.73,Withdrawal,Restaurant,17,52,1,3,1,0
46836.85,Deposit,Fuel,0,79,1,2,1,1
64640.91,Purchase,Utility,15,79,1,3,0,1
75670.32,Payment,Fuel,4,41,0,3,0,1
41760.55,Purchase,Entertainment,20,24,0,2,0,1
34194.69,Deposit,Travel,12,49,1,5,1,0
53215.02,Purchase,Electronics,5,36,0,5,0,1
21245.89,Refund,Entertainment,14,76,1,1,0,0
41043.18,Refund,Healthcare,5,82,0,5,0,1
9948.85,Transfer,Entertainment,7,25,0,2,1,0
10756.12,Purchase,Travel,5,69,1,5,1,0
68838.34,Transfer,Entertainment,5,74,0,3,0,1
22216.96,Deposit,Travel,3,29,0,4,1,0
1036.38,Purchase,Utility,16,34,1,4,0,0
11730.16,Transfer,Utility,21,37,1,1,0,0
35980.16,Deposit,ATM,3,87,0,0,1,0
16221.11,Withdrawal,Grocery,6,67,1,4,0,0
19582.23,Purchase,Electronics,11,27,1,2,0,0
84874.45,Payment,Electronics,10,42,0,0,0,1
26894.88,Payment,Utility,23,68,0,1,1,0
17080.38,Transfer,Grocery,0,80,1,1,0,0
70266.85,Purchase,Grocery,11,23,1,3,0,1
14177.1,Refund,Fuel,15,1,1,2,0,0
53422.1,Refund,Shopping,17,99,1,3,0,1
64899.07,Refund,Entertainment,13,8,1,4,1,1
58990.92,Transfer,Fuel,4,64,1,4,0,1
47277.71,Transfer,Shopping,20,44,1,2,0,0
58061.3,Refund,Healthcare,5,65,0,2,0,1
9440.99,Payment,Travel,0,18,0,0,0,0
7954.56,Transfer,Travel,20,30,0,0,0,0
20461.79,Purchase,Travel,10,9,0,0,0,0
57796.33,Purchase,Shopping,6,82,1,4,0,1
8729.94,Refund,Shopping,19,50,1,4,1,0
38624.42,Deposit,Restaurant,13,58,1,5,0,0
12628.13,Withdrawal,Grocery,4,47,0,2,0,0
11506.38,Purchase,Shopping,6,23,0,5,0,0
37652.03,Purchase,Fuel,6,78,0,5,0,0
24980.54,Refund,Electronics,1,49,0,0,0,0
31997.54,Payment,Fuel,6,92,1,2,0,0
10698.78,Payment,Entertainment,16,91,0,5,1,0
33766.27,Withdrawal,Travel,15,60,1,2,0,0
19593.51,Transfer,Utility,4,49,0,4,0,0
69721.83,Refund,Electronics,16,100,1,3,0,1
27484.29,Withdrawal,Utility,3,83,1,1,0,0
57405.79,Withdrawal,Restaurant,14,92,0,4,0,1
52905.37,Transfer,Fuel,5,20,0,5,1,1
14252.7,Deposit,Entertainment,10,85,0,5,0,0
70992.23,Refund,Fuel,7,22,1,5,0,1
7417.18,Refund,Restaurant,10,72,1,2,1,0
87385.43,Deposit,Utility,23,96,1,1,0,1
10909.58,Refund,Travel,8,33,1,4,0,0
26464.49,Payment,ATM,18,57,0,1,0,0
76856.34,Withdrawal,Grocery,10,32,1,4,1,1
1781.89,Transfer,Fuel,18,72,0,1,0,0
32923.97,Deposit,Electronics,4,47,1,5,0,0
31165.58,Withdrawal,Grocery,1,34,1,4,1,0
55655.81,Refund,ATM,14,45,0,5,0,1
16760.0,Refund,Entertainment,1,97,0,1,0,0
6657.9,Transfer,Restaurant,12,83,0,4,0,0
38610.41,Purchase,Travel,5,27,0,0,0,0
12010.49,Withdrawal,ATM,23,45,0,0,0,0
75904.81,Transfer,Shopping,6,8,0,0,1,1
38034.11,Payment,Electronics,19,15,0,3,0,0
24665.68,Deposit,Fuel,3,27,0,0,1,0
23016.67,Deposit,Fuel,1,15,0,0,0,0
26844.81,Purchase,Fuel,5,6,0,4,0,0
55536.43,Deposit,Travel,21,96,1,1,0,1
20305.06,Withdrawal,Grocery,9,74,0,3,1,0
79396.2,Refund,Grocery,21,23,1,5,0,1
37558.37,Transfer,Fuel,3,12,1,0,1,0
35819.76,Withdrawal,Travel,0,74,1,1,0,0
62122.3,Payment,Fuel,0,76,0,5,0,1
49427.27,Purchase,Grocery,6,92,1,1,1,1
69283.77,Withdrawal,Utility,3,19,1,1,1,1
53297.33,Payment,Healthcare,4,28,0,2,0,1
36893.64,Purchase,Fuel,15,7,1,0,0,0
35984.1,Payment,Restaurant,17,64,1,0,0,0
55269.06,Purchase,Utility,23,93,0,3,1,1
15737.61,Withdrawal,Healthcare,16,84,0,2,0,0
3613.0,Withdrawal,Grocery,7,90,1,0,0,0
22177.11,Purchase,ATM,11,52,1,4,1,0
22380.99,Transfer,ATM,2,48,1,4,0,0
50222.54,Payment,Fuel,7,33,1,0,0,0
46172.5,Transfer,Utility,13,1,0,0,0,1
33275.22,Refund,Electronics,1,27,0,5,1,0
25485.94,Purchase,Utility,12,36,0,3,0,0
26920.9,Purchase,Shopping,0,67,0,5,0,0
27860.97,Withdrawal,ATM,0,93,0,2,0,0
3327.6,Withdrawal,Shopping,1,53,1,0,0,0
58201.16,Deposit,Restaurant,10,11,0,2,0,1
1584.93,Payment,Healthcare,6,52,0,0,0,0
67327.84,Refund,Entertainment,5,45,1,3,1,1
36457.07,Withdrawal,Electronics,17,1,1,1,0,0
4828.11,Withdrawal,Utility,8,56,1,3,0,0
1236.94,Refund,Electronics,16,31,0,5,1,0
57908.35,Purchase,Healthcare,12,54,1,0,0,0
26871.19,Deposit,ATM,0,97,0,0,0,0
35175.32,Payment,Utility,3,33,0,0,0,0
18971.31,Refund,Shopping,2,92,1,4,0,0
82355.89,Deposit,Electronics,10,23,0,2,0,1
38916.81,Payment,Entertainment,19,68,1,5,0,0
36218.92,Withdrawal,Utility,18,57,0,3,1,0
13055.39,Deposit,Healthcare,3,53,1,0,0,0
49871.9,Transfer,Grocery,15,62,1,1,0,0
59740.67,Transfer,Entertainment,5,27,1,4,0,1
28089.38,Deposit,Healthcare,5,56,0,0,0,0
3389.86,Refund,Utility,17,22,0,0,1,0
14189.12,Withdrawal,Grocery,20,85,1,0,0,0
5101.7,Deposit,ATM,18,66,1,1,0,0
48937.6,Payment,Grocery,23,69,1,5,0,1
27132.35,Refund,Entertainment,8,39,0,1,0,0
86962.81,Transfer,Shopping,16,95,0,4,1,1
25185.38,Refund,Fuel,1,4,1,4,0,0
33849.4,Transfer,Utility,21,12,0,1,1,0
80615.85,Transfer,ATM,12,12,0,1,1,1
34757.9,Refund,Entertainment,17,65,0,3,1,0
35371.62,Deposit,Utility,21,82,0,2,0,0
25686.26,Withdrawal,Electronics,8,12,1,0,0,0
40484.13,Payment,Shopping,20,32,0,3,0,1
46763.94,Refund,Shopping,7,43,1,2,0,0
38435.92,Payment,ATM,21,86,1,1,0,0
23085.47,Refund,Entertainment,22,82,1,4,1,0
30750.87,Withdrawal,Healthcare,19,55,0,2,1,0
6222.36,Withdrawal,Electronics,14,2,0,4,0,0
16585.51,Withdrawal,Fuel,11,75,0,5,1,0
32008.94,Refund,Fuel,0,65,0,2,1,0
23771.79,Refund,Restaurant,19,6,1,1,0,0
37432.02,Withdrawal,Shopping,14,78,0,3,0,0
21529.05,Purchase,Electronics,9,10,0,0,0,0
12879.29,Refund,Fuel,6,92,1,0,0,0
67996.96,Deposit,Entertainment,0,44,0,1,0,1
56798.22,Payment,Travel,22,3,0,2,0,1
16488.65,Refund,Electronics,13,41,0,1,0,0
53804.88,Refund,Entertainment,12,9,1,5,1,1
32847.59,Purchase,Shopping,4,90,1,4,0,0
4869.21,Deposit,Grocery,12,60,0,0,0,0
87623.32,Transfer,Entertainment,16,14,0,2,0,1
59022.71,Refund,Entertainment,19,85,0,5,1,1
35342.3,Refund,Entertainment,18,40,0,2,0,0
3609.43,Transfer,Grocery,3,16,0,5,0,0
21140.54,Deposit,Utility,11,32,1,5,0,0
12507.78,Purchase,Utility,2,55,0,1,1,0
19726.47,Transfer,Restaurant,13,91,0,0,0,0
35687.63,Refund,Grocery,12,63,0,0,0,0
10817.76,Deposit,ATM,9,18,1,4,0,0
25937.27,Transfer,Entertainment,12,88,1,5,1,0
49229.46,Payment,Grocery,10,56,1,1,0,0
32297.33,Transfer,Travel,13,47,1,3,0,0
46897.44,Purchase,ATM,14,40,1,1,0,0
47955.9,Refund,Grocery,13,17,0,2,0,1
23849.77,Withdrawal,Fuel,13,44,1,0,0,0
52211.89,Transfer,ATM,19,45,0,0,0,1
25748.1,Withdrawal,Electronics,5,20,1,1,1,0
23469.6,Payment,Utility,9,52,0,2,0,0
54652.06,Purchase,Electronics,5,36,0,0,0,1
45653.53,Transfer,Shopping,16,82,1,0,0,1
84357.85,Purchase,Electronics,15,76,1,3,1,1
26822.31,Withdrawal,ATM,19,46,1,0,0,0
43853.77,Deposit,Entertainment,8,22,1,0,0,0
20594.8,Withdrawal,Grocery,6,68,1,1,1,0
27726.14,Payment,Travel,22,76,1,4,0,0
7492.01,Transfer,Fuel,11,34,0,2,0,0
2924.23,Refund,Restaurant,16,42,1,2,0,0
20378.5,Deposit,Entertainment,8,40,1,2,1,0
56085.82,Withdrawal,Restaurant,2,15,0,1,0,1
27099.93,Transfer,Shopping,19,98,1,5,0,0
29408.18,Payment,Restaurant,7,86,1,5,0,0
49196.9,Purchase,Restaurant,17,69,1,5,0,1
57742.74,Transfer,Grocery,20,70,0,0,1,1
36571.96,Transfer,Travel,22,82,0,0,1,0
19928.34,Withdrawal,Travel,23,70,0,2,0,0
66337.68,Withdrawal,Healthcare,0,5,0,4,0,1
15320.75,Transfer,Shopping,2,55,1,1,0,0
49185.01,Deposit,Travel,8,34,1,0,0,0
1032.62,Transfer,Electronics,15,78,0,3,0,0
57624.66,Deposit,Travel,7,83,0,1,1,1
53099.47,Refund,Entertainment,19,73,1,4,0,1
82788.56,Refund,Grocery,9,41,1,4,0,1
51724.69,Deposit,Fuel,8,49,0,0,0,1
54283.06,Refund,Entertainment,22,33,0,2,0,1
14372.2,Deposit,Restaurant,18,58,0,4,0,0
84670.36,Purchase,Fuel,3,83,1,0,1,1
10150.22,Withdrawal,Fuel,16,66,0,5,0,0
76124.92,Purchase,Grocery,3,2,0,1,0,1
30524.6,Payment,Utility,13,49,0,0,0,0
7389.99,Deposit,ATM,21,72,1,5,1,0
17396.96,Refund,Electronics,9,25,1,3,0,0
38505.08,Deposit,Restaurant,17,38,1,5,0,0
25326.3,Purchase,ATM,16,97,0,3,0,0
49940.25,Refund,Fuel,6,41,1,3,0,1
81781.64,Purchase,Grocery,6,94,0,3,1,1
19951.31,Transfer,Travel,23,76,1,3,0,0
5612.45,Deposit,Grocery,13,56,1,3,0,0
42274.37,Purchase,Entertainment,11,39,0,5,0,1
36885.7,Withdrawal,Healthcare,0,58,1,0,1,0
22100.33,Refund,Healthcare,19,61,0,4,0,0
22737.45,Refund,Restaurant,13,54,0,2,0,0
36455.3,Deposit,ATM,18,80,1,1,1,0
28401.46,Purchase,Shopping,7,70,1,4,0,0
48190.76,Deposit,Utility,19,10,1,0,0,0
71761.57,Payment,Fuel,11,59,0,4,1,1
27327.67,Withdrawal,Grocery,2,17,1,5,0,0
18233.27,Deposit,Shopping,18,72,0,3,0,0
67972.35,Purchase,Shopping,0,98,1,1,0,1
58355.9,Purchase,Utility,15,59,1,5,0,1
36552.25,Refund,Fuel,2,13,0,2,0,0
8540.71,Refund,Entertainment,4,56,1,1,0,0
48688.65,Payment,Travel,16,76,0,3,0,1
82504.75,Transfer,Travel,8,17,0,4,0,1
7667.08,Purchase,Travel,13,100,0,0,0,0
3895.82,Transfer,Utility,0,91,0,5,0,0
27615.55,Payment,Restaurant,22,44,1,2,0,0
84934.09,Withdrawal,Fuel,8,61,0,4,0,1
9738.97,Transfer,Grocery,1,12,1,4,0,0
23430.22,Transfer,Utility,7,12,0,3,0,0
78887.62,Refund,Travel,0,62,0,0,0,1
50646.05,Purchase,Electronics,3,74,1,0,0,1
44657.7,Purchase,Electronics,10,24,1,0,0,0
2066.4,Withdrawal,Utility,1,73,0,1,0,0
15459.9,Purchase,Entertainment,18,41,0,0,1,0
74063.69,Deposit,Electronics,16,74,1,4,0,1
7977.15,Refund,Shopping,14,53,0,3,0,0
57564.24,Transfer,Healthcare,15,99,0,3,0,1
12871.72,Refund,Fuel,15,26,1,4,0,0
21172.52,Deposit,Electronics,1,34,1,0,0,0
84674.19,Refund,ATM,12,29,0,0,1,1
25298.54,Deposit,Travel,14,33,0,2,0,0
26923.5,Purchase,Entertainment,8,70,1,0,1,0
32875.03,Refund,Shopping,7,92,1,2,0,0
32457.51,Withdrawal,Travel,7,49,1,3,0,0
23669.07,Transfer,Travel,1,58,1,2,0,0
9651.4,Payment,ATM,10,46,0,2,1,0
54148.57,Refund,Fuel,23,2,0,4,0,1
57067.42,Deposit,Healthcare,23,4,0,1,0,1
48345.93,Payment,Shopping,12,13,0,1,0,1
24426.76,Payment,Entertainment,1,88,0,1,0,0
40987.02,Refund,Travel,7,41,1,5,0,1
52328.18,Purchase,Fuel,5,57,1,4,0,1
51783.14,Payment,Grocery,2,41,0,2,0,1
17022.92,Transfer,ATM,8,57,1,0,1,0
35738.13,Payment,Electronics,14,91,0,1,1,0
82315.51,Purchase,Travel,22,96,1,5,0,1
12275.48,Purchase,Grocery,12,37,0,2,0,0
52709.38,Refund,Electronics,0,36,1,1,0,0
32611.39,Payment,Grocery,16,79,1,0,0,0
79198.43,Deposit,ATM,3,29,1,4,0,1
21744.62,Withdrawal,Travel,21,73,1,1,0,0
38683.11,Purchase,Grocery,1,53,1,4,0,0
46984.0,Payment,ATM,13,71,0,0,1,1
43027.72,Deposit,Restaurant,15,65,1,5,0,1
62668.37,Deposit,Restaurant,18,37,1,4,0,1
9724.74,Payment,Entertainment,5,43,1,0,0,0
15380.72,Transfer,Grocery,2,64,0,3,0,0
11107.84,Payment,Fuel,9,14,1,4,0,0
18532.14,Purchase,Fuel,21,74,0,1,0,0
38624.75,Purchase,Electronics,0,95,0,4,0,0
30675.16,Payment,Grocery,11,32,0,5,1,0
26699.9,Withdrawal,Grocery,4,15,0,3,1,0
45278.8,Withdrawal,ATM,0,37,1,3,0,1
35645.8,Refund,Shopping,14,42,0,0,0,0
57199.75,Refund,Entertainment,9,22,1,0,0,0
27508.63,Withdrawal,Entertainment,21,23,0,5,0,0
53406.7,Transfer,Shopping,5,10,1,3,1,1
10937.86,Payment,Electronics,2,45,0,1,0,0
54423.57,Payment,Fuel,3,83,0,0,0,1
26080.72,Refund,Utility,23,1,1,4,0,0
43846.77,Purchase,Shopping,13,28,1,2,0,0
22965.01,Transfer,ATM,23,60,1,1,0,0
32145.18,Refund,Grocery,22,7,1,1,1,0
30560.37,Deposit,ATM,6,9,1,4,0,0
51987.34,Refund,Utility,5,66,1,2,0,0
9834.56,Deposit,Electronics,16,18,0,5,1,0
37553.8,Purchase,Fuel,17,28,1,4,0,0
16717.72,Withdrawal,Fuel,21,20,0,2,0,0
4055.74,Payment,Healthcare,20,28,0,5,0,0
40420.26,Transfer,ATM,19,91,0,5,0,1
56232.57,Deposit,Grocery,4,5,0,0,0,1
41757.61,Withdrawal,Fuel,22,57,1,2,0,0
30249.95,Purchase,Restaurant,11,92,0,0,0,0
272.86,Payment,Travel,1,53,1,3,0,0
27629.97,Purchase,Travel,22,77,0,3,1,0
89580.08,Payment,ATM,3,79,0,1,0,1
22749.39,Purchase,Entertainment,21,88,0,3,0,0
15893.87,Refund,Grocery,5,75,0,0,0,0
9135.06,Deposit,Shopping,8,9,1,3,0,0
22076.86,Purchase,Restaurant,3,54,1,0,0,0
14108.69,Refund,Travel,13,51,1,0,1,0
3720.63,Payment,Fuel,2,74,1,2,0,0
23551.82,Refund,Healthcare,8,39,0,3,1,0
34096.42,Withdrawal,Healthcare,19,99,0,5,0,0
11467.39,Transfer,Grocery,9,83,1,1,1,0
80362.37,Withdrawal,Entertainment,4,56,0,0,0,1
6174.57,Deposit,Fuel,23,44,1,2,0,0
44420.33,Refund,Shopping,20,6,1,4,0,1
15893.82,Withdrawal,Restaurant,23,40,0,5,1,0
56839.36,Withdrawal,Shopping,10,31,0,5,0,1
13572.28,Withdrawal,Travel,21,8,1,4,0,0
75080.75,Transfer,Restaurant,1,89,0,0,0,1
76042.3,Payment,Entertainment,0,48,1,2,1,1
43332.57,Deposit,Healthcare,15,43,1,3,0,1
33902.63,Deposit,Travel,6,47,0,3,0,0
12596.44,Transfer,Entertainment,12,94,1,0,1,0
1425.35,Transfer,Fuel,2,23,1,2,0,0
62959.54,Deposit,Grocery,18,43,1,4,0,1
83405.19,Withdrawal,Travel,11,74,1,3,0,1
50339.85,Withdrawal,Grocery,14,36,0,1,0,1
39074.84,Withdrawal,Entertainment,3,37,0,5,0,0
46627.42,Refund,Restaurant,7,21,1,0,0,0
13278.64,Transfer,Restaurant,22,8,1,4,1,0
29791.38,Payment,Restaurant,3,88,0,0,0,0
86226.76,Refund,Travel,5,19,0,0,0,1
85013.11,Refund,Healthcare,10,21,0,2,0,1
29883.48,Refund,Utility,8,35,1,0,0,0
47818.29,Deposit,Fuel,20,87,0,5,1,1
24078.27,Withdrawal,Restaurant,14,60,1,1,1,0
16791.58,Transfer,Entertainment,6,25,1,0,0,0
86740.72,Purchase,Grocery,20,90,1,1,1,1
75708.83,Transfer,Travel,20,67,0,0,0,1
39787.83,Deposit,Fuel,2,40,0,2,1,0
46177.44,Withdrawal,Electronics,13,4,1,1,0,0
54515.14,Withdrawal,Entertainment,16,81,0,3,0,1
10643.01,Refund,Travel,11,91,0,4,1,0
77361.14,Deposit,Grocery,19,83,0,4,1,1
10221.66,Refund,Travel,21,88,0,1,0,0
185.31,Deposit,Utility,7,90,0,4,0,0
7839.24,Transfer,Utility,22,89,0,2,0,0
23886.05,Payment,Entertainment,2,65,1,0,1,0
67754.99,Purchase,Shopping,14,6,0,3,1,1
7568.41,Withdrawal,Restaurant,12,5,0,0,1,0
42394.61,Payment,Electronics,11,83,0,4,0,1
59594.03,Payment,Entertainment,22,98,1,4,0,1
8583.9,Transfer,Fuel,4,27,0,5,0,0
15300.0,Withdrawal,Shopping,0,82,0,4,0,0
10800.43,Withdrawal,Travel,17,86,0,5,0,0
12742.71,Transfer,Entertainment,1,49,0,4,0,0
51319.51,Deposit,Grocery,12,32,1,1,0,0
16619.2,Purchase,Shopping,1,35,1,5,1,0
59578.15,Withdrawal,Grocery,15,86,1,1,0,1
39699.8,Purchase,Electronics,7,100,1,1,1,0
39445.37,Refund,Healthcare,21,52,0,4,1,0
21755.77,Payment,Electronics,10,94,1,3,0,0
25744.33,Transfer,ATM,2,23,0,2,0,0
16369.99,Deposit,Healthcare,2,10,1,2,1,0
35496.98,Refund,Electronics,18,93,1,4,0,0
48225.34,Payment,Shopping,15,46,0,0,1,1
4360.13,Purchase,Healthcare,5,56,0,5,0,0
4490.17,Deposit,Utility,3,18,0,1,0,0
27819.17,Withdrawal,ATM,7,97,1,4,1,0
9981.92,Refund,Utility,12,5,1,1,0,0
39156.86,Payment,Utility,7,11,0,1,1,0
21209.77,Deposit,Grocery,14,44,1,5,1,0
36196.81,Deposit,Restaurant,20,88,1,1,0,0
10983.17,Deposit,Entertainment,10,40,0,0,0,0
21183.17,Purchase,Fuel,1,21,0,4,0,0
47992.5,Purchase,Travel,15,49,1,2,1,1
18620.29,Purchase,Grocery,4,54,1,3,0,0
35625.84,Deposit,Entertainment,15,52,1,4,1,0
83605.54,Transfer,Electronics,13,26,1,2,1,1
28268.56,Purchase,Grocery,13,32,1,2,0,0
37025.88,Purchase,ATM,23,50,1,4,1,0
13442.14,Payment,Utility,2,15,1,1,1,0
10836.85,Withdrawal,Grocery,22,48,1,5,0,0
55564.68,Transfer,Electronics,5,68,0,3,1,1
20985.99,Purchase,Travel,19,38,1,4,1,0
45247.78,Transfer,Entertainment,21,56,0,2,0,1
36758.0,Transfer,Restaurant,9,91,1,0,0,0
50043.63,Payment,ATM,19,76,0,4,0,1
52636.7,Transfer,Healthcare,18,58,1,1,0,0
2959.88,Transfer,Grocery,16,98,0,1,0,0
68993.04,Transfer,Shopping,13,17,1,5,0,1
58043.56,Refund,ATM,8,13,0,1,0,1
58561.14,Refund,Utility,4,8,0,0,1,1
28409.8,Refund,Travel,6,37,1,2,0,0
18176.1,Refund,Fuel,4,5,0,0,0,0
34037.75,Refund,Entertainment,9,49,0,1,0,0
12322.01,Purchase,Fuel,23,46,0,1,0,0
34982.78,Payment,Travel,12,46,1,1,0,0
61222.33,Deposit,Utility,0,72,1,0,0,1
13355.11,Transfer,Restaurant,8,90,1,3,1,0
17867.74,Purchase,Restaurant,17,71,1,0,0,0
11774.68,Withdrawal,Restaurant,13,21,0,0,0,0
1221.12,Payment,Healthcare,5,34,1,1,0,0
46907.71,Withdrawal,Utility,22,75,1,4,1,1
22947.6,Refund,Travel,22,91,0,4,0,0
26345.44,Refund,Grocery,4,84,0,5,1,0
12549.58,Transfer,Electronics,14,34,0,0,0,0
9803.02,Transfer,Grocery,4,30,1,0,0,0
26962.5,Refund,ATM,8,55,1,2,0,0
37454.15,Transfer,Fuel,6,26,0,4,0,0
34459.65,Withdrawal,Grocery,4,3,0,2,1,0
11916.39,Purchase,Restaurant,6,2,0,0,0,0
81710.33,Payment,Utility,14,9,0,5,1,1
85439.03,Payment,Entertainment,4,100,1,4,0,1
4786.69,Purchase,Fuel,8,83,1,1,0,0
14175.77,Withdrawal,Restaurant,23,75,1,3,0,0
27561.31,Withdrawal,Healthcare,22,17,0,1,0,0
17631.18,Refund,Grocery,2,59,0,1,0,0
43805.87,Transfer,Grocery,14,93,1,2,1,1
55546.99,Payment,Utility,10,34,1,0,0,0
9329.76,Purchase,Entertainment,11,82,0,4,1,0
10874.73,Deposit,Utility,20,19,1,4,0,0
56462.51,Transfer,ATM,1,75,1,3,1,1
27137.03,Refund,Fuel,7,63,0,5,0,0
7241.63,Purchase,Fuel,3,17,0,0,0,0
48459.81,Payment,Shopping,1,31,1,5,1,1
47896.47,Purchase,Electronics,14,7,1,2,0,0
59325.27,Withdrawal,ATM,4,46,0,4,0,1
56726.25,Purchase,Utility,3,23,0,1,1,1
21706.92,Withdrawal,Restaurant,17,59,0,1,0,0
56730.29,Transfer,Fuel,4,15,1,1,1,1
12221.16,Deposit,Entertainment,6,25,0,5,0,0
30563.62,Transfer,Healthcare,9,57,0,2,1,0
718.43,Refund,Travel,0,35,1,0,0,0
11449.04,Transfer,ATM,21,49,1,0,0,0
38116.18,Deposit,Utility,15,33,0,3,1,0
16153.65,Withdrawal,Fuel,19,95,1,3,0,0
34077.6,Payment,Utility,15,41,0,1,0,0
8591.42,Purchase,Entertainment,2,52,1,4,0,0
9139.47,Refund,Fuel,0,84,1,4,0,0
9182.92,Transfer,Electronics,2,42,1,1,0,0
14737.39,Transfer,Travel,21,90,1,1,1,0
39878.41,Deposit,Fuel,20,53,0,4,0,0
37447.79,Withdrawal,Grocery,13,49,0,2,0,0
13459.81,Purchase,Shopping,10,13,0,1,0,0
3947.52,Refund,Grocery,1,35,0,5,0,0
22389.58,Deposit,Electronics,5,20,0,1,0,0
69110.35,Transfer,Shopping,21,15,1,4,0,1
15802.42,Payment,Healthcare,0,14,0,4,0,0
2650.56,Refund,Grocery,12,40,1,1,0,0
14748.66,Payment,Fuel,18,65,1,3,1,0
16977.96,Transfer,Shopping,10,100,1,5,1,0
13140.92,Payment,Healthcare,23,16,1,5,0,0
53698.86,Deposit,Fuel,3,79,0,5,1,1
36742.88,Purchase,Healthcare,22,9,0,2,0,0
5493.85,Refund,Restaurant,3,37,1,4,0,0
34564.5,Refund,Utility,4,98,1,4,0,0
3515.08,Refund,Electronics,20,21,0,0,0,0
3837.04,Payment,Entertainment,13,3,0,5,0,0
11394.27,Transfer,Restaurant,23,21,1,1,1,0
16282.15,Purchase,Grocery,10,81,0,2,0,0
55501.8,Refund,Restaurant,17,91,0,2,0,1
23946.64,Refund,Fuel,21,100,0,0,1,0
10720.89,Deposit,Entertainment,5,59,1,1,0,0
12947.96,Refund,Restaurant,16,79,1,5,0,0
53008.04,Payment,Entertainment,23,11,1,5,0,1
33173.78,Payment,Fuel,12,59,0,1,1,0
12147.39,Purchase,Grocery,2,25,0,5,0,0
27719.09,Withdrawal,ATM,4,13,0,2,0,0
24423.03,Refund,Electronics,16,62,1,5,0,0
73566.18,Payment,Utility,12,13,0,3,0,1
37308.08,Refund,Shopping,3,84,1,1,0,0
21205.36,Payment,ATM,14,53,0,3,0,0
21061.62,Refund,Entertainment,18,69,0,4,0,0
76316.9,Payment,Fuel,23,87,0,5,0,1
34527.29,Payment,Shopping,12,98,0,4,0,0
20671.37,Purchase,Fuel,10,58,0,2,0,0
45863.38,Withdrawal,ATM,8,86,1,5,0,1
8648.89,Withdrawal,ATM,19,3,1,2,1,0
34488.25,Refund,Entertainment,13,76,1,0,1,0
18488.91,Payment,Utility,0,72,0,4,1,0
24397.12,Deposit,Utility,8,72,1,5,0,0
27776.4,Purchase,Shopping,6,78,1,0,1,0
68994.81,Transfer,Utility,16,81,1,1,1,1
19030.62,Payment,Healthcare,18,69,0,2,0,0
84943.34,Refund,Fuel,21,82,1,0,0,1
24072.86,Purchase,Fuel,12,18,1,0,1,0
21578.3,Refund,ATM,1,3,0,2,0,0
19859.81,Purchase,Restaurant,0,72,0,5,0,0
33244.6,Transfer,Shopping,17,31,1,2,0,0
2929.87,Payment,Restaurant,0,20,1,2,0,0
6199.17,Withdrawal,Grocery,21,45,1,5,1,0
17637.75,Refund,Travel,20,27,0,2,1,0
25976.39,Refund,Healthcare,18,25,1,4,0,0
39252.3,Refund,Grocery,16,98,1,5,0,0
37898.3,Refund,Utility,5,54,0,0,0,0
16355.86,Withdrawal,Entertainment,11,89,0,0,0,0
16528.1,Transfer,Healthcare,8,17,0,3,1,0
56405.91,Transfer,Entertainment,17,52,1,1,0,0
86959.75,Payment,Fuel,4,15,1,2,1,1
13005.75,Withdrawal,Fuel,5,16,0,2,0,0
28875.98,Deposit,Healthcare,14,4,1,3,0,0
36086.86,Payment,Healthcare,17,37,1,2,0,0
29397.02,Transfer,Fuel,3,30,0,2,0,0
10056.83,Purchase,Fuel,9,43,1,1,0,0
39538.88,Refund,Grocery,0,95,0,3,0,0
38035.11,Purchase,Electronics,22,100,1,1,0,0
37087.38,Payment,Utility,5,55,1,4,0,0
10341.05,Refund,Travel,22,87,1,4,0,0
6174.05,Refund,Healthcare,5,88,1,1,0,0
26972.74,Purchase,Shopping,10,63,1,4,0,0
35997.25,Purchase,Travel,1,68,0,2,0,0
61047.99,Transfer,Utility,14,40,1,3,0,1
7233.04,Withdrawal,Healthcare,14,68,1,0,1,0
17434.16,Refund,Healthcare,22,74,1,1,0,0
13412.51,Refund,Restaurant,1,43,0,3,0,0
14454.79,Purchase,Shopping,6,54,0,0,0,0
30411.05,Deposit,Shopping,19,24,1,0,1,0
11858.33,Withdrawal,Shopping,2,46,0,3,1,0
18876.31,Transfer,Shopping,13,24,1,5,0,0
55602.27,Purchase,Utility,22,40,1,2,0,0
21438.8,Deposit,Restaurant,15,66,0,0,0,0
5348.58,Deposit,Utility,6,38,1,3,1,0
35372.13,Payment,Utility,23,49,0,4,1,0
53330.66,Purchase,Healthcare,7,27,1,1,0,0
68951.97,Deposit,Entertainment,8,44,0,4,0,1
60317.13,Refund,Travel,15,30,0,4,0,1
58266.41,Purchase,Electronics,17,77,1,5,0,1
26338.62,Transfer,Shopping,16,39,1,4,0,0
56732.33,Refund,Travel,15,43,1,4,0,1
85373.73,Refund,Grocery,5,19,0,3,1,1
86680.36,Deposit,Electronics,4,39,0,5,1,1
47708.82,Refund,Shopping,9,34,1,0,0,0
58924.35,Withdrawal,Entertainment,15,98,0,4,1,1
72438.96,Withdrawal,Grocery,6,68,1,3,0,1
80771.71,Payment,Shopping,2,36,1,4,0,1
34667.82,Deposit,ATM,20,22,0,3,1,0
13338.57,Transfer,Travel,4,72,1,3,0,0
78705.1,Transfer,Electronics,20,85,1,5,0,1
7399.45,Deposit,Travel,6,17,1,0,0,0
51184.59,Withdrawal,ATM,2,2,0,4,0,1
43438.07,Transfer,Fuel,20,41,1,0,0,0
51349.56,Purchase,ATM,1,89,1,4,0,1
48135.55,Purchase,Healthcare,10,8,0,2,0,1
76059.32,Transfer,Shopping,15,27,1,3,0,1
14595.47,Refund,ATM,12,73,0,1,0,0
58528.12,Refund,Grocery,22,1,1,4,0,1
5248.3,Payment,Electronics,11,82,1,3,0,0
21488.39,Transfer,Entertainment,12,31,1,4,0,0
39635.48,Purchase,Electronics,12,38,0,3,0,0
63982.09,Refund,Restaurant,15,63,0,3,0,1
10707.64,Deposit,Entertainment,13,1,1,1,0,0
4684.95,Purchase,Entertainment,8,33,0,5,1,0
20152.25,Purchase,ATM,22,60,1,5,0,0
2344.66,Deposit,Healthcare,13,34,0,2,0,0
595.53,Deposit,Shopping,17,1,0,3,0,0
15871.5,Withdrawal,Utility,13,27,1,1,0,0
47675.39,Transfer,Healthcare,14,15,0,4,0,1
15681.65,Refund,Entertainment,18,6,1,3,1,0
10470.68,Deposit,ATM,20,89,0,4,0,0
45288.49,Refund,Healthcare,19,66,1,2,0,0
8233.51,Transfer,Electronics,22,31,1,4,1,0
48382.04,Payment,Electronics,14,35,0,0,1,1
79200.3,Purchase,Electronics,12,35,0,1,0,1
57711.85,Purchase,Shopping,15,27,1,3,0,1
14029.64,Payment,Healthcare,15,58,0,2,0,0
30807.8,Purchase,ATM,0,80,0,2,0,0
20985.98,Deposit,Entertainment,0,24,0,3,0,0
36711.66,Withdrawal,Grocery,8,9,0,1,0,0
47546.87,Deposit,Travel,14,60,0,0,0,1
9657.71,Deposit,Utility,22,76,1,0,0,0
87963.82,Transfer,Restaurant,17,83,0,0,1,1
9146.3,Withdrawal,Fuel,8,70,1,0,1,0
22454.34,Payment,Healthcare,18,53,0,1,0,0
49959.67,Payment,Healthcare,4,24,1,0,0,0
2223.22,Deposit,Restaurant,5,54,0,0,0,0
12985.22,Transfer,Entertainment,16,56,0,5,1,0
3459.82,Payment,Grocery,4,70,1,3,0,0
53606.42,Withdrawal,Grocery,1,77,1,1,1,1
27944.3,Refund,Travel,6,53,0,0,0,0
8280.03,Refund,Travel,0,8,0,3,0,0
5459.57,Refund,Grocery,0,60,0,4,1,0
32478.1,Purchase,Utility,5,21,0,0,0,0
29787.29,Payment,ATM,1,96,1,0,1,0
44634.54,Withdrawal,Electronics,0,33,1,5,0,1
27341.81,Payment,Electronics,18,22,0,3,0,0
17658.83,Transfer,Restaurant,13,7,0,1,0,0
1022.27,Withdrawal,Fuel,11,19,0,5,1,0
57265.56,Transfer,Fuel,6,76,1,0,0,1
53113.25,Deposit,Grocery,18,35,1,5,1,1
19016.8,Refund,Grocery,6,87,0,3,0,0
36200.41,Withdrawal,Fuel,15,53,0,5,1,0
69302.25,Transfer,Shopping,0,87,0,2,0,1
19248.18,Purchase,Entertainment,1,17,0,0,0,0
59602.73,Refund,ATM,2,22,1,4,1,1
47490.71,Deposit,ATM,17,53,1,3,1,1
57115.54,Refund,Entertainment,4,28,1,3,0,1
58605.57,Payment,Healthcare,0,66,0,3,0,1
2712.36,Transfer,ATM,18,17,0,3,0,0
50032.98,Payment,ATM,23,93,0,3,0,1
56678.48,Withdrawal,Healthcare,17,35,1,2,1,1
11330.75,Withdrawal,ATM,16,53,1,2,1,0
41210.52,Deposit,Grocery,5,9,0,1,1,1
3751.47,Purchase,Travel,10,1,0,1,0,0
27260.88,Purchase,Shopping,16,49,0,2,1,0
7366.95,Refund,Electronics,19,1,0,4,0,0
67251.25,Purchase,Entertainment,0,3,0,3,0,1
23353.45,Payment,ATM,21,69,1,5,0,0
28853.73,Refund,Travel,9,70,0,4,1,0
50343.33,Transfer,Entertainment,7,6,0,0,0,1
19168.61,Purchase,Restaurant,14,11,0,4,0,0
19850.59,Deposit,ATM,17,83,1,5,0,0
48314.7,Withdrawal,ATM,9,20,0,1,0,1
26844.01,Withdrawal,Travel,7,36,1,3,0,0
51807.49,Payment,ATM,19,77,1,2,0,1
48625.79,Purchase,Electronics,1,71,0,2,0,1
30849.0,Refund,Electronics,22,65,0,1,0,0
31899.62,Refund,Healthcare,0,20,1,1,0,0
13721.35,Refund,Electronics,15,34,1,1,1,0
59745.17,Transfer,Restaurant,13,40,0,1,0,1
6520.25,Withdrawal,ATM,3,99,0,4,0,0
20822.5,Purchase,Entertainment,2,81,0,5,0,0
27932.43,Purchase,Healthcare,21,51,0,0,0,0
3321.55,Withdrawal,Restaurant,1,34,1,3,0,0
1874.52,Withdrawal,Shopping,7,67,0,3,0,0
5465.32,Deposit,Fuel,6,17,1,0,0,0
59629.6,Purchase,Healthcare,17,92,1,0,1,1
53640.64,Deposit,Healthcare,9,49,0,2,0,1
37360.15,Payment,Restaurant,20,39,1,0,0,0
83040.49,Transfer,Restaurant,0,47,1,5,0,1
59950.47,Transfer,Restaurant,11,72,1,0,1,1
23715.04,Transfer,Electronics,23,87,0,3,0,0
57166.94,Purchase,Shopping,12,54,1,2,1,1
30687.14,Transfer,Electronics,19,57,1,4,1,0
34733.05,Transfer,ATM,9,61,1,0,0,0
70453.14,Deposit,Restaurant,11,2,0,3,0,1
18525.21,Transfer,Fuel,4,31,1,2,0,0
60132.53,Transfer,Entertainment,23,97,1,4,0,1
15481.0,Deposit,Entertainment,8,78,1,1,0,0
76961.59,Withdrawal,Grocery,12,85,1,2,0,1
27869.6,Payment,Restaurant,17,71,0,4,0,0
30076.52,Purchase,Entertainment,7,40,0,2,0,0
32256.74,Refund,Fuel,23,9,1,4,1,0
49011.86,Payment,Entertainment,8,100,0,2,0,1
5027.48,Withdrawal,Electronics,5,48,1,1,0,0
3152.37,Deposit,Fuel,7,4,0,5,1,0
6118.76,Refund,Shopping,13,1,0,3,0,0
3842.67,Deposit,Shopping,12,7,0,1,0,0
4902.9,Deposit,Restaurant,3,77,1,4,0,0
14518.04,Transfer,Grocery,0,27,1,3,0,0
2830.67,Deposit,Utility,23,13,1,5,1,0
78806.51,Deposit,Electronics,20,97,1,1,0,1
61409.64,Purchase,Shopping,8,13,1,5,1,1
20328.06,Purchase,Electronics,2,27,1,2,0,0
31402.92,Withdrawal,Electronics,0,61,0,4,1,0
87547.2,Purchase,Utility,4,100,1,4,0,1
85219.08,Purchase,Entertainment,0,71,0,4,1,1
29475.56,Deposit,ATM,18,82,1,2,1,0
26899.78,Purchase,Shopping,6,63,1,1,0,0
40456.81,Payment,Shopping,3,1,0,2,0,1
39114.78,Transfer,Travel,14,65,0,0,0,0
82090.82,Deposit,Healthcare,6,99,0,1,1,1
74987.18,Payment,ATM,1,50,1,4,0,1
37222.65,Purchase,Entertainment,14,88,1,0,1,0
3389.63,Purchase,Restaurant,18,47,0,0,0,0
28872.53,Purchase,Entertainment,9,19,1,0,0,0
83184.06,Purchase,Restaurant,6,47,0,5,0,1
17384.65,Deposit,Electronics,19,69,0,4,0,0
54781.2,Transfer,Shopping,2,29,0,0,0,1
6145.95,Refund,Electronics,0,41,0,0,0,0
80738.46,Purchase,Entertainment,15,93,1,5,1,1
5699.0,Withdrawal,ATM,10,30,1,4,0,0
15648.64,Transfer,Grocery,3,98,1,3,1,0
28400.27,Withdrawal,Utility,16,75,1,0,0,0
54359.39,Refund,Travel,10,96,0,1,0,1
30450.71,Transfer,Electronics,4,30,1,4,1,0
45769.39,Transfer,Travel,8,20,1,5,0,1
17808.58,Payment,Fuel,7,94,1,0,0,0
28166.97,Transfer,Entertainment,23,48,1,3,1,0
12294.09,Purchase,Travel,2,57,0,0,1,0
31940.36,Refund,Utility,3,47,1,2,1,0
29251.89,Deposit,Restaurant,15,86,0,1,0,0
49298.14,Transfer,Restaurant,16,3,0,3,0,1
9803.66,Refund,Travel,22,59,0,3,0,0
58877.78,Withdrawal,Travel,8,99,1,5,1,1
25773.79,Withdrawal,Shopping,16,39,0,3,1,0
8714.63,Withdrawal,Grocery,14,84,1,5,0,0
50642.12,Purchase,Restaurant,10,27,1,3,1,1
24445.57,Refund,Entertainment,23,65,1,4,0,0
10664.26,Deposit,Grocery,8,67,1,4,0,0
20876.5,Deposit,Travel,11,100,0,2,0,0
34704.86,Purchase,Shopping,19,99,0,3,0,0
75681.52,Deposit,Electronics,10,77,1,3,0,1
30061.48,Deposit,Travel,13,58,0,5,1,0
26236.42,Payment,Utility,22,44,1,2,0,0
8915.04,Purchase,ATM,22,4,0,4,0,0
10897.72,Withdrawal,Utility,6,52,0,3,0,0
6474.37,Deposit,Fuel,5,83,0,3,0,0
58125.85,Purchase,Utility,11,84,1,3,0,1
16165.47,Transfer,Fuel,19,70,1,0,0,0
10625.71,Refund,Entertainment,18,71,0,0,0,0
11312.11,Purchase,Entertainment,18,2,0,4,0,0
11144.64,Withdrawal,Entertainment,18,71,0,0,0,0
84759.21,Payment,Healthcare,15,10,0,3,0,1
87361.3,Purchase,Restaurant,2,52,0,3,0,1
11094.03,Transfer,ATM,6,27,0,3,1,0
33835.76,Transfer,Entertainment,18,29,0,3,0,0
62896.43,Payment,Entertainment,7,72,0,4,0,1
6612.67,Transfer,Healthcare,1,21,1,4,0,0
42072.79,Refund,Restaurant,23,78,0,1,1,1
74349.78,Payment,Fuel,17,12,0,4,0,1
27208.49,Transfer,ATM,13,8,0,3,1,0
21418.27,Deposit,Travel,5,59,0,4,0,0
69575.92,Withdrawal,ATM,15,34,1,0,1,1
50804.6,Transfer,Grocery,13,96,1,2,1,1
46321.67,Purchase,Electronics,18,22,0,1,0,1
35128.42,Transfer,Restaurant,19,5,1,2,0,0
492.98,Withdrawal,Fuel,11,25,0,1,0,0
54361.51,Withdrawal,Restaurant,11,9,0,1,0,1
19780.79,Transfer,Grocery,3,80,0,2,0,0
37464.52,Deposit,Grocery,7,52,1,5,0,0
35566.52,Withdrawal,Restaurant,5,38,0,3,0,0
7434.69,Withdrawal,Grocery,17,4,1,4,0,0
85845.31,Transfer,Healthcare,2,21,0,3,0,1
14639.34,Refund,ATM,19,18,0,0,0,0
35321.09,Payment,Entertainment,6,10,1,3,0,0
38490.94,Transfer,Fuel,2,2,1,1,0,0
10930.61,Refund,Restaurant,14,44,0,4,0,0
14003.94,Payment,Electronics,22,30,0,3,0,0
40100.01,Payment,Fuel,13,36,1,2,0,0
65185.6,Refund,Entertainment,8,50,0,1,0,1
18992.76,Withdrawal,Grocery,0,74,0,5,0,0
3861.4,Withdrawal,Healthcare,1,25,0,5,0,0
16327.26,Deposit,Restaurant,10,46,0,2,0,0
83310.86,Deposit,Fuel,3,75,0,2,0,1
36367.33,Payment,ATM,14,82,0,2,1,0
58247.79,Withdrawal,Travel,22,95,1,1,0,1
44183.63,Transfer,Travel,22,70,0,4,0,1
38079.44,Transfer,Shopping,15,64,0,3,1,0
21321.98,Refund,Restaurant,6,31,0,4,1,0
84753.92,Transfer,ATM,1,22,1,3,0,1
64675.94,Transfer,Shopping,11,95,0,5,0,1
23934.12,Payment,Fuel,12,23,0,5,0,0
44253.12,Withdrawal,ATM,5,47,1,1,0,0
52187.63,Purchase,ATM,12,22,0,1,0,1
26888.61,Withdrawal,Travel,23,85,1,1,0,0
5529.32,Refund,Entertainment,6,76,1,1,0,0
35681.9,Withdrawal,Fuel,7,36,0,2,0,0
51047.05,Purchase,ATM,22,84,1,3,0,1
25875.48,Payment,Grocery,8,44,0,4,0,0
36909.94,Withdrawal,Electronics,15,37,0,0,0,0
32370.72,Purchase,Electronics,18,29,0,2,0,0
56983.3,Withdrawal,Fuel,5,39,1,0,0,0
66863.41,Withdrawal,Entertainment,0,89,0,3,0,1
88902.74,Purchase,Travel,12,36,1,0,1,1
34389.33,Withdrawal,Entertainment,9,28,1,0,0,0
26737.1,Withdrawal,Utility,5,26,1,3,0,0
73931.14,Payment,Fuel,7,87,0,1,0,1
8319.29,Refund,Healthcare,9,92,0,3,0,0
54932.05,Withdrawal,Electronics,12,45,1,2,0,0
31449.2,Withdrawal,Utility,5,60,1,5,1,0
10885.64,Payment,Entertainment,1,55,0,2,0,0
6095.2,Purchase,Healthcare,13,9,1,2,0,0
10428.89,Refund,Utility,0,12,1,4,0,0
26773.25,Deposit,Fuel,1,22,1,4,0,0
16193.23,Transfer,Healthcare,2,99,1,1,0,0
26973.25,Payment,Travel,6,65,1,4,0,0
22772.17,Purchase,Fuel,11,38,1,5,0,0
10460.1,Withdrawal,Entertainment,17,73,0,2,1,0
60250.66,Refund,Entertainment,23,91,1,0,0,1
10545.43,Refund,Travel,20,41,1,5,0,0
28669.64,Payment,Healthcare,7,42,0,0,0,0
78166.76,Purchase,Healthcare,21,55,0,2,1,1
27476.48,Transfer,Restaurant,14,65,1,2,0,0
63634.22,Payment,Entertainment,2,70,1,5,0,1
22127.81,Payment,Fuel,21,50,0,3,0,0
27223.41,Transfer,Electronics,16,48,0,0,0,0
20137.84,Deposit,Fuel,18,15,0,4,0,0
78880.44,Deposit,Utility,20,72,1,0,0,1
26708.0,Payment,Grocery,10,5,0,5,0,0
29034.51,Payment,ATM,16,32,0,0,1,0
32924.82,Payment,Restaurant,0,52,1,5,0,0
79924.57,Withdrawal,Fuel,23,24,1,3,1,1
30192.64,Refund,Grocery,16,58,1,2,0,0
12340.58,Transfer,ATM,1,50,1,1,1,0
89741.56,Deposit,Fuel,22,66,1,3,0,1
8426.04,Transfer,Grocery,21,82,1,4,0,0
32749.4,Purchase,Utility,1,34,1,5,0,0
50352.26,Payment,Utility,0,53,1,1,0,0
56615.97,Purchase,Entertainment,5,74,0,3,0,1
33754.95,Refund,ATM,2,87,0,3,0,0
27506.71,Payment,Travel,6,99,0,3,0,0
35280.0,Purchase,Shopping,13,40,1,1,1,0
89530.52,Withdrawal,Grocery,6,92,0,0,0,1
27033.51,Refund,Grocery,3,37,1,4,1,0
11472.07,Payment,ATM,5,9,1,4,1,0
33728.53,Transfer,Healthcare,19,68,0,2,0,0
81991.17,Refund,Healthcare,21,32,0,5,0,1
30169.68,Purchase,Utility,23,69,0,3,1,0
74033.99,Purchase,Entertainment,20,49,1,5,0,1
54085.03,Refund,Grocery,3,49,1,4,0,1
3358.51,Purchase,Restaurant,14,100,0,0,1,0
68092.99,Refund,Fuel,13,81,1,0,1,1
24186.46,Refund,Grocery,16,82,0,3,0,0
49992.12,Refund,Fuel,19,54,0,5,0,1
57089.43,Transfer,Grocery,21,3,1,1,0,0
32436.23,Withdrawal,Utility,20,36,0,0,1,0
48008.56,Payment,ATM,21,15,1,0,0,0
50456.25,Payment,Entertainment,4,2,0,4,0,1
13178.69,Purchase,Fuel,13,25,1,2,0,0
20107.07,Refund,Entertainment,20,84,0,5,0,0
48649.34,Refund,Utility,0,11,0,0,0,1
35840.58,Withdrawal,Healthcare,5,85,1,1,1,0
636.4,Refund,Electronics,4,29,1,2,0,0
15070.54,Refund,Healthcare,18,58,1,5,0,0
19162.88,Payment,Utility,0,17,1,1,1,0
15424.95,Deposit,Healthcare,1,46,1,1,1,0
58256.75,Purchase,Shopping,14,48,1,5,0,1
89913.49,Deposit,Healthcare,16,70,0,0,0,1
59943.86,Withdrawal,Shopping,11,36,1,3,0,1
17093.86,Withdrawal,Entertainment,1,49,1,3,1,0
58070.66,Purchase,Fuel,11,75,1,4,1,1
36329.45,Deposit,Fuel,4,96,0,2,0,0
25075.48,Payment,Fuel,5,53,0,0,1,0
89337.0,Purchase,Utility,18,75,1,1,0,1
45114.59,Refund,Fuel,18,95,0,1,0,1
22392.92,Payment,Shopping,16,60,1,3,0,0
3026.46,Payment,Grocery,9,16,0,2,0,0
58565.29,Transfer,ATM,7,13,1,1,0,0
364.7,Refund,Electronics,4,17,1,0,0,0
50420.54,Purchase,Healthcare,9,7,1,3,0,1
54797.72,Purchase,Healthcare,23,84,0,0,0,1
54077.89,Purchase,Grocery,6,67,1,2,0,0
52189.6,Refund,Utility,4,5,1,5,0,1
3431.11,Deposit,Fuel,9,2,1,4,0,0
87408.42,Withdrawal,Restaurant,10,30,0,4,1,1
38977.2,Purchase,ATM,8,72,1,1,0,0
39567.02,Transfer,Entertainment,17,17,0,0,1,0
59994.25,Withdrawal,Grocery,14,79,1,3,0,1
14949.74,Payment,Fuel,20,94,1,0,0,0
66697.28,Transfer,Utility,8,16,0,2,0,1
29462.5,Refund,Travel,12,13,0,0,1,0
25200.72,Withdrawal,Fuel,2,64,1,0,0,0
35488.1,Refund,Fuel,1,19,1,4,0,0
17966.37,Refund,Utility,6,27,1,0,0,0
46805.87,Withdrawal,Healthcare,9,36,1,2,0,0
18981.27,Payment,Entertainment,0,57,1,1,0,0
46665.79,Purchase,Grocery,22,61,1,2,0,0
5480.72,Refund,Electronics,15,81,0,5,0,0
21165.35,Deposit,Restaurant,21,22,1,0,0,0
30582.12,Withdrawal,Healthcare,1,78,0,4,0,0
19325.56,Transfer,Travel,17,95,0,5,0,0
15007.69,Payment,Healthcare,8,92,1,5,0,0
3129.65,Deposit,Electronics,12,7,1,3,0,0
7122.06,Purchase,ATM,7,2,1,2,0,0
54405.28,Transfer,Grocery,7,78,0,1,0,1
62970.31,Payment,Entertainment,5,99,0,1,0,1
19369.59,Transfer,Grocery,21,57,0,1,1,0
54167.57,Refund,Travel,2,49,1,5,1,1
66079.02,Withdrawal,Travel,23,54,0,1,0,1
2650.03,Transfer,Grocery,16,65,0,3,1,0
2557.47,Deposit,ATM,17,62,0,4,0,0
53986.15,Deposit,Electronics,19,90,0,4,0,1
33257.34,Withdrawal,Entertainment,12,13,0,2,0,0
39522.56,Refund,Grocery,10,21,1,1,0,0
52151.95,Purchase,ATM,20,52,0,2,1,1
28615.32,Purchase,Travel,7,77,1,5,0,0
75551.02,Transfer,Travel,22,36,1,3,0,1
44779.28,Withdrawal,Restaurant,2,57,0,2,1,1
48254.0,Refund,Travel,23,32,1,3,1,1
88930.04,Withdrawal,Entertainment,5,32,1,5,1,1
22500.82,Withdrawal,Entertainment,2,95,1,0,0,0
3000.28,Refund,Utility,0,28,1,4,1,0
26094.97,Purchase,Entertainment,7,6,1,3,0,0
16032.32,Purchase,Travel,1,17,0,5,1,0
35239.84,Purchase,ATM,17,76,0,0,0,0
8675.43,Refund,Electronics,5,8,0,5,0,0
46066.82,Withdrawal,Grocery,19,34,1,1,0,0
34511.24,Payment,Travel,18,60,1,1,0,0
51796.11,Withdrawal,Entertainment,1,7,1,0,0,0
58890.8,Payment,Travel,15,38,1,2,0,0
41639.8,Refund,Fuel,1,41,1,5,0,1
60653.73,Withdrawal,Shopping,2,16,0,5,0,1
58823.02,Transfer,Shopping,6,37,1,2,1,1
3234.74,Deposit,Travel,4,16,1,4,1,0
48670.52,Deposit,Entertainment,12,2,0,3,0,1
26989.69,Transfer,Shopping,13,4,1,0,0,0
21263.84,Deposit,Fuel,13,52,0,1,0,0
57298.08,Purchase,Travel,16,47,0,0,0,1
3332.72,Withdrawal,Electronics,13,64,0,2,1,0
15414.04,Refund,Utility,18,8,1,1,0,0
34073.34,Purchase,Restaurant,7,76,1,2,1,0
87253.61,Purchase,Entertainment,8,94,1,1,0,1
45532.43,Payment,ATM,1,41,1,0,0,0
54666.36,Refund,ATM,17,51,1,5,0,1
73224.06,Transfer,Entertainment,3,71,0,1,0,1
3045.64,Refund,Utility,12,71,0,2,1,0
32569.45,Withdrawal,Restaurant,23,89,1,3,0,0
36247.85,Withdrawal,Grocery,20,13,0,1,0,0
12840.82,Payment,Utility,7,28,0,1,1,0
2491.1,Deposit,Fuel,6,73,1,2,0,0
22626.12,Refund,Fuel,10,31,0,3,1,0
37354.77,Refund,Fuel,8,22,1,3,0,0
2899.37,Deposit,Fuel,7,93,1,5,0,0
4008.99,Withdrawal,Fuel,0,74,0,2,0,0
17670.77,Refund,Restaurant,7,98,0,4,0,0
75270.05,Withdrawal,Healthcare,15,85,0,4,0,1
7697.58,Transfer,Travel,2,43,1,5,0,0
12184.2,Payment,Grocery,14,42,1,4,0,0
12885.3,Withdrawal,Electronics,0,1,1,2,0,0
27019.08,Withdrawal,Fuel,13,81,0,1,1,0
58443.2,Payment,Restaurant,6,10,1,5,0,1
3236.36,Payment,Grocery,14,1,0,4,0,0
8202.8,Payment,Grocery,10,79,1,1,0,0
67322.65,Transfer,Electronics,23,5,1,5,0,1
25738.86,Purchase,Entertainment,15,98,1,4,0,0
926.22,Payment,Fuel,11,73,0,3,0,0
38094.14,Purchase,Restaurant,22,52,0,4,0,0
16109.22,Payment,Healthcare,13,94,0,2,1,0
70682.98,Refund,Utility,20,76,0,0,0,1
15535.48,Payment,ATM,17,91,1,4,0,0
52019.85,Deposit,Shopping,13,5,1,2,0,0
7740.78,Refund,Restaurant,4,54,1,2,0,0
6140.57,Deposit,Restaurant,18,33,1,0,0,0
19839.7,Deposit,Shopping,18,91,0,5,0,0
42018.21,Transfer,Shopping,10,30,1,0,0,0
49015.56,Withdrawal,Utility,13,95,0,1,0,1
20526.38,Deposit,Healthcare,15,39,0,5,0,0
54548.71,Deposit,Utility,23,65,1,0,0,0
39470.14,Withdrawal,Restaurant,14,68,1,0,0,0
77550.15,Transfer,Electronics,12,67,0,3,0,1
23545.76,Refund,Travel,12,40,1,5,0,0
34085.4,Deposit,Travel,16,55,1,4,0,0
9334.5,Payment,Restaurant,21,70,0,0,1,0
25089.13,Payment,Electronics,1,70,0,4,0,0
21444.09,Payment,Entertainment,4,1,0,3,0,0
30005.81,Transfer,Utility,21,65,1,2,0,0
6082.58,Refund,Entertainment,10,42,1,3,0,0
3232.96,Withdrawal,Healthcare,15,56,1,0,0,0
17541.09,Refund,Utility,10,67,1,4,0,0
19573.26,Purchase,Travel,2,54,1,2,0,0
81075.4,Withdrawal,Fuel,8,39,1,0,1,1
50206.19,Withdrawal,Restaurant,16,53,1,0,0,0
24551.73,Payment,Grocery,23,9,1,0,0,0
3739.71,Purchase,ATM,9,35,0,1,1,0
75058.8,Purchase,Travel,23,7,0,0,0,1
35822.96,Purchase,ATM,13,82,0,4,1,0
6660.0,Refund,Utility,4,35,1,1,0,0
60927.19,Transfer,Entertainment,19,35,0,2,0,1
29946.1,Payment,Utility,9,66,0,4,0,0
8507.31,Deposit,Restaurant,18,33,0,2,0,0
39075.35,Payment,Grocery,5,92,1,2,0,0
36670.4,Purchase,Restaurant,2,46,0,2,0,0
5872.51,Purchase,Utility,6,40,0,0,0,0
27670.52,Deposit,Utility,21,59,1,2,1,0
44295.06,Refund,Travel,3,85,1,0,1,1
73862.45,Deposit,Shopping,23,21,0,0,0,1
38837.5,Payment,Shopping,8,14,1,1,0,0
43014.25,Withdrawal,Fuel,13,4,1,5,1,1
6009.55,Withdrawal,Utility,13,62,1,4,0,0
88497.29,Payment,Restaurant,22,1,1,3,0,1
17764.57,Deposit,Electronics,11,12,0,3,0,0
56020.49,Withdrawal,Entertainment,11,44,1,3,0,1
7230.92,Withdrawal,Fuel,14,93,0,1,1,0
28344.43,Refund,Shopping,18,4,0,1,0,0
52387.97,Refund,Grocery,1,91,1,2,0,1
34897.41,Deposit,Utility,1,86,1,3,1,0
18906.22,Deposit,Healthcare,2,81,1,3,1,0
27819.86,Withdrawal,ATM,16,10,0,3,0,0
33513.8,Purchase,Travel,18,9,1,3,0,0
56860.85,Transfer,Travel,16,78,1,1,1,1
51792.2,Refund,Utility,13,27,0,1,0,1
37958.89,Refund,Entertainment,21,14,0,0,0,0
50855.34,Transfer,Electronics,17,70,0,1,1,1
23342.64,Purchase,Shopping,4,4,1,0,1,0
13244.82,Refund,Grocery,3,7,1,4,0,0
13511.83,Withdrawal,ATM,17,19,1,4,0,0
59228.23,Deposit,Shopping,21,56,1,4,1,1
60944.1,Payment,Utility,10,59,1,4,0,1
45979.94,Payment,Grocery,15,57,0,5,0,1
40912.6,Deposit,Restaurant,3,42,1,2,0,0
31535.38,Transfer,Utility,21,5,1,1,0,0
47012.06,Refund,ATM,21,95,0,4,0,1
3927.09,Transfer,Shopping,17,27,0,0,0,0
58668.84,Payment,Grocery,20,90,0,1,0,1
37704.33,Purchase,Restaurant,12,69,1,0,0,0
65088.39,Payment,Shopping,19,10,0,4,1,1
21493.91,Purchase,Fuel,7,82,1,5,0,0
1581.91,Refund,Healthcare,8,53,1,4,0,0
25977.18,Withdrawal,Entertainment,23,55,1,0,0,0
87520.65,Withdrawal,ATM,10,62,0,3,0,1
14087.93,Transfer,Utility,22,21,0,5,1,0
8288.64,Refund,Entertainment,17,100,0,5,0,0
59756.19,Purchase,Travel,17,48,1,5,0,1
37647.05,Purchase,Entertainment,23,48,0,4,0,0
56809.38,Transfer,Shopping,7,75,1,3,0,1
73448.53,Transfer,Healthcare,12,61,1,3,0,1
16137.31,Transfer,Shopping,9,84,0,5,1,0
886.36,Refund,Electronics,13,9,1,0,0,0
38767.27,Withdrawal,Fuel,2,66,0,3,0,0
23257.58,Transfer,Electronics,7,98,1,2,1,0
78117.48,Purchase,ATM,8,72,0,5,1,1
58268.5,Withdrawal,ATM,23,17,1,2,0,0
34550.76,Purchase,Fuel,13,82,1,5,0,0
24995.41,Deposit,ATM,12,91,0,0,0,0
26186.89,Payment,Utility,3,77,1,3,1,0
10516.38,Purchase,Grocery,4,41,1,1,0,0
4434.99,Purchase,Fuel,4,18,0,2,0,0
21549.2,Withdrawal,Utility,13,71,0,3,1,0
19711.13,Deposit,Grocery,3,61,1,4,0,0
1711.42,Deposit,Healthcare,8,52,0,2,0,0
18312.32,Withdrawal,Restaurant,7,100,1,0,1,0
6691.62,Payment,Travel,13,40,0,3,0,0
4082.41,Payment,Restaurant,15,97,0,3,0,0
21425.3,Refund,Travel,23,83,1,4,0,0
48732.38,Withdrawal,Fuel,15,88,1,3,0,1
20662.18,Withdrawal,Shopping,10,1,0,5,0,0
52512.79,Deposit,Restaurant,8,100,1,5,0,1
45326.19,Refund,Shopping,7,74,0,2,1,1
22490.1,Purchase,Healthcare,11,36,1,5,0,0
6955.96,Payment,Healthcare,18,26,0,2,0,0
12898.01,Deposit,ATM,14,68,1,4,0,0
26504.65,Withdrawal,Grocery,9,2,1,2,0,0
30172.7,Deposit,Entertainment,13,13,0,0,0,0
18789.99,Purchase,Electronics,23,90,1,1,0,0
26044.74,Refund,Electronics,10,12,0,2,0,0
65524.84,Refund,Entertainment,5,81,0,0,1,1
7819.55,Purchase,ATM,21,52,1,3,0,0
55997.6,Payment,Grocery,13,83,0,1,1,1
833.02,Deposit,Electronics,11,34,0,5,0,0
52469.3,Purchase,Grocery,5,25,0,1,1,1
17369.57,Deposit,Travel,22,3,1,1,0,0
28875.94,Purchase,Electronics,9,20,0,3,1,0
1243.69,Purchase,Travel,2,33,1,5,0,0
51187.55,Payment,Entertainment,7,27,0,1,0,1
2926.77,Transfer,Restaurant,18,17,0,5,0,0
54348.05,Payment,Fuel,20,4,0,5,0,1
38540.37,Refund,Healthcare,6,29,0,1,0,0
14671.09,Transfer,Fuel,16,49,0,1,0,0
13073.04,Refund,Healthcare,10,53,1,2,0,0
25748.99,Withdrawal,Shopping,12,39,1,4,1,0
16130.6,Purchase,Fuel,8,75,1,3,0,0
66309.9,Deposit,Grocery,23,75,1,1,1,1
82567.76,Withdrawal,Healthcare,21,74,1,1,1,1
48863.04,Purchase,Travel,22,23,1,3,0,1
37213.35,Payment,Entertainment,5,48,0,5,0,0
13228.61,Payment,Entertainment,9,14,1,3,0,0
46669.54,Payment,ATM,22,48,0,2,1,1
33715.46,Payment,Entertainment,23,41,0,2,0,0
9330.35,Deposit,Entertainment,4,98,1,5,0,0
20391.41,Withdrawal,Entertainment,15,76,0,2,0,0
19506.5,Purchase,Fuel,20,59,1,1,0,0
14856.43,Withdrawal,Healthcare,13,71,1,4,1,0
17832.5,Refund,Grocery,13,13,1,5,0,0
21333.63,Payment,ATM,20,31,0,3,0,0
56017.94,Withdrawal,Shopping,2,13,1,4,0,1
41498.89,Payment,Restaurant,15,17,1,0,1,1
33400.32,Purchase,Electronics,8,69,1,3,0,0
58754.81,Withdrawal,Entertainment,23,36,0,0,0,1
11118.22,Payment,Restaurant,18,99,1,3,1,0
20733.91,Deposit,Healthcare,4,96,0,3,0,0
81293.66,Payment,Restaurant,6,77,0,3,0,1
30387.06,Deposit,Healthcare,0,28,1,4,0,0
58145.92,Deposit,Electronics,21,15,0,5,1,1
24760.47,Payment,Electronics,19,53,1,5,0,0
2068.4,Refund,Restaurant,6,43,0,4,0,0
72073.44,Payment,Electronics,5,45,0,0,1,1
13974.27,Deposit,ATM,1,98,0,1,0,0
80755.47,Transfer,Restaurant,15,86,1,3,0,1
57305.3,Transfer,Grocery,18,70,1,0,0,0
63020.55,Payment,Utility,19,28,0,0,0,1
86521.54,Transfer,ATM,20,91,0,0,0,1
24311.48,Purchase,Fuel,16,72,1,3,0,0
8748.33,Refund,Grocery,23,10,0,1,0,0
53300.49,Withdrawal,Healthcare,16,96,1,2,0,1
33971.91,Withdrawal,Travel,6,10,1,0,1,0
3619.76,Deposit,Electronics,15,76,0,1,1,0
12276.36,Transfer,Utility,3,90,0,3,0,0
18276.96,Withdrawal,Electronics,18,88,1,0,0,0
7241.94,Payment,Grocery,5,67,0,2,0,0
86824.63,Refund,Utility,20,39,1,1,1,1
17744.39,Withdrawal,Entertainment,15,66,1,3,1,0
2346.8,Payment,Restaurant,19,10,0,4,0,0
7414.64,Deposit,Utility,9,79,0,5,1,0
17109.14,Refund,Healthcare,5,32,0,0,0,0
19956.63,Purchase,Electronics,22,31,0,2,0,0
24450.55,Payment,ATM,21,56,0,3,0,0
44401.66,Transfer,Travel,10,22,1,1,1,1
69426.16,Purchase,Fuel,20,47,1,3,0,1
36310.09,Deposit,ATM,8,67,1,3,1,0
6447.42,Refund,ATM,19,29,0,0,0,0
12571.61,Deposit,Travel,13,58,1,5,1,0
27395.52,Transfer,Shopping,9,19,0,3,0,0
1650.83,Payment,Entertainment,4,98,1,3,0,0
57350.45,Payment,Grocery,15,3,0,0,0,1
2527.46,Withdrawal,Grocery,12,66,1,1,0,0
58108.04,Deposit,Shopping,14,100,0,0,0,1
59297.7,Payment,Entertainment,17,77,0,5,0,1
24517.87,Purchase,Utility,4,69,0,0,1,0
8486.42,Withdrawal,Shopping,23,15,0,2,0,0
17106.12,Withdrawal,Shopping,4,24,0,4,0,0
21539.16,Refund,Healthcare,15,42,0,4,0,0
5626.94,Refund,ATM,19,39,0,0,0,0
53405.42,Deposit,Shopping,8,58,0,1,0,1
58034.21,Withdrawal,Travel,21,4,1,1,0,0
17427.17,Payment,Fuel,5,99,0,0,1,0
31499.03,Deposit,Travel,15,72,0,4,1,0
6229.37,Purchase,Fuel,17,3,0,0,0,0
79295.06,Transfer,Travel,7,39,0,4,0,1
69777.12,Purchase,Healthcare,9,61,1,3,0,1
13398.58,Withdrawal,Electronics,20,66,0,0,1,0
27933.08,Transfer,Utility,17,83,0,5,0,0
15109.8,Refund,Electronics,21,19,0,1,1,0
33197.72,Withdrawal,Entertainment,19,74,0,2,0,0
32729.4,Transfer,Utility,11,76,1,5,0,0
34029.68,Transfer,Fuel,18,95,0,3,1,0
4093.99,Purchase,Healthcare,11,20,1,0,1,0
27195.59,Purchase,Entertainment,10,54,1,1,0,0
8719.71,Transfer,Travel,14,6,0,3,0,0
8486.8,Payment,Electronics,7,54,0,2,0,0
36996.32,Withdrawal,Grocery,16,36,0,3,1,0
85922.91,Withdrawal,ATM,12,38,1,2,1,1
58566.67,Transfer,Grocery,17,37,0,1,0,1
18538.07,Purchase,Grocery,8,11,1,5,0,0
19724.93,Deposit,Travel,10,32,1,4,0,0
62047.06,Transfer,Travel,14,37,0,3,0,1
59805.29,Withdrawal,Healthcare,5,48,1,0,0,0
21594.3,Withdrawal,Restaurant,21,19,1,5,0,0
13658.95,Withdrawal,Electronics,10,82,0,4,1,0
72004.24,Transfer,Grocery,4,78,1,3,0,1
49770.3,Payment,Fuel,3,63,1,1,0,0
55833.21,Purchase,Healthcare,2,53,1,4,0,1
23833.28,Withdrawal,Entertainment,12,78,0,3,0,0
30056.69,Withdrawal,Travel,1,28,0,1,0,0
25137.41,Transfer,Shopping,11,1,0,1,0,0
12777.62,Deposit,ATM,1,14,0,5,0,0
223.49,Refund,Restaurant,15,78,1,0,0,0
22669.29,Deposit,Grocery,5,91,1,3,0,0
3933.02,Withdrawal,Travel,12,92,1,5,1,0
34804.09,Deposit,Travel,11,77,1,0,1,0
8289.31,Refund,Fuel,7,1,1,2,0,0
17163.34,Withdrawal,Electronics,12,84,1,3,0,0
869.63,Payment,Healthcare,14,94,1,1,1,0
55207.8,Deposit,Electronics,19,38,1,1,0,0
20464.88,Deposit,Utility,15,55,1,5,1,0
1687.51,Transfer,Fuel,21,61,1,0,0,0
24466.09,Refund,Fuel,17,12,1,3,0,0
73172.86,Purchase,ATM,1,20,0,1,0,1
12349.42,Deposit,Utility,0,50,1,5,1,0
35187.85,Withdrawal,Fuel,4,26,1,0,0,0
24903.7,Purchase,Fuel,12,82,1,5,0,0
11634.65,Payment,Electronics,2,37,0,4,0,0
34230.88,Purchase,Grocery,23,32,1,2,0,0
12510.03,Refund,ATM,22,20,0,5,0,0
7695.92,Transfer,Entertainment,11,77,1,3,0,0
60412.43,Payment,Shopping,22,34,0,3,0,1
5991.87,Purchase,Travel,6,68,0,0,0,0
23635.87,Transfer,Grocery,12,46,0,5,1,0
29322.32,Withdrawal,Entertainment,14,29,1,0,0,0
78811.69,Transfer,Travel,11,29,0,3,0,1
35361.97,Refund,Utility,13,34,1,4,0,0
63305.82,Withdrawal,Fuel,8,74,1,5,0,1
19686.76,Withdrawal,Travel,0,53,0,4,1,0
45066.56,Refund,Travel,3,19,0,3,0,1
71293.81,Deposit,Utility,5,77,0,5,0,1
34574.13,Withdrawal,Healthcare,21,35,0,0,0,0
67204.25,Transfer,Entertainment,21,48,0,1,0,1
51492.38,Refund,Grocery,9,45,1,5,1,1
12296.35,Refund,Healthcare,22,84,0,3,0,0
33374.48,Deposit,ATM,16,18,0,2,1,0
57137.68,Withdrawal,Restaurant,6,57,0,5,0,1
11908.11,Purchase,Entertainment,15,52,1,0,1,0
6858.14,Deposit,Restaurant,21,18,1,1,0,0
7677.36,Withdrawal,Fuel,0,7,1,4,0,0
87614.85,Transfer,Shopping,6,27,0,3,1,1
83331.96,Refund,Fuel,22,70,1,3,0,1
1539.21,Deposit,Healthcare,19,37,1,4,0,0
8819.72,Transfer,Entertainment,8,73,0,0,0,0
49509.72,Refund,Travel,2,73,0,2,0,1
28564.09,Purchase,Electronics,3,43,1,3,0,0
17221.89,Refund,Grocery,17,7,0,4,0,0
3926.08,Deposit,Electronics,1,37,0,2,0,0
73543.74,Payment,Entertainment,16,44,0,5,0,1
27539.08,Purchase,Healthcare,16,83,0,3,0,0
6276.25,Transfer,Shopping,1,26,0,4,0,0
29274.79,Payment,Shopping,10,49,1,3,0,0
9370.59,Payment,Shopping,8,5,0,4,0,0
26212.29,Payment,Electronics,12,78,0,3,0,0
6858.08,Purchase,Travel,16,50,1,4,1,0
39873.34,Refund,ATM,15,50,1,2,0,0
89056.83,Withdrawal,Entertainment,2,61,0,5,0,1
35324.94,Withdrawal,Travel,6,33,1,5,0,0
14890.13,Payment,Travel,14,91,0,4,0,0
23334.99,Withdrawal,Restaurant,18,84,0,2,0,0
4085.5,Deposit,Fuel,3,60,1,2,0,0
36324.67,Transfer,Shopping,8,55,1,4,1,0
12350.06,Withdrawal,Grocery,6,1,0,4,0,0
15377.27,Payment,Fuel,15,97,1,3,0,0
7634.34,Purchase,Travel,23,91,0,1,0,0
53569.95,Refund,Travel,9,55,0,1,0,1
38370.62,Purchase,Shopping,18,61,0,5,0,0
27407.24,Withdrawal,Shopping,22,22,1,3,1,0
7783.47,Deposit,Electronics,3,98,1,1,0,0
46835.94,Deposit,Utility,20,65,1,1,0,0
49654.09,Purchase,Grocery,14,11,0,0,0,1
53318.03,Transfer,Fuel,6,38,1,3,0,1
45467.74,Transfer,Utility,22,85,1,3,0,1
21949.4,Deposit,Entertainment,3,87,1,0,1,0
24462.51,Refund,Entertainment,11,99,1,3,1,0
11766.8,Purchase,ATM,19,93,1,4,0,0
56176.53,Transfer,Grocery,0,79,1,1,0,1
37486.17,Withdrawal,Entertainment,21,92,1,1,1,0
59046.05,Deposit,Fuel,4,12,0,2,0,1
25337.87,Payment,Grocery,11,89,1,3,0,0
2324.8,Purchase,Travel,15,82,0,0,0,0
25201.63,Deposit,Electronics,1,9,1,5,0,0
40198.54,Purchase,Shopping,1,18,1,2,0,0
17412.44,Payment,Travel,19,59,0,1,0,0
6557.04,Refund,Restaurant,11,63,0,4,0,0
14623.71,Refund,Entertainment,15,73,0,2,1,0
54345.08,Deposit,Shopping,13,82,1,2,0,1
46742.94,Payment,Fuel,21,53,1,2,0,0
59311.23,Withdrawal,Healthcare,12,69,1,2,0,0
1345.39,Payment,Fuel,9,1,0,0,0,0
5252.39,Payment,Grocery,2,39,1,0,0,0
74326.61,Purchase,Shopping,10,36,0,1,1,1
53926.17,Deposit,Grocery,20,90,0,1,0,1
54433.76,Withdrawal,Entertainment,19,92,0,0,0,1
31310.36,Purchase,Shopping,19,76,0,0,1,0
20221.75,Deposit,Grocery,9,69,0,1,0,0
37336.09,Transfer,Electronics,10,70,0,4,0,0
25087.83,Withdrawal,Grocery,8,91,0,5,1,0
30759.51,Purchase,Restaurant,13,51,0,4,0,0
20992.53,Purchase,Fuel,4,87,1,4,0,0
52321.71,Refund,Healthcare,14,90,1,3,0,1
40493.16,Withdrawal,Electronics,2,5,1,5,0,1
37162.16,Purchase,ATM,13,64,0,4,1,0
8481.86,Transfer,Fuel,3,72,0,5,0,0
38893.57,Payment,ATM,7,61,1,5,0,0
30594.32,Deposit,Electronics,12,63,1,3,0,0
26003.29,Payment,Entertainment,4,85,0,3,0,0
27647.43,Refund,Travel,0,12,1,5,0,0
26155.38,Payment,Fuel,18,21,0,3,1,0
5228.95,Refund,Shopping,0,73,0,3,1,0
34888.73,Payment,Travel,5,24,0,3,0,0
20549.76,Withdrawal,Travel,18,69,0,1,0,0
22872.9,Payment,Utility,14,20,1,2,1,0
19093.56,Purchase,Shopping,6,72,1,5,0,0
19846.72,Purchase,Healthcare,3,99,1,0,1,0
52057.41,Refund,ATM,6,74,0,1,0,1
2458.73,Refund,Utility,2,83,0,2,1,0
35702.51,Deposit,Travel,1,1,0,2,0,0
73915.22,Deposit,Fuel,16,58,1,2,1,1
20459.73,Withdrawal,ATM,6,3,0,0,0,0
29655.12,Purchase,Electronics,20,65,1,5,0,0
9806.85,Withdrawal,ATM,0,52,1,1,0,0
23128.06,Withdrawal,Entertainment,19,27,0,5,0,0
48761.94,Purchase,Grocery,15,82,0,0,0,1
28227.45,Payment,Entertainment,4,34,1,2,0,0
48424.9,Deposit,Healthcare,0,90,1,3,0,1
15417.16,Transfer,Entertainment,21,77,1,3,1,0
15263.81,Deposit,Entertainment,17,64,0,2,0,0
39353.45,Transfer,Restaurant,8,43,0,2,1,0
40008.8,Refund,Shopping,21,54,1,4,0,1
39329.36,Refund,Restaurant,9,72,0,5,0,0
55815.19,Payment,Fuel,13,64,0,3,1,1
14697.82,Purchase,Utility,15,47,1,0,0,0
18115.89,Deposit,Entertainment,19,72,0,5,0,0
21426.26,Deposit,Entertainment,19,89,1,4,0,0
35793.25,Deposit,Healthcare,10,8,1,5,0,0
3163.08,Refund,Healthcare,12,60,0,5,0,0
86160.52,Withdrawal,Healthcare,5,98,0,4,0,1
40050.56,Payment,Fuel,18,41,1,5,0,1
20171.44,Purchase,Restaurant,17,4,0,3,0,0
18063.85,Transfer,Electronics,11,5,0,5,0,0
20670.72,Transfer,Grocery,21,24,0,2,0,0
49479.41,Purchase,Fuel,14,77,1,5,0,1
14416.14,Refund,Travel,6,11,0,0,0,0
11160.57,Transfer,ATM,0,36,0,3,0,0
54376.03,Payment,Healthcare,4,71,1,5,1,1
31758.93,Transfer,Electronics,22,7,1,3,0,0
37952.05,Refund,Travel,11,38,1,0,0,0
19518.32,Payment,Grocery,19,81,0,4,0,0
45372.35,Purchase,Utility,21,39,1,2,0,0
11269.97,Withdrawal,Utility,22,5,1,1,1,0
23177.75,Purchase,Entertainment,14,26,0,3,0,0
43176.59,Withdrawal,Electronics,21,41,1,2,1,1
1821.97,Deposit,Fuel,13,33,0,1,1,0
945.52,Transfer,Shopping,3,66,1,3,0,0
14505.89,Refund,Grocery,13,74,0,0,1,0
56467.39,Withdrawal,ATM,19,44,0,3,1,1
26498.72,Transfer,ATM,18,70,0,1,1,0
70022.4,Deposit,Electronics,5,98,0,2,0,1
39047.75,Purchase,Healthcare,16,45,0,5,0,0
22039.44,Purchase,Fuel,11,78,0,3,0,0
15395.57,Deposit,Fuel,17,23,0,0,0,0
36422.07,Payment,Travel,11,57,1,3,0,0
53733.71,Purchase,Electronics,22,43,1,4,0,1
86190.82,Purchase,Shopping,22,26,1,1,1,1
29070.28,Purchase,Grocery,21,84,0,5,1,0
56928.55,Deposit,Electronics,10,3,1,1,0,0
12896.41,Payment,ATM,4,50,1,0,1,0
44643.99,Withdrawal,Shopping,3,55,0,5,0,1
23884.51,Payment,Restaurant,19,20,0,0,0,0
6923.11,Purchase,Travel,14,28,1,3,1,0
26580.05,Purchase,Travel,4,73,1,3,0,0
3483.13,Transfer,Travel,19,95,0,2,0,0
81311.25,Transfer,Travel,1,2,0,0,0,1
38313.28,Withdrawal,Shopping,15,72,0,1,0,0
2929.13,Purchase,Fuel,19,41,1,3,1,0
60659.36,Deposit,Grocery,8,2,0,2,1,1
32548.04,Deposit,Electronics,17,92,0,1,1,0
4393.09,Purchase,Grocery,2,32,0,3,0,0
6122.95,Transfer,Electronics,7,32,1,3,0,0
21763.56,Transfer,Fuel,4,1,0,1,0,0
68533.73,Withdrawal,Fuel,1,99,0,5,0,1
38945.92,Deposit,Entertainment,7,54,0,1,0,0
28004.81,Deposit,Utility,7,95,1,4,0,0
11132.82,Refund,ATM,22,40,1,3,1,0
46854.55,Purchase,Grocery,11,17,0,2,0,1
74439.48,Purchase,Utility,3,56,0,2,0,1
484.54,Refund,ATM,10,14,0,1,1,0
56679.38,Transfer,Electronics,3,100,0,4,0,1
20712.62,Transfer,Entertainment,19,61,0,4,1,0
4787.02,Payment,Electronics,19,24,1,3,1,0
45030.0,Payment,Utility,23,88,0,5,1,1
79936.26,Withdrawal,ATM,11,52,0,1,1,1
27580.11,Refund,Restaurant,0,48,1,3,0,0
43793.37,Withdrawal,Shopping,16,62,1,0,0,0
47268.79,Withdrawal,Healthcare,21,49,0,2,0,1
81249.12,Withdrawal,Utility,13,27,0,0,0,1
22538.14,Payment,Electronics,21,39,0,5,0,0
12511.82,Transfer,Shopping,7,15,1,4,1,0
22688.75,Payment,Healthcare,15,4,1,3,0,0
22706.53,Refund,Entertainment,18,66,1,0,0,0
29236.64,Refund,Restaurant,0,4,1,4,0,0
53150.62,Refund,Restaurant,12,94,0,5,0,1
23059.78,Withdrawal,ATM,3,85,0,3,0,0
22689.51,Refund,Restaurant,8,9,0,2,0,0
10303.3,Deposit,Fuel,18,13,0,4,1,0
1323.29,Refund,Fuel,8,62,0,4,0,0
75471.53,Refund,Electronics,14,90,1,5,0,1
65195.81,Refund,ATM,23,94,1,4,1,1
7541.91,Refund,Grocery,10,21,0,0,1,0
33218.23,Transfer,Shopping,13,43,1,2,0,0
37947.37,Refund,Electronics,0,56,0,3,0,0
65744.93,Deposit,Travel,13,32,0,3,0,1
35841.34,Transfer,Travel,14,23,1,0,1,0
31580.79,Refund,Entertainment,6,63,0,0,0,0
54323.17,Deposit,ATM,20,75,0,3,0,1
47741.14,Purchase,Utility,2,55,1,2,0,0
25353.34,Deposit,Fuel,3,50,0,5,0,0
45283.35,Purchase,Restaurant,2,61,1,2,0,0
78738.08,Purchase,Healthcare,22,78,0,1,1,1
54237.94,Transfer,Shopping,10,65,0,2,1,1
51051.62,Withdrawal,ATM,18,71,0,1,1,1
6439.9,Withdrawal,ATM,20,20,0,2,0,0
37798.08,Transfer,Electronics,19,90,0,2,0,0
46679.52,Transfer,Utility,13,23,0,5,0,1
5950.31,Deposit,Shopping,12,30,1,2,0,0
23437.75,Withdrawal,Shopping,8,41,0,0,0,0
31326.85,Purchase,ATM,7,2,1,4,1,0
21805.51,Deposit,Travel,19,6,1,5,0,0
33787.96,Refund,Shopping,14,18,1,5,0,0
38199.46,Deposit,ATM,19,23,0,3,1,0
30542.51,Withdrawal,Travel,20,98,0,3,1,0
27223.99,Purchase,Restaurant,6,80,1,1,1,0
58479.8,Payment,Fuel,3,62,0,5,0,1
44125.02,Withdrawal,Healthcare,4,84,0,5,0,1
78008.38,Purchase,ATM,16,93,0,0,1,1
38963.93,Payment,Travel,9,2,0,4,0,0
9402.55,Transfer,Healthcare,8,22,1,4,0,0
538.64,Deposit,Grocery,5,89,1,1,0,0
7169.12,Refund,Healthcare,14,53,1,5,0,0
81121.8,Deposit,Shopping,13,85,0,2,1,1
53845.57,Transfer,Electronics,9,64,1,1,0,0
73061.51,Payment,Grocery,10,40,0,2,0,1
19166.53,Refund,Fuel,12,10,0,0,0,0
14587.53,Transfer,ATM,8,24,0,0,0,0
55517.74,Payment,Entertainment,13,75,1,4,0,1
37544.24,Refund,Entertainment,2,73,1,0,0,0
57619.92,Refund,Restaurant,19,87,0,4,0,1
30792.0,Deposit,Fuel,9,1,1,3,0,0
66268.79,Withdrawal,Healthcare,13,25,0,2,0,1
30513.05,Purchase,Shopping,12,56,1,5,0,0
23084.77,Transfer,Healthcare,5,37,0,5,0,0
16212.42,Refund,Fuel,17,43,1,0,1,0
36565.84,Transfer,Grocery,18,45,0,4,0,0
17074.42,Payment,Grocery,7,73,1,4,1,0
2783.61,Withdrawal,Travel,19,13,1,3,0,0
45745.12,Payment,Electronics,17,67,0,0,0,1
59158.71,Transfer,Healthcare,4,71,1,1,0,1
35383.67,Refund,Entertainment,21,49,1,3,1,0
27508.81,Refund,ATM,8,59,0,3,0,0
37311.41,Deposit,Grocery,13,75,0,0,0,0
47787.45,Purchase,Electronics,0,98,0,4,0,1
25984.89,Payment,Electronics,10,51,1,2,1,0
62296.18,Transfer,Grocery,20,44,0,4,1,1
41688.23,Deposit,Healthcare,8,73,0,1,0,1
19519.89,Transfer,ATM,20,56,1,0,0,0
18720.91,Purchase,Travel,13,53,0,3,0,0
52551.84,Withdrawal,Healthcare,5,72,1,0,1,1
3436.25,Transfer,Utility,3,39,0,1,0,0
45358.64,Deposit,Restaurant,17,42,1,3,0,1
34420.92,Transfer,Shopping,2,81,1,1,0,0
30777.72,Deposit,Entertainment,17,7,1,1,0,0
26412.57,Withdrawal,Grocery,23,11,0,0,0,0
191.87,Refund,Entertainment,19,43,0,4,0,0
31498.43,Transfer,Shopping,11,19,1,3,0,0
3191.17,Payment,Grocery,6,50,1,3,0,0
12755.96,Withdrawal,Entertainment,6,33,1,5,0,0
14034.49,Refund,Healthcare,12,66,1,5,0,0
26440.69,Refund,Electronics,21,20,0,1,0,0
50308.09,Payment,Electronics,15,92,0,3,0,1
40544.6,Transfer,Healthcare,11,60,1,3,0,1
30615.47,Payment,Restaurant,12,57,1,5,0,0
36835.22,Refund,ATM,15,64,1,3,0,0
8386.41,Deposit,Healthcare,20,31,1,4,0,0
57741.95,Transfer,Restaurant,14,96,1,2,0,1
15981.79,Payment,Entertainment,14,54,1,2,0,0
18556.71,Withdrawal,Grocery,15,54,1,2,0,0
45287.43,Payment,Travel,6,39,0,0,0,1
34301.43,Deposit,Restaurant,1,80,0,0,0,0
14605.87,Transfer,Grocery,13,48,1,2,0,0
21990.87,Transfer,Healthcare,10,32,1,5,1,0
86193.97,Transfer,Fuel,6,87,0,3,1,1
4301.36,Deposit,Grocery,1,34,1,0,0,0
4812.0,Deposit,Restaurant,9,75,1,3,0,0
5297.14,Deposit,ATM,16,73,1,2,0,0
25640.47,Purchase,Travel,16,28,1,2,1,0
30716.19,Transfer,Healthcare,15,58,1,0,1,0
24053.73,Deposit,Grocery,8,93,1,5,1,0
60439.21,Deposit,Entertainment,17,19,0,5,0,1
45162.4,Refund,ATM,11,3,0,2,0,1
82717.92,Withdrawal,ATM,22,24,1,3,0,1
4118.41,Deposit,Restaurant,19,69,1,1,0,0
22628.18,Purchase,Travel,2,28,0,4,1,0
15274.49,Transfer,Utility,9,58,0,1,0,0
51898.17,Deposit,Shopping,10,22,1,3,0,1
1099.55,Purchase,Restaurant,10,78,1,2,0,0
50314.33,Deposit,Fuel,23,29,1,5,0,1
5821.17,Refund,Entertainment,13,40,1,3,0,0
21384.96,Purchase,Restaurant,11,10,0,0,0,0
21020.78,Transfer,Restaurant,8,54,1,4,0,0
29388.67,Refund,Shopping,17,47,0,5,0,0
88805.97,Refund,Travel,10,80,0,4,0,1
22669.71,Withdrawal,Shopping,12,43,1,4,0,0
18731.83,Transfer,ATM,5,28,0,0,0,0
59565.88,Refund,Electronics,17,92,0,5,0,1
18774.23,Purchase,Healthcare,12,25,1,1,0,0
79340.8,Withdrawal,Electronics,22,78,1,4,1,1
9368.78,Purchase,ATM,23,14,0,0,0,0
5378.45,Withdrawal,Healthcare,2,12,1,5,1,0
50953.6,Withdrawal,Electronics,10,83,1,2,0,1
714.74,Transfer,Restaurant,1,25,0,2,0,0
21697.7,Payment,Shopping,2,86,0,0,1,0
24465.96,Refund,Healthcare,21,99,1,2,1,0
7268.79,Deposit,Entertainment,7,96,1,2,0,0
56331.7,Refund,Fuel,19,76,0,1,1,1
41097.71,Refund,Healthcare,10,20,0,3,0,1
72713.68,Deposit,Electronics,0,54,0,5,1,1
8126.46,Purchase,Grocery,22,94,0,1,0,0
9201.5,Deposit,Electronics,12,69,0,3,0,0
62165.63,Purchase,Utility,11,82,1,1,1,1
70591.64,Withdrawal,Grocery,16,25,1,3,0,1
3044.46,Withdrawal,Travel,15,17,0,4,1,0
60282.01,Withdrawal,Fuel,4,4,0,5,1,1
36642.61,Payment,Fuel,8,25,1,0,0,0
73428.85,Purchase,Healthcare,10,24,0,2,0,1
10492.8,Refund,Entertainment,0,49,0,2,0,0
15883.05,Withdrawal,Healthcare,0,54,1,2,1,0
38110.4,Payment,ATM,10,6,0,2,0,0
12333.84,Deposit,ATM,16,43,1,3,0,0
13311.4,Purchase,Entertainment,10,81,1,3,0,0
20920.92,Refund,Utility,16,66,1,5,1,0
39574.21,Deposit,ATM,19,31,0,1,1,0
53094.78,Purchase,Entertainment,20,17,0,4,0,1
78895.63,Deposit,Restaurant,17,49,0,2,1,1
12518.14,Purchase,ATM,19,2,0,4,0,0
33651.16,Purchase,Healthcare,16,76,1,5,0,0
15650.97,Deposit,ATM,9,40,0,4,0,0
33691.58,Refund,Grocery,11,30,1,3,0,0
38412.32,Refund,Travel,2,95,1,3,0,0
29656.12,Refund,Travel,23,29,0,5,1,0
75994.5,Refund,Healthcare,16,98,1,5,1,1
43042.56,Withdrawal,ATM,5,48,0,1,0,1
2599.89,Purchase,Shopping,6,20,0,2,0,0
29149.01,Refund,Shopping,10,55,1,5,1,0
48122.44,Payment,Utility,16,3,1,2,0,0
51595.17,Withdrawal,Utility,8,94,1,4,0,1
76910.37,Withdrawal,Travel,20,26,0,3,0,1
75862.41,Refund,Fuel,16,90,1,2,1,1
19461.51,Deposit,Healthcare,16,50,0,3,1,0
20145.25,Purchase,Electronics,19,80,1,3,0,0
46741.12,Transfer,ATM,13,46,1,0,0,0
14331.21,Payment,Healthcare,3,79,1,3,1,0
3755.43,Deposit,Grocery,1,73,0,2,0,0
34578.87,Purchase,Entertainment,6,5,0,5,0,0
45583.54,Deposit,Fuel,5,36,0,1,0,1
24671.57,Withdrawal,Healthcare,21,77,0,3,1,0
57299.57,Purchase,ATM,20,67,1,3,0,1
33257.57,Refund,Grocery,8,2,0,1,0,0
24074.68,Purchase,Travel,7,57,0,2,1,0
25068.05,Deposit,Utility,3,45,1,2,0,0
36941.75,Purchase,Travel,7,75,0,3,0,0
29796.78,Payment,Utility,8,96,1,5,0,0
37480.65,Purchase,Travel,23,27,1,5,0,0
24585.2,Purchase,Electronics,19,89,0,5,0,0
52780.79,Deposit,Fuel,16,47,0,1,0,1
27293.93,Transfer,Restaurant,17,32,0,5,1,0
25065.42,Transfer,Shopping,4,12,0,3,0,0
17385.42,Withdrawal,ATM,11,51,1,5,0,0
5022.95,Payment,Grocery,14,72,0,3,0,0
22541.19,Refund,ATM,3,78,0,3,1,0
52434.51,Purchase,Fuel,18,87,1,2,0,1
31089.22,Withdrawal,Electronics,13,36,0,4,0,0
26751.98,Deposit,Travel,21,74,1,2,1,0
21762.52,Transfer,Entertainment,10,75,0,3,0,0
13437.04,Transfer,ATM,8,84,0,5,0,0
51603.42,Payment,Shopping,15,85,1,0,0,1
29263.93,Withdrawal,Fuel,23,1,1,4,0,0
35665.17,Deposit,Restaurant,9,15,1,1,0,0
65805.46,Payment,Electronics,1,85,0,0,0,1
76240.55,Withdrawal,Healthcare,19,34,0,5,0,1
24137.32,Payment,Fuel,5,46,1,3,0,0
23671.12,Purchase,Restaurant,10,35,1,2,0,0
51656.13,Transfer,Travel,14,28,1,1,0,0
29210.47,Refund,Travel,11,45,0,5,0,0
24206.87,Refund,Healthcare,15,47,0,5,1,0
10141.89,Withdrawal,Shopping,8,81,0,1,1,0
6195.54,Withdrawal,Healthcare,14,1,1,0,1,0
81421.09,Payment,ATM,14,82,0,2,1,1
34357.15,Deposit,Restaurant,9,16,1,5,0,0
42861.69,Purchase,Shopping,22,28,1,2,0,0
6136.3,Payment,Grocery,3,60,0,1,1,0
46586.97,Purchase,Utility,11,79,0,5,0,1
29383.98,Payment,Utility,18,83,1,4,0,0
23932.32,Payment,ATM,5,68,1,2,0,0
39908.49,Deposit,Fuel,3,96,1,4,0,0
55806.87,Refund,Entertainment,14,52,0,2,0,1
3561.8,Deposit,Travel,22,68,1,0,1,0
60543.27,Withdrawal,Fuel,17,69,0,2,0,1
2922.99,Purchase,Restaurant,19,1,0,2,0,0
25989.57,Payment,Healthcare,5,64,1,4,0,0
88346.95,Deposit,Restaurant,10,62,1,3,0,1
48295.1,Withdrawal,Grocery,21,7,1,5,0,1
58461.13,Payment,Travel,17,20,1,0,0,0
48605.71,Transfer,Fuel,21,54,0,5,1,1
5398.79,Deposit,Electronics,4,65,1,3,0,0
19404.05,Withdrawal,Fuel,6,22,0,2,0,0
50589.82,Withdrawal,Entertainment,2,14,1,5,0,1
22714.79,Transfer,Entertainment,10,58,1,5,0,0
55479.61,Transfer,Restaurant,5,48,1,2,0,0
22984.59,Purchase,Shopping,3,99,1,0,0,0
12444.04,Payment,Restaurant,16,3,1,1,0,0
30828.16,Deposit,Shopping,3,89,0,3,1,0
87575.34,Purchase,Shopping,8,64,0,2,1,1
58489.18,Transfer,Shopping,7,26,0,2,0,1
11816.14,Purchase,Fuel,14,22,0,3,0,0
63980.45,Refund,Utility,12,38,1,3,0,1
8748.43,Deposit,Utility,13,14,0,3,1,0
63721.62,Refund,Travel,0,62,1,5,1,1
33698.76,Purchase,Utility,4,6,1,4,1,0
2778.49,Deposit,Healthcare,3,65,1,4,0,0
36924.02,Deposit,Fuel,12,39,1,3,0,0
19441.79,Payment,Healthcare,3,76,0,3,0,0
88436.53,Deposit,Restaurant,19,88,0,3,0,1
20243.96,Deposit,Utility,20,2,0,2,0,0
7490.63,Deposit,Electronics,22,77,1,5,0,0
62606.69,Purchase,Travel,17,74,0,1,1,1
4112.38,Purchase,Utility,8,23,0,2,0,0
50088.67,Withdrawal,Entertainment,23,18,1,1,1,1
30912.5,Refund,Grocery,17,91,1,2,0,0
45384.72,Withdrawal,ATM,7,26,1,4,0,1
26973.21,Withdrawal,ATM,20,11,0,3,0,0
34477.22,Transfer,Electronics,15,40,1,2,1,0
18325.07,Deposit,Travel,3,4,0,5,0,0
22121.84,Purchase,Fuel,17,32,0,0,0,0
48500.77,Deposit,ATM,22,62,0,1,0,1
11615.51,Payment,Electronics,15,64,0,3,0,0
4515.46,Transfer,Entertainment,16,58,0,4,0,0
32498.15,Transfer,Entertainment,0,43,0,3,0,0
23172.57,Withdrawal,Shopping,18,42,0,1,1,0
51953.6,Transfer,Electronics,17,59,1,3,1,1
55493.0,Payment,Healthcare,7,40,1,5,1,1
15925.38,Purchase,Utility,7,6,0,1,0,0
7066.99,Payment,Utility,10,97,1,2,0,0
42084.48,Purchase,Healthcare,17,36,0,4,0,1
1270.07,Deposit,Restaurant,3,70,0,2,1,0
49075.94,Transfer,Healthcare,5,62,0,3,0,1
29098.6,Transfer,Utility,13,16,0,0,0,0
40449.29,Refund,Utility,12,40,1,2,0,0
9186.87,Transfer,Entertainment,10,60,0,4,1,0
45516.89,Payment,ATM,6,38,1,2,0,0
31752.64,Refund,Grocery,19,65,1,5,1,0
55337.92,Transfer,Entertainment,0,56,1,5,0,1
2122.82,Deposit,Entertainment,2,28,0,3,1,0
70425.04,Payment,Utility,14,57,1,3,0,1
52772.57,Payment,Fuel,12,29,1,3,0,1
69925.44,Payment,Electronics,21,11,0,3,0,1
17316.44,Payment,Fuel,5,85,0,3,0,0
13018.94,Withdrawal,Restaurant,6,88,0,0,0,0
48882.28,Refund,Restaurant,8,36,1,0,1,1
23989.72,Payment,ATM,8,91,0,5,0,0
19454.81,Transfer,Fuel,6,44,1,4,1,0
14622.16,Withdrawal,ATM,9,12,0,4,0,0
17307.38,Deposit,Grocery,1,49,1,2,0,0
15429.91,Payment,Travel,7,14,0,4,0,0
89701.1,Transfer,Travel,9,19,0,2,0,1
33083.85,Withdrawal,Travel,10,4,1,4,1,0
2618.39,Deposit,Utility,17,51,0,5,0,0
85470.01,Deposit,ATM,4,22,0,1,0,1
32442.74,Refund,Travel,17,52,1,1,0,0
12258.66,Payment,ATM,16,100,1,1,1,0
81784.54,Deposit,Electronics,8,21,1,4,0,1
599.68,Payment,ATM,12,40,1,0,1,0
1261.23,Withdrawal,Fuel,17,72,0,3,0,0
41118.01,Purchase,Grocery,5,68,1,2,0,0
5027.92,Withdrawal,Grocery,4,88,0,5,0,0
16598.06,Payment,Travel,9,47,1,0,1,0
24406.87,Payment,ATM,4,85,0,0,0,0
10349.93,Withdrawal,Utility,10,84,0,0,0,0
13865.73,Deposit,ATM,14,33,1,1,0,0
12179.63,Deposit,Entertainment,1,62,1,2,0,0
23934.0,Refund,Travel,16,64,0,1,0,0
26781.51,Deposit,Grocery,13,7,0,2,0,0
16146.68,Refund,Fuel,7,18,1,3,0,0
517.34,Deposit,Shopping,10,65,0,4,1,0
50810.7,Transfer,Grocery,23,14,1,3,1,1
33027.55,Purchase,ATM,4,6,0,4,0,0
58174.93,Deposit,Travel,4,31,0,5,0,1
30380.7,Transfer,ATM,20,26,1,4,0,0
4731.79,Refund,Electronics,10,69,1,2,0,0
58418.37,Withdrawal,ATM,20,57,0,2,0,1
18011.7,Payment,Travel,14,39,0,2,0,0
20815.04,Payment,Restaurant,18,53,0,3,0,0
39222.8,Purchase,Shopping,17,31,0,1,0,0
28852.99,Payment,Utility,7,98,1,5,1,0
65809.79,Transfer,Healthcare,6,82,1,1,0,1
20319.75,Payment,Fuel,19,49,1,3,0,0
86764.31,Payment,Healthcare,7,67,0,1,0,1
34912.82,Deposit,Grocery,20,38,0,2,1,0
668.08,Payment,Grocery,20,4,0,4,0,0
24970.46,Purchase,Entertainment,22,46,1,1,1,0
15775.77,Transfer,Fuel,12,49,0,1,0,0
82358.29,Withdrawal,Grocery,7,53,0,0,0,1
6613.12,Purchase,Electronics,21,43,0,3,0,0
88200.07,Deposit,Electronics,14,24,0,3,0,1
31350.03,Transfer,Entertainment,18,2,0,5,0,0
26957.67,Withdrawal,ATM,7,28,1,4,0,0
37025.76,Transfer,Fuel,5,74,0,5,0,0
15026.86,Deposit,Entertainment,22,62,1,0,0,0
27951.9,Refund,Grocery,5,22,1,1,0,0
8680.65,Withdrawal,Entertainment,10,2,0,5,0,0
83909.94,Refund,Grocery,18,5,0,3,0,1
15040.23,Deposit,Healthcare,9,19,1,4,1,0
10644.56,Deposit,Travel,10,34,0,5,0,0
43474.69,Withdrawal,Electronics,12,80,1,4,0,1
37356.17,Deposit,Entertainment,14,47,1,4,0,0
16702.88,Transfer,Restaurant,21,74,1,4,0,0
33520.36,Withdrawal,ATM,5,89,1,1,1,0
87041.42,Withdrawal,Travel,14,26,0,4,0,1
59147.04,Withdrawal,Healthcare,10,32,0,0,0,1
38049.11,Withdrawal,Fuel,9,98,1,2,0,0
14579.48,Refund,Travel,6,92,1,1,0,0
14987.43,Transfer,Grocery,10,10,1,0,0,0
22001.69,Withdrawal,Travel,3,4,1,5,0,0
38079.59,Transfer,Travel,17,64,0,4,0,0
56783.57,Deposit,Grocery,8,20,0,5,0,1
19312.44,Refund,ATM,5,48,1,0,0,0
50684.38,Refund,Grocery,15,99,0,4,0,1
36713.3,Deposit,Travel,0,45,0,5,0,0
41551.19,Transfer,Electronics,19,92,1,0,0,1
10503.29,Transfer,Travel,15,16,1,3,0,0
7307.44,Refund,Fuel,8,53,0,0,1,0
14323.05,Payment,Fuel,2,86,1,5,1,0
2587.98,Withdrawal,Grocery,0,59,1,0,0,0
65042.67,Withdrawal,Grocery,10,78,1,4,0,1
1536.32,Purchase,Healthcare,6,88,0,5,1,0
4810.97,Refund,Grocery,23,98,0,0,0,0
36033.75,Transfer,Entertainment,23,13,0,5,0,0
2392.07,Payment,Shopping,16,65,0,4,0,0
42492.52,Payment,Electronics,12,32,0,3,1,1
74737.73,Purchase,Shopping,21,46,1,4,0,1
10648.22,Payment,Travel,12,98,0,3,1,0
43467.75,Purchase,Grocery,15,20,1,1,0,0
37973.19,Refund,Electronics,21,86,1,3,0,0
30994.33,Payment,Restaurant,11,54,1,0,1,0
71928.68,Deposit,Grocery,17,29,0,3,1,1
36493.14,Deposit,ATM,11,14,1,2,0,0
15879.78,Withdrawal,Entertainment,14,11,1,3,1,0
4195.85,Purchase,Entertainment,12,68,1,3,0,0
21323.97,Refund,Travel,15,13,0,3,0,0
78772.23,Purchase,Travel,21,78,1,3,0,1
1073.82,Refund,Grocery,20,84,1,1,0,0
79673.87,Purchase,Fuel,11,68,1,3,0,1
6055.36,Deposit,Utility,15,31,0,5,0,0
22333.48,Payment,Shopping,15,14,0,3,0,0
15831.01,Refund,Utility,21,20,0,0,0,0
39525.23,Purchase,Fuel,11,38,1,2,0,0
34124.91,Transfer,Healthcare,18,5,0,5,0,0
8192.77,Payment,Entertainment,20,59,0,4,1,0
14998.97,Payment,Electronics,12,28,0,1,0,0
18840.99,Withdrawal,Grocery,0,4,0,2,0,0
6470.76,Refund,Healthcare,19,29,0,3,0,0
72863.88,Refund,ATM,20,53,1,2,1,1
20275.74,Deposit,Restaurant,11,13,1,1,0,0
7730.95,Payment,Travel,20,52,0,0,0,0
83160.31,Purchase,Fuel,7,37,0,2,1,1
68246.22,Purchase,Fuel,11,11,1,4,0,1
24212.56,Deposit,Fuel,16,2,1,0,1,0
29319.02,Purchase,Shopping,3,24,0,4,0,0
59687.33,Refund,Healthcare,8,63,0,4,1,1
9402.04,Payment,Entertainment,19,42,1,2,0,0
11564.43,Withdrawal,Fuel,8,89,0,2,1,0
22082.78,Purchase,Restaurant,14,31,1,0,0,0
22877.52,Withdrawal,Electronics,3,69,0,5,0,0
62245.56,Payment,ATM,3,34,0,4,0,1
44044.9,Purchase,Healthcare,14,12,0,0,0,1
17439.02,Payment,ATM,4,39,1,3,0,0
45361.55,Purchase,Restaurant,8,11,1,0,0,0
56931.76,Refund,Electronics,3,72,0,2,0,1
18652.09,Deposit,Restaurant,5,41,0,3,0,0
47563.86,Payment,Grocery,16,47,1,0,0,0
4245.62,Payment,Utility,3,38,1,4,0,0
28480.7,Withdrawal,Electronics,8,46,1,2,0,0
57047.81,Withdrawal,Utility,10,85,1,4,0,1
322.23,Withdrawal,Restaurant,14,34,1,4,1,0
5428.8,Withdrawal,Restaurant,19,14,0,3,0,0
13526.43,Deposit,Entertainment,9,10,0,3,0,0
20926.21,Payment,Utility,11,30,0,5,0,0
73980.32,Payment,Restaurant,2,88,0,0,0,1
2343.37,Transfer,Entertainment,3,22,1,1,1,0
27886.36,Transfer,Grocery,1,36,1,2,1,0
31054.19,Transfer,Shopping,12,100,1,4,0,0
59294.85,Payment,Grocery,20,32,1,0,0,0
56986.08,Payment,Utility,0,97,0,3,1,1
48555.79,Withdrawal,Utility,10,74,1,4,0,1
6486.36,Purchase,Utility,16,14,0,0,1,0
10296.25,Deposit,Entertainment,1,5,1,4,0,0
57569.22,Purchase,Healthcare,9,38,0,2,0,1
59097.12,Withdrawal,Restaurant,21,85,1,5,1,1
49130.76,Transfer,Fuel,7,73,0,3,0,1
23145.14,Transfer,Restaurant,0,97,0,2,0,0
74141.75,Payment,Travel,6,93,1,5,0,1
51964.67,Payment,Restaurant,3,59,0,4,0,1
59830.63,Refund,Utility,22,93,0,1,0,1
33249.15,Deposit,Restaurant,19,20,1,5,1,0
34632.77,Deposit,Electronics,8,90,0,1,0,0
451.23,Purchase,Utility,19,50,1,0,1,0
27804.2,Transfer,Shopping,20,13,1,1,0,0
1567.41,Withdrawal,Electronics,22,16,1,1,0,0
23649.38,Deposit,ATM,17,79,0,2,0,0
56326.42,Payment,Restaurant,18,69,1,0,0,0
15107.19,Deposit,Travel,11,63,0,1,0,0
21790.74,Withdrawal,Utility,22,13,1,3,0,0
23426.87,Withdrawal,ATM,20,8,1,0,0,0
5081.54,Purchase,Grocery,1,86,0,0,0,0
11632.33,Transfer,Entertainment,2,54,0,4,1,0
75266.37,Transfer,Healthcare,23,80,0,1,0,1
39993.96,Refund,Shopping,4,84,0,4,0,0
11878.86,Payment,ATM,19,7,1,3,0,0
29678.03,Withdrawal,Electronics,1,34,1,4,0,0
4305.42,Payment,Restaurant,20,53,1,2,1,0
24698.58,Withdrawal,Fuel,2,99,0,1,0,0
23125.95,Purchase,Shopping,23,51,1,0,1,0
64636.29,Deposit,Restaurant,0,20,0,3,0,1
24888.24,Withdrawal,Entertainment,16,25,1,5,0,0
77085.77,Payment,Entertainment,8,2,0,1,0,1
53142.12,Deposit,Restaurant,21,23,1,1,0,0
27719.61,Deposit,Entertainment,14,14,0,3,0,0
18849.98,Transfer,ATM,19,73,1,1,0,0
86480.77,Refund,Entertainment,8,34,1,5,0,1
52339.28,Deposit,Entertainment,22,94,1,4,0,1
1556.06,Purchase,Healthcare,7,29,0,3,0,0
60647.4,Deposit,Shopping,0,42,1,3,0,1
86503.25,Deposit,Grocery,20,50,0,3,1,1
57276.33,Refund,Electronics,22,20,0,5,0,1
23776.66,Payment,Fuel,3,53,0,5,1,0
4440.37,Purchase,Restaurant,4,25,1,4,0,0
28157.59,Purchase,Fuel,19,41,1,5,1,0
88275.17,Withdrawal,Utility,18,26,1,3,0,1
4502.08,Withdrawal,Healthcare,23,58,1,5,0,0
8990.22,Payment,Restaurant,12,59,0,1,1,0
9702.73,Transfer,Entertainment,20,60,1,0,0,0
61267.22,Refund,Healthcare,23,21,0,1,0,1
37733.89,Withdrawal,Grocery,23,66,0,4,0,0
47982.32,Deposit,Shopping,4,66,1,1,0,0
38236.93,Purchase,Utility,21,92,0,0,0,0
9045.82,Withdrawal,Entertainment,11,98,1,4,0,0
51197.7,Purchase,Utility,4,1,0,4,1,1
29454.4,Payment,Healthcare,21,9,1,5,0,0
9504.91,Deposit,Entertainment,6,81,1,2,0,0
1197.39,Deposit,Travel,11,43,0,5,0,0
41349.27,Transfer,Electronics,1,66,0,4,0,1
870.61,Deposit,Fuel,4,55,0,1,0,0
2393.35,Payment,Grocery,14,18,0,1,0,0
40999.89,Deposit,Shopping,7,1,0,5,0,1
58838.6,Deposit,Healthcare,6,59,1,1,0,0
13344.7,Refund,Fuel,17,4,0,3,1,0
654.06,Payment,Entertainment,19,50,1,5,0,0
56577.76,Withdrawal,Grocery,8,48,1,2,0,0
356.62,Payment,Electronics,13,51,1,4,1,0
6081.16,Deposit,Shopping,9,38,1,4,0,0
49825.12,Deposit,Electronics,15,53,1,1,1,1
49105.17,Withdrawal,Healthcare,3,16,1,0,0,0
7417.93,Deposit,ATM,13,79,1,0,0,0
8076.23,Withdrawal,Travel,11,21,0,5,0,0
38194.07,Refund,Grocery,10,65,0,3,1,0
29866.95,Withdrawal,Travel,8,95,0,5,0,0
2898.7,Payment,Fuel,10,96,0,4,0,0
30441.89,Purchase,Electronics,3,43,0,2,0,0
13340.84,Payment,Fuel,14,58,0,3,0,0
15358.15,Payment,Healthcare,17,76,0,1,0,0
4137.68,Transfer,Shopping,16,1,1,0,1,0
57581.5,Transfer,Fuel,5,78,0,2,0,1
33855.5,Deposit,Travel,19,24,0,2,0,0
47136.74,Payment,Travel,14,64,0,0,0,1
24759.46,Refund,Restaurant,0,91,1,2,1,0
133.68,Withdrawal,Utility,8,42,0,0,1,0
88391.73,Refund,Travel,16,74,1,0,0,1
3741.19,Withdrawal,Electronics,6,26,1,5,1,0
7881.29,Refund,Restaurant,8,59,1,5,0,0
16917.72,Refund,ATM,16,76,0,0,1,0
28045.88,Purchase,Electronics,23,32,1,4,0,0
31300.15,Deposit,Travel,22,51,0,1,0,0
44059.43,Payment,Shopping,16,87,1,1,0,1
46578.95,Refund,ATM,16,51,0,4,0,1
38738.49,Payment,Entertainment,22,32,0,5,0,0
75779.6,Payment,Restaurant,15,76,1,4,0,1
24239.22,Deposit,Healthcare,9,36,0,0,1,0
17933.32,Withdrawal,Entertainment,4,50,1,2,0,0
15044.19,Payment,Travel,18,14,1,0,0,0
27777.47,Refund,Shopping,6,79,1,5,0,0
63748.79,Refund,ATM,13,47,1,3,0,1
40663.71,Refund,Electronics,12,62,1,1,0,0
27994.93,Payment,Restaurant,1,57,0,5,1,0
38550.93,Payment,Electronics,21,82,0,2,0,0
9001.87,Purchase,Utility,16,69,0,3,0,0
24587.13,Withdrawal,Shopping,10,37,0,1,0,0
79424.07,Refund,ATM,10,17,1,5,0,1
18882.36,Withdrawal,Entertainment,10,26,0,3,0,0
35694.71,Deposit,Travel,3,37,1,1,0,0
29289.2,Purchase,Restaurant,4,17,0,2,1,0
60510.44,Transfer,Entertainment,19,43,0,4,0,1
28268.78,Payment,Grocery,4,5,0,3,0,0
47979.31,Purchase,Restaurant,13,40,1,2,0,0
75465.04,Payment,Electronics,5,14,0,5,0,1
6291.74,Purchase,Entertainment,10,4,1,5,1,0
21944.2,Withdrawal,Fuel,4,70,0,5,0,0
59572.89,Transfer,Healthcare,13,72,1,1,0,1
67487.51,Transfer,ATM,10,7,0,3,0,1
38805.34,Payment,Shopping,19,87,1,1,0,0
2218.4,Payment,Entertainment,6,74,0,2,1,0
43280.28,Refund,Fuel,22,95,0,3,1,1
9065.03,Withdrawal,Entertainment,18,3,0,5,0,0
27528.9,Refund,Utility,11,44,0,3,0,0
57375.52,Refund,Grocery,13,83,1,0,0,1
27480.04,Purchase,Restaurant,18,27,1,2,0,0
33118.86,Refund,Utility,5,15,1,1,0,0
34721.69,Withdrawal,Restaurant,21,30,0,5,0,0
1590.94,Payment,ATM,4,15,0,2,0,0
74356.55,Purchase,Fuel,5,54,0,0,0,1
37264.51,Payment,Healthcare,5,59,0,2,0,0
3822.16,Transfer,Utility,23,70,1,1,0,0
25341.17,Withdrawal,Fuel,5,89,0,0,0,0
22003.92,Refund,Shopping,1,38,1,3,1,0
887.14,Refund,Travel,4,95,1,3,1,0
9422.33,Refund,Entertainment,22,3,1,2,1,0
27237.61,Deposit,Healthcare,10,23,1,3,0,0
315.85,Payment,Healthcare,15,64,1,0,1,0
27543.08,Deposit,ATM,8,54,1,3,1,0
9388.29,Purchase,Entertainment,2,19,1,1,0,0
42475.88,Refund,Grocery,19,18,0,3,0,1
68217.57,Transfer,Electronics,14,4,0,2,0,1
82769.85,Payment,Grocery,10,50,1,4,0,1
38195.05,Deposit,Entertainment,12,40,1,4,0,0
45682.07,Withdrawal,Utility,18,68,0,0,0,1
5084.03,Withdrawal,Shopping,21,47,0,2,0,0
33414.25,Payment,Grocery,2,74,0,4,0,0
41559.14,Refund,Utility,0,90,0,3,0,1
28824.35,Deposit,Entertainment,15,14,1,1,0,0
17170.38,Deposit,Electronics,23,8,1,2,0,0
35866.45,Withdrawal,Entertainment,17,75,1,5,1,0
19718.63,Payment,Fuel,20,38,1,0,0,0
3154.68,Purchase,Electronics,1,74,0,0,1,0
808.06,Purchase,Utility,17,95,1,0,0,0
9891.99,Purchase,Fuel,11,86,1,4,1,0
816.12,Deposit,Restaurant,22,88,0,0,0,0
16214.92,Deposit,Fuel,19,61,1,4,1,0
79203.78,Payment,Travel,20,30,1,2,1,1
3463.76,Transfer,Fuel,12,85,1,5,0,0
26504.43,Purchase,Entertainment,9,15,1,5,0,0
52117.06,Purchase,Travel,2,25,0,3,0,1
44638.19,Payment,ATM,21,78,1,3,0,1
18140.6,Purchase,Shopping,10,44,1,0,1,0
31021.05,Deposit,Grocery,11,67,1,4,1,0
12765.19,Purchase,Healthcare,8,76,0,4,0,0
56949.0,Transfer,Shopping,12,22,1,5,0,1
15580.38,Purchase,ATM,19,74,1,1,0,0
5522.7,Withdrawal,Travel,4,57,0,0,0,0
24680.47,Purchase,Shopping,11,89,0,4,0,0
61063.46,Payment,Shopping,19,71,1,4,0,1
57374.92,Refund,Entertainment,3,65,0,0,1,1
15955.36,Refund,Grocery,1,20,0,5,1,0
82180.55,Transfer,ATM,15,85,0,0,0,1
58106.3,Refund,Shopping,15,71,0,5,0,1
23257.13,Transfer,Utility,21,33,1,3,0,0
43291.39,Transfer,Fuel,18,32,1,0,1,1
27534.87,Deposit,Utility,5,11,1,3,0,0
37327.54,Payment,Travel,17,7,1,2,0,0
57545.13,Withdrawal,Entertainment,14,55,1,4,1,1
16730.33,Refund,Healthcare,14,98,1,0,0,0
41506.22,Purchase,ATM,4,93,0,3,0,1
59273.48,Payment,Fuel,22,59,1,5,0,1
80443.17,Withdrawal,Shopping,19,4,0,1,0,1
61206.36,Payment,ATM,7,55,1,3,0,1
87385.2,Refund,Entertainment,4,91,0,5,0,1
31155.76,Payment,Grocery,21,54,1,4,0,0
27025.69,Transfer,Restaurant,3,49,0,1,0,0
48524.73,Transfer,Restaurant,7,7,0,3,0,1
17127.7,Deposit,Utility,2,69,1,5,0,0
37570.05,Payment,Travel,13,25,0,0,0,0
33500.28,Withdrawal,Shopping,22,2,1,4,0,0
41847.57,Payment,Shopping,1,51,1,0,0,0
22664.87,Transfer,Travel,19,66,1,4,1,0
9998.32,Transfer,Entertainment,10,91,1,0,0,0
69313.25,Refund,Shopping,5,44,0,0,0,1
10618.63,Payment,ATM,1,41,1,3,0,0
19767.48,Refund,Fuel,22,69,1,3,0,0
84017.15,Purchase,Restaurant,2,86,0,5,0,1
64466.58,Payment,Electronics,23,97,0,1,0,1
32753.89,Payment,Shopping,13,38,0,3,1,0
8727.11,Withdrawal,Entertainment,17,90,1,1,1,0
30398.56,Payment,Entertainment,0,93,0,1,0,0
57399.62,Payment,Utility,17,29,1,3,0,1
28872.29,Refund,Restaurant,7,35,1,5,0,0
38694.57,Transfer,Entertainment,5,25,0,3,1,0
47740.3,Purchase,Grocery,8,43,0,2,0,1
48967.3,Withdrawal,Utility,7,96,0,1,0,1
19930.94,Purchase,Healthcare,22,21,1,0,0,0
53553.15,Transfer,Healthcare,13,67,0,4,1,1
87945.32,Deposit,Grocery,9,14,0,3,1,1
14047.52,Transfer,ATM,13,82,1,3,1,0
30942.47,Payment,Travel,12,78,0,2,0,0
48174.89,Transfer,Entertainment,15,96,0,1,0,1
55089.39,Deposit,Fuel,9,70,1,2,1,1
57537.33,Payment,Fuel,7,87,1,2,0,1
5200.08,Payment,Grocery,20,72,1,1,0,0
14555.3,Deposit,Grocery,7,32,0,5,0,0
14940.29,Refund,Utility,2,98,1,1,0,0
2387.64,Payment,Shopping,19,7,1,4,0,0
16884.19,Deposit,Grocery,3,47,0,1,1,0
29511.03,Withdrawal,Travel,12,59,0,1,1,0
39637.01,Refund,Utility,2,41,1,2,1,0
20503.53,Transfer,Utility,22,75,1,2,1,0
19520.19,Transfer,ATM,18,48,1,0,0,0
26642.32,Deposit,Restaurant,22,81,1,1,0,0
37493.51,Transfer,Shopping,11,37,0,4,0,0
56550.01,Withdrawal,Travel,4,95,1,1,0,1
5867.21,Refund,Shopping,5,100,0,3,0,0
58292.83,Purchase,ATM,20,91,0,0,0,1
28467.7,Transfer,Travel,4,8,0,0,0,0
18081.11,Payment,ATM,8,60,0,0,0,0
47167.86,Purchase,Restaurant,23,47,0,1,0,1
59920.23,Transfer,Healthcare,0,95,0,4,0,1
49382.17,Purchase,ATM,8,12,0,5,0,1
81778.47,Transfer,Fuel,11,62,1,4,0,1
18218.96,Refund,Healthcare,2,18,0,1,0,0
48014.98,Purchase,Electronics,17,77,0,0,0,1
12207.5,Deposit,Restaurant,8,65,1,3,0,0
32857.2,Refund,ATM,13,89,0,3,1,0
46103.4,Purchase,Fuel,15,31,1,1,0,0
30199.8,Withdrawal,Grocery,5,80,0,5,0,0
9849.39,Withdrawal,Grocery,2,38,1,4,0,0
61220.86,Refund,ATM,1,72,0,4,1,1
4299.21,Withdrawal,Electronics,18,14,0,4,0,0
64396.72,Withdrawal,Restaurant,10,51,0,0,1,1
83621.59,Deposit,Entertainment,15,7,1,5,0,1
17504.68,Withdrawal,Shopping,18,12,0,4,1,0
45830.2,Transfer,Grocery,3,31,0,1,0,1
4689.13,Transfer,Healthcare,18,48,1,0,1,0
27281.54,Refund,Utility,12,45,0,5,1,0
4606.97,Deposit,Fuel,11,91,1,1,0,0
57584.89,Payment,Restaurant,3,51,0,1,1,1
62060.21,Deposit,Grocery,10,99,1,0,0,1
20787.66,Withdrawal,Grocery,13,52,1,0,0,0
79464.06,Refund,Healthcare,12,77,1,3,0,1
31422.61,Withdrawal,Utility,1,4,1,0,0,0
33610.04,Purchase,Grocery,18,64,0,2,0,0
47964.98,Withdrawal,Restaurant,5,28,1,1,0,0
68675.97,Payment,Travel,17,100,1,2,0,1
36026.74,Withdrawal,ATM,20,22,0,3,0,0
54808.72,Purchase,ATM,15,24,0,4,0,1
59936.28,Withdrawal,Travel,17,44,1,2,0,0
46925.21,Purchase,Restaurant,19,99,0,4,1,1
32605.39,Transfer,Shopping,5,100,0,3,1,0
8807.67,Withdrawal,Shopping,22,63,0,3,0,0
24730.55,Withdrawal,Shopping,0,5,1,5,0,0
31083.91,Payment,Travel,16,40,1,3,0,0
29516.52,Deposit,Utility,22,35,0,3,0,0
20041.69,Purchase,Fuel,1,52,0,0,1,0
15682.87,Withdrawal,ATM,14,62,1,0,0,0
15258.37,Refund,Healthcare,0,66,0,0,0,0
42709.22,Purchase,Travel,14,23,0,5,0,1
18484.25,Purchase,Electronics,13,69,1,0,0,0
24040.15,Purchase,Restaurant,12,10,0,4,0,0
22807.12,Deposit,Grocery,10,44,1,5,0,0
22848.51,Transfer,Healthcare,5,95,1,4,0,0
11984.44,Transfer,Restaurant,15,58,0,2,0,0
63462.21,Deposit,Healthcare,20,88,1,2,0,1
36098.32,Payment,Grocery,0,30,0,0,0,0
57017.5,Payment,Fuel,4,64,0,1,1,1
23495.67,Withdrawal,Electronics,20,94,1,5,0,0
50280.15,Refund,Restaurant,17,48,0,4,0,1
2085.46,Refund,Restaurant,8,4,0,3,0,0
16578.16,Purchase,Electronics,6,53,1,0,0,0
76096.23,Refund,Healthcare,17,35,0,5,1,1
18362.37,Withdrawal,Utility,18,43,1,5,0,0
25722.03,Withdrawal,ATM,11,33,1,4,1,0
60425.77,Transfer,Healthcare,4,11,1,5,0,1
38936.82,Refund,Grocery,0,15,1,5,0,0
53285.61,Payment,Restaurant,8,40,1,4,0,1
85925.11,Transfer,Electronics,13,92,0,4,0,1
3275.95,Refund,ATM,15,92,0,5,0,0
38211.85,Payment,Grocery,14,72,0,1,0,0
52450.01,Transfer,Utility,12,10,0,0,0,1
10506.44,Refund,Healthcare,17,37,0,5,0,0
38430.41,Deposit,Restaurant,10,92,1,1,0,0
70820.02,Payment,Fuel,21,69,1,5,0,1
73674.62,Refund,Electronics,21,27,0,1,1,1
53023.53,Deposit,Utility,3,11,1,4,0,1
29309.71,Purchase,Shopping,14,5,1,0,0,0
62182.11,Refund,Electronics,3,54,0,0,0,1
21858.13,Deposit,Electronics,3,75,0,0,1,0
57581.2,Transfer,Fuel,23,99,1,3,0,1
14546.41,Deposit,Shopping,17,84,1,5,0,0
3484.72,Deposit,Utility,9,72,1,3,0,0
10437.65,Refund,Shopping,3,81,0,2,0,0
70728.81,Purchase,Fuel,2,97,0,4,0,1
8989.31,Refund,Grocery,19,53,1,3,0,0
27616.52,Payment,Travel,23,27,0,4,0,0
89686.09,Payment,Healthcare,12,98,0,0,0,1
79952.04,Payment,Grocery,23,76,0,3,0,1
9936.86,Refund,Shopping,23,54,1,4,0,0
35672.68,Payment,Grocery,18,66,0,2,0,0
51927.39,Deposit,Entertainment,15,93,1,4,1,1
60314.12,Withdrawal,ATM,13,45,0,3,0,1
71913.72,Transfer,Utility,4,55,1,3,0,1
34685.95,Withdrawal,Shopping,3,58,1,3,1,0
3754.51,Purchase,Grocery,6,40,1,1,0,0
7587.94,Payment,Fuel,12,79,0,0,0,0
57151.56,Deposit,Entertainment,21,33,1,1,0,0
62149.38,Withdrawal,Restaurant,0,79,0,3,0,1
16378.6,Transfer,Electronics,13,66,1,1,0,0
28983.04,Payment,Utility,11,16,0,2,0,0
50449.69,Deposit,ATM,18,4,0,5,0,1
26125.08,Payment,Entertainment,19,27,0,1,1,0
9644.52,Withdrawal,Healthcare,4,20,1,5,1,0
11255.69,Refund,Restaurant,14,18,0,3,0,0
49490.67,Refund,Restaurant,3,5,0,1,1,1
15133.9,Deposit,Grocery,0,70,1,1,0,0
11546.13,Purchase,Restaurant,23,58,0,2,0,0
22091.35,Withdrawal,Electronics,20,81,0,4,0,0
16235.99,Deposit,Electronics,4,47,1,4,0,0
28703.36,Withdrawal,Utility,3,76,1,5,0,0
17817.96,Payment,ATM,21,50,0,5,1,0
29419.11,Deposit,Travel,9,39,0,0,0,0
1904.03,Deposit,Shopping,7,60,0,3,0,0
31391.45,Withdrawal,Fuel,20,58,0,5,1,0
38175.99,Transfer,ATM,6,34,0,4,0,0
68304.67,Refund,Grocery,7,78,1,4,1,1
9982.35,Withdrawal,Restaurant,2,89,1,0,0,0
77736.79,Refund,Shopping,11,97,1,2,0,1
38310.0,Withdrawal,Travel,0,51,1,3,1,0
25111.31,Purchase,Entertainment,20,59,0,2,1,0
33614.88,Purchase,Healthcare,18,74,1,1,0,0
11193.39,Transfer,ATM,2,94,0,1,0,0
21212.93,Withdrawal,Utility,12,22,0,0,0,0
13748.34,Payment,Restaurant,21,57,1,1,1,0
33424.25,Refund,Healthcare,19,44,1,0,0,0
53927.39,Transfer,Travel,23,37,1,2,1,1
9062.06,Payment,Grocery,16,63,0,0,0,0
78430.73,Purchase,Grocery,21,19,1,1,1,1
10283.71,Withdrawal,Travel,23,50,1,1,0,0
35943.53,Deposit,Restaurant,9,65,1,2,0,0
2099.78,Purchase,Entertainment,21,51,0,0,0,0
83648.6,Purchase,Healthcare,17,67,1,3,0,1
39901.97,Withdrawal,Entertainment,9,39,1,4,0,0
59504.01,Refund,Travel,19,47,1,0,1,1
17628.88,Refund,Grocery,19,26,1,0,1,0
21069.16,Deposit,Travel,20,72,0,0,0,0
15371.0,Payment,Restaurant,22,35,1,3,0,0
44677.6,Payment,Restaurant,22,30,1,4,0,1
23400.57,Deposit,Travel,4,65,0,5,0,0
71703.68,Transfer,Electronics,17,25,1,4,0,1
21350.14,Refund,Shopping,7,57,1,1,0,0
23764.77,Refund,Entertainment,16,41,0,4,0,0
16897.09,Deposit,Travel,1,20,0,0,1,0
15143.01,Refund,Fuel,8,29,1,1,0,0
82014.5,Payment,ATM,10,23,0,1,0,1
58083.18,Refund,Utility,2,1,0,1,0,1
24201.44,Payment,Grocery,9,76,0,1,1,0
25619.15,Payment,Healthcare,14,56,0,5,0,0
41955.28,Withdrawal,Fuel,3,44,0,1,1,1
2640.07,Refund,Entertainment,22,65,0,5,0,0
22431.13,Transfer,Electronics,10,67,0,1,0,0
59204.4,Refund,Entertainment,22,92,1,0,0,1
89618.32,Purchase,Grocery,5,76,1,3,0,1
61865.21,Purchase,Electronics,5,38,1,3,0,1
36494.37,Purchase,Entertainment,23,84,0,4,0,0
20228.97,Refund,Electronics,6,52,1,0,0,0
31982.06,Refund,Electronics,21,95,0,4,1,0
566.43,Purchase,Shopping,13,85,1,0,1,0
45097.69,Purchase,Healthcare,19,19,0,5,0,1
5115.39,Refund,Travel,0,63,0,4,1,0
34631.6,Refund,Restaurant,6,18,0,1,0,0
56625.79,Withdrawal,Fuel,1,73,1,0,0,1
23182.88,Payment,Electronics,15,64,1,4,0,0
6462.39,Deposit,Utility,8,70,0,3,1,0
39015.03,Deposit,Fuel,13,95,0,5,0,0
29474.16,Purchase,Entertainment,18,48,0,3,0,0
32568.34,Purchase,Fuel,3,16,1,0,0,0
11820.46,Purchase,Fuel,21,91,0,5,0,0
3668.1,Withdrawal,Travel,11,75,1,4,0,0
33342.79,Withdrawal,Restaurant,3,37,1,4,1,0
38032.63,Deposit,Shopping,22,78,0,0,1,0
20692.42,Refund,Entertainment,17,7,1,2,0,0
452.56,Purchase,Electronics,4,97,0,1,1,0
15265.04,Purchase,Entertainment,8,100,0,5,0,0
81199.91,Deposit,Entertainment,1,70,0,5,1,1
34005.74,Refund,Restaurant,8,55,1,2,0,0
24896.86,Transfer,Grocery,12,2,1,4,0,0
86154.87,Withdrawal,Utility,8,44,1,3,0,1
36542.48,Transfer,ATM,20,6,1,2,0,0
27312.62,Transfer,Electronics,9,19,0,2,0,0
27302.95,Deposit,Utility,13,23,1,1,0,0
5834.0,Payment,ATM,2,77,1,1,0,0
61889.62,Transfer,Utility,4,68,1,0,1,1
7855.68,Refund,Travel,18,2,0,5,1,0
64592.38,Payment,Entertainment,2,16,1,3,0,1
73409.7,Withdrawal,Healthcare,19,67,0,2,1,1
22237.71,Deposit,Entertainment,15,84,0,0,1,0
3868.04,Withdrawal,Utility,23,63,1,0,0,0
19405.13,Transfer,Utility,4,27,0,5,0,0
59446.31,Transfer,Fuel,6,44,0,2,1,1
10867.19,Refund,ATM,9,77,1,0,1,0
54500.74,Transfer,Grocery,10,99,0,0,0,1
22350.86,Transfer,Restaurant,2,25,0,4,0,0
14607.8,Payment,Grocery,10,79,0,2,0,0
54993.39,Withdrawal,Electronics,0,78,0,1,0,1
80550.81,Withdrawal,Electronics,8,90,0,2,0,1
79292.66,Refund,Restaurant,8,89,0,5,1,1
25682.34,Withdrawal,Healthcare,1,97,0,0,0,0
30184.67,Refund,Fuel,7,12,0,3,0,0
9841.23,Deposit,Grocery,1,88,1,1,0,0
21761.15,Payment,Travel,14,67,1,1,0,0
12871.1,Payment,Utility,9,100,1,1,1,0
58986.74,Deposit,Healthcare,16,67,0,1,1,1
7093.63,Deposit,Fuel,4,82,1,1,0,0
19934.01,Payment,Shopping,21,72,0,4,0,0
30695.99,Withdrawal,Healthcare,10,47,0,4,0,0
26165.38,Payment,Fuel,0,34,1,3,1,0
42435.48,Payment,Grocery,17,17,1,2,0,0
18873.02,Refund,Utility,2,93,0,0,1,0
6253.1,Purchase,Restaurant,22,50,1,4,0,0
28897.8,Deposit,Fuel,12,17,0,5,0,0
1011.99,Transfer,Electronics,8,34,0,0,0,0
65761.24,Payment,Electronics,8,37,1,1,1,1
41043.16,Transfer,Restaurant,6,9,1,0,0,0
9961.2,Transfer,Restaurant,7,32,1,4,1,0
44804.07,Payment,ATM,14,4,0,0,0,1
48842.0,Transfer,Restaurant,9,39,1,2,0,0
3315.87,Deposit,Entertainment,20,9,0,3,1,0
13119.29,Deposit,Fuel,3,47,0,3,0,0
57159.43,Payment,Restaurant,16,17,1,2,0,0
70053.65,Withdrawal,Restaurant,3,21,0,1,0,1
58835.57,Payment,Grocery,9,58,0,5,0,1
28348.76,Deposit,Shopping,6,51,1,2,1,0
23161.26,Payment,Healthcare,0,59,0,1,1,0
9807.05,Transfer,Entertainment,0,1,1,3,0,0
83934.53,Refund,Fuel,3,24,0,0,0,1
25657.03,Refund,Fuel,15,72,1,3,0,0
71380.33,Deposit,Restaurant,19,27,0,0,0,1
39641.96,Payment,ATM,5,85,0,3,1,0
10984.06,Payment,Grocery,8,70,1,1,0,0
6836.66,Transfer,Healthcare,6,44,1,4,0,0
10960.8,Refund,Healthcare,13,45,0,1,0,0
28483.0,Purchase,Entertainment,23,31,1,4,0,0
37592.55,Deposit,Grocery,9,72,0,3,0,0
34805.11,Refund,Electronics,2,89,1,5,0,0
10098.5,Transfer,Shopping,20,91,1,4,0,0
85931.55,Refund,Restaurant,15,74,0,0,0,1
27726.84,Payment,Travel,18,64,0,3,1,0
21716.71,Refund,Utility,15,63,1,4,0,0
15484.64,Refund,Entertainment,2,27,1,0,1,0
80975.13,Refund,Electronics,18,45,0,4,0,1
63271.9,Withdrawal,Entertainment,15,17,0,1,0,1
36626.39,Transfer,Grocery,1,13,0,0,0,0
44988.09,Transfer,Healthcare,16,1,1,2,0,0
59570.09,Payment,Healthcare,15,80,0,0,0,1
82766.05,Deposit,Shopping,12,13,1,2,1,1
31865.9,Deposit,ATM,18,12,1,3,0,0
23287.56,Purchase,Entertainment,14,79,1,3,0,0
48077.71,Withdrawal,Grocery,18,87,1,0,0,1
3522.38,Payment,Fuel,13,40,0,5,0,0
66103.76,Refund,Entertainment,18,73,1,1,0,1
9501.65,Deposit,Travel,11,88,1,4,0,0
18564.44,Payment,Utility,0,16,0,5,0,0
43836.43,Refund,Electronics,14,87,1,1,0,1
79028.45,Purchase,ATM,13,66,1,3,1,1
82347.9,Transfer,ATM,15,26,1,4,1,1
16365.36,Refund,Healthcare,6,90,0,3,0,0
23797.24,Payment,Grocery,5,49,0,1,1,0
31142.73,Payment,Entertainment,11,77,1,2,0,0
58349.57,Deposit,Entertainment,12,80,1,4,0,1
54436.75,Transfer,Travel,20,95,0,2,1,1
67281.97,Deposit,Grocery,22,82,0,2,0,1
18957.75,Refund,Grocery,17,93,1,5,1,0
69928.45,Withdrawal,ATM,8,43,0,1,1,1
12003.43,Purchase,Utility,16,1,1,1,0,0
14935.71,Refund,Travel,12,75,0,1,0,0
54963.49,Refund,Entertainment,9,95,0,5,0,1
13183.56,Withdrawal,Grocery,8,12,1,0,1,0
24515.92,Deposit,Healthcare,0,41,0,0,0,0
53462.07,Refund,Restaurant,17,58,1,1,0,0
51839.76,Payment,Utility,8,83,1,2,1,1
15940.93,Withdrawal,Restaurant,4,63,0,4,1,0
52639.83,Transfer,ATM,4,7,1,0,0,0
84323.36,Purchase,Fuel,20,63,1,0,1,1
28599.02,Transfer,Electronics,12,39,1,4,1,0
25684.26,Deposit,Utility,6,67,0,1,0,0
16248.54,Transfer,Healthcare,6,42,1,5,0,0
40154.02,Payment,Shopping,18,27,1,0,0,0
43599.33,Deposit,Fuel,13,5,0,3,0,1
5203.27,Payment,Travel,13,97,1,0,1,0
14425.41,Deposit,Shopping,21,16,0,4,0,0
29569.86,Deposit,Entertainment,3,28,0,1,0,0
42022.97,Transfer,Travel,19,83,1,5,0,1
55008.32,Withdrawal,Utility,13,65,1,0,0,0
84890.15,Refund,Grocery,15,75,0,0,1,1
58562.58,Payment,Healthcare,1,64,0,3,0,1
31100.92,Refund,Healthcare,16,26,0,1,0,0
58097.43,Transfer,Utility,6,56,1,5,0,1
36898.91,Transfer,ATM,4,62,0,4,0,0
78271.07,Withdrawal,Electronics,14,71,0,5,1,1
56895.1,Purchase,Entertainment,15,96,1,5,0,1
1534.9,Purchase,Shopping,17,85,1,5,0,0
50700.03,Withdrawal,Grocery,14,81,1,3,0,1
9621.32,Withdrawal,Entertainment,19,80,0,0,0,0
13214.8,Deposit,Grocery,4,78,1,3,0,0
58146.28,Refund,Fuel,7,46,1,2,0,0
48325.15,Withdrawal,Grocery,14,77,0,2,0,1
61077.72,Withdrawal,Utility,6,21,0,0,0,1
12108.63,Purchase,Shopping,10,1,0,2,0,0
85885.45,Deposit,Shopping,4,90,0,5,1,1
88233.13,Transfer,Shopping,3,89,0,4,0,1
26663.55,Transfer,Shopping,9,91,1,1,0,0
38321.28,Payment,ATM,14,27,0,2,0,0
29212.57,Transfer,Restaurant,16,14,1,0,0,0
35254.2,Deposit,Restaurant,16,18,1,2,0,0
41165.11,Purchase,Shopping,10,24,1,2,1,1
64044.99,Refund,Electronics,10,44,0,1,0,1
23322.07,Deposit,ATM,10,39,1,5,1,0
35153.7,Deposit,Travel,0,91,1,4,0,0
17357.6,Purchase,Travel,23,4,0,5,0,0
86862.64,Deposit,Healthcare,1,31,1,0,1,1
30547.38,Transfer,Travel,19,90,0,2,0,0
26853.54,Purchase,Grocery,16,97,0,5,0,0
70849.08,Transfer,Healthcare,14,99,1,5,1,1
30907.43,Withdrawal,Travel,9,91,0,1,0,0
36980.13,Withdrawal,Healthcare,23,76,0,3,1,0
36030.74,Purchase,Utility,1,91,1,2,0,0
55329.18,Transfer,Shopping,9,73,1,3,0,1
66986.05,Purchase,Entertainment,13,17,0,5,0,1
55814.74,Withdrawal,Travel,11,76,0,2,0,1
7523.1,Payment,Utility,8,80,0,3,0,0
11920.93,Withdrawal,Fuel,15,19,1,3,0,0
29836.54,Purchase,Healthcare,11,15,0,2,0,0
33385.49,Deposit,Grocery,1,44,1,2,0,0
48105.06,Transfer,Travel,11,80,1,2,1,1
41991.39,Payment,Shopping,21,28,0,2,1,1
59311.89,Payment,Entertainment,16,7,1,0,0,0
17692.82,Deposit,ATM,2,4,1,5,0,0
33593.41,Purchase,Utility,2,48,1,5,1,0
13461.75,Withdrawal,Electronics,20,92,1,4,0,0
2259.2,Refund,Entertainment,1,100,0,0,1,0
61731.25,Refund,Shopping,16,70,1,5,0,1
52279.35,Refund,Restaurant,19,11,0,0,0,1
42486.13,Transfer,Grocery,1,79,0,5,0,1
39974.8,Payment,Restaurant,15,76,0,1,0,0
56623.86,Withdrawal,Shopping,17,82,1,4,0,1
17071.26,Purchase,Shopping,17,79,0,4,0,0
24310.42,Payment,Shopping,3,97,1,3,1,0
18008.76,Deposit,Healthcare,4,95,0,4,0,0
26154.39,Deposit,Electronics,5,38,0,5,1,0
74170.99,Payment,Healthcare,4,94,1,2,0,1
26596.36,Withdrawal,Fuel,15,77,1,3,0,0
16430.31,Deposit,Travel,16,12,1,3,0,0
18426.73,Refund,Fuel,9,50,1,5,0,0
48641.38,Transfer,Entertainment,19,28,1,1,0,0
713.19,Transfer,Entertainment,12,40,0,1,0,0
16169.31,Withdrawal,Entertainment,18,98,0,4,1,0
80580.18,Refund,Entertainment,12,54,0,0,0,1
54208.62,Withdrawal,Fuel,8,50,1,1,0,0
3288.7,Withdrawal,Utility,6,30,1,5,0,0
42439.96,Payment,Electronics,6,66,1,3,0,1
19738.69,Transfer,Utility,16,32,0,2,0,0
39138.4,Payment,Travel,21,100,1,5,1,0
3341.29,Deposit,Travel,14,65,1,4,0,0
39134.35,Transfer,Travel,2,95,0,3,1,0
10019.97,Transfer,Healthcare,19,34,0,3,0,0
11653.69,Purchase,Travel,13,14,1,3,0,0
5358.03,Transfer,Healthcare,5,6,0,2,0,0
56230.21,Deposit,Shopping,13,57,1,3,0,1
73230.73,Purchase,ATM,2,74,1,5,0,1
37591.89,Withdrawal,Restaurant,10,71,1,0,0,0
83439.38,Withdrawal,Fuel,5,91,1,3,1,1
12511.71,Deposit,ATM,22,92,0,2,0,0
46717.21,Refund,Electronics,0,52,0,5,0,1
82505.64,Withdrawal,Fuel,19,11,1,2,1,1
28437.58,Transfer,ATM,13,47,0,2,0,0
85660.47,Deposit,Fuel,11,79,1,0,0,1
28800.18,Refund,Restaurant,1,40,0,5,1,0
749.29,Deposit,Travel,3,29,0,3,0,0
48234.22,Withdrawal,Fuel,3,52,1,2,0,0
2719.26,Withdrawal,Utility,3,37,1,1,0,0
48011.01,Withdrawal,Electronics,19,17,1,2,0,0
10614.48,Withdrawal,Entertainment,13,53,1,3,0,0
25169.34,Withdrawal,Entertainment,2,53,1,2,0,0
25317.09,Withdrawal,Healthcare,14,42,1,2,0,0
77581.05,Withdrawal,Grocery,21,31,1,5,1,1
2595.99,Purchase,Grocery,0,46,1,4,1,0
5085.42,Refund,Grocery,10,60,0,0,0,0
21962.03,Refund,Electronics,12,59,0,1,0,0
16431.34,Withdrawal,ATM,7,98,0,0,0,0
28437.51,Transfer,ATM,22,41,0,3,0,0
51655.75,Purchase,Utility,18,38,0,1,0,1
37721.99,Withdrawal,Entertainment,21,34,1,5,0,0
18344.77,Deposit,Travel,23,15,0,1,0,0
72305.63,Deposit,Electronics,10,91,1,4,0,1
13533.8,Withdrawal,Healthcare,12,100,1,5,0,0
76525.08,Payment,Restaurant,7,1,1,3,0,1
65287.67,Purchase,Grocery,18,70,1,0,1,1
742.37,Payment,Grocery,20,83,0,0,1,0
42255.44,Deposit,Healthcare,14,8,0,1,0,1
5642.82,Withdrawal,Shopping,21,29,0,5,1,0
36347.29,Deposit,Shopping,11,49,0,3,1,0
58075.56,Transfer,Grocery,11,78,0,3,0,1
43294.42,Withdrawal,Grocery,22,9,0,5,0,1
29338.75,Refund,Electronics,12,78,0,1,0,0
60767.35,Withdrawal,Entertainment,9,83,1,0,0,1
55890.6,Deposit,Healthcare,11,20,1,4,0,1
84633.13,Payment,Entertainment,11,1,1,3,0,1
34899.91,Transfer,Entertainment,4,84,0,3,0,0
47279.39,Withdrawal,Entertainment,0,98,0,5,1,1
1680.73,Purchase,Electronics,17,56,0,5,0,0
70008.62,Refund,Restaurant,13,1,0,4,0,1
68732.17,Deposit,Utility,1,7,0,1,1,1
5169.15,Transfer,Shopping,14,60,1,3,0,0
70342.57,Deposit,ATM,14,18,1,4,0,1
27030.93,Payment,ATM,12,40,1,0,1,0
59430.3,Deposit,Travel,19,47,1,5,0,1
14485.47,Withdrawal,Grocery,11,16,0,2,1,0
21167.18,Deposit,ATM,23,85,1,2,0,0
52768.91,Purchase,Utility,11,14,1,3,0,1
67348.69,Payment,Utility,6,47,0,4,0,1
22491.57,Refund,Utility,9,64,1,4,0,0
13047.99,Refund,ATM,21,87,1,5,0,0
21105.01,Withdrawal,Travel,12,78,1,0,0,0
71006.84,Purchase,Electronics,19,26,0,5,1,1
57733.65,Withdrawal,Entertainment,15,15,0,4,1,1
33453.0,Withdrawal,Grocery,6,81,0,1,1,0
22497.27,Purchase,Travel,20,51,0,4,1,0
3290.47,Withdrawal,Travel,10,23,1,5,0,0
6912.81,Refund,Healthcare,17,63,1,3,0,0
7421.01,Refund,Fuel,12,76,0,2,0,0
5053.97,Withdrawal,ATM,5,17,0,4,0,0
34102.72,Deposit,Utility,16,56,1,0,0,0
67272.69,Transfer,Utility,11,98,0,2,0,1
54886.24,Payment,ATM,2,59,1,1,0,0
14933.34,Deposit,Healthcare,6,39,1,1,0,0
1996.29,Deposit,Electronics,2,89,1,3,0,0
30982.6,Refund,Fuel,14,21,0,4,0,0
72531.51,Deposit,Restaurant,12,76,1,3,0,1
53405.74,Withdrawal,Restaurant,18,13,1,4,1,1
34400.54,Purchase,Shopping,17,41,1,0,1,0
3720.55,Transfer,Restaurant,18,83,1,2,0,0
15700.51,Deposit,Electronics,0,39,0,3,1,0
6497.57,Withdrawal,Travel,8,75,0,0,0,0
12926.26,Refund,Electronics,16,70,1,4,0,0
31767.3,Withdrawal,ATM,7,48,1,2,0,0
2351.26,Refund,Electronics,3,12,1,5,1,0
52251.9,Withdrawal,Healthcare,14,48,1,0,0,0
49946.97,Payment,Healthcare,21,21,1,1,0,0
57694.64,Transfer,Travel,9,54,0,0,0,1
34219.99,Transfer,Healthcare,12,80,0,1,0,0
13821.53,Purchase,Utility,2,97,1,1,0,0
41142.31,Payment,Entertainment,1,80,1,2,1,1
34727.58,Purchase,Entertainment,1,32,0,0,1,0
15659.54,Transfer,Electronics,12,25,1,1,0,0
17534.8,Deposit,Electronics,23,23,0,1,0,0
56389.18,Purchase,Utility,10,52,0,3,0,1
13178.08,Purchase,Shopping,23,43,1,0,0,0
86446.05,Withdrawal,Entertainment,12,47,0,1,0,1
26410.76,Transfer,Entertainment,22,98,1,4,0,0
33992.6,Refund,Electronics,21,48,1,4,0,0
10294.02,Deposit,Travel,5,95,1,4,0,0
9685.94,Refund,Electronics,20,88,0,5,0,0
17126.2,Refund,ATM,8,65,0,2,0,0
34871.22,Purchase,Restaurant,16,47,1,4,0,0
49748.03,Transfer,Fuel,13,42,0,0,0,1
37194.86,Purchase,Electronics,14,39,0,1,0,0
24254.41,Refund,Healthcare,22,40,1,4,1,0
56375.79,Refund,Healthcare,17,10,0,3,0,1
70952.14,Payment,Utility,21,42,0,3,0,1
53556.58,Transfer,Restaurant,4,93,0,4,0,1
53243.96,Transfer,Fuel,6,14,1,3,0,1
23732.71,Transfer,Grocery,23,17,0,5,0,0
87178.22,Payment,Utility,2,81,0,1,0,1
48831.2,Transfer,Fuel,7,69,1,3,0,1
42528.86,Withdrawal,ATM,23,26,1,5,1,1
4594.82,Transfer,Grocery,17,90,1,3,0,0
84711.14,Payment,Travel,5,38,0,0,0,1
47916.9,Transfer,Electronics,0,89,1,1,0,1
53133.23,Withdrawal,Travel,8,24,1,2,0,0
29175.23,Payment,Shopping,18,86,0,4,0,0
13249.87,Payment,Restaurant,18,71,1,5,0,0
79967.98,Deposit,Electronics,17,22,0,3,0,1
16524.41,Payment,Shopping,20,55,0,3,0,0
34770.91,Deposit,Restaurant,11,59,0,0,0,0
39082.96,Purchase,Electronics,23,55,0,5,0,0
20836.24,Transfer,Restaurant,9,91,1,5,0,0
34023.91,Payment,Grocery,15,62,1,0,0,0
27418.51,Deposit,ATM,19,79,1,1,0,0
32855.36,Refund,Entertainment,22,54,0,0,0,0
33191.45,Purchase,Travel,18,46,0,4,0,0
35003.67,Deposit,Travel,8,96,0,1,0,0
36778.79,Transfer,Electronics,6,25,0,5,0,0
6673.06,Transfer,Healthcare,3,75,1,1,0,0
20623.23,Deposit,Electronics,0,77,1,3,0,0
56572.61,Deposit,Restaurant,13,30,1,2,0,0
52985.88,Transfer,Grocery,8,9,1,1,1,1
50612.36,Withdrawal,Restaurant,8,18,1,5,1,1
8481.66,Payment,Grocery,22,26,0,1,0,0
40517.26,Purchase,Utility,2,68,0,2,0,1
44977.35,Deposit,Travel,4,16,0,1,1,1
36418.9,Payment,Restaurant,15,28,0,0,0,0
3324.91,Withdrawal,Restaurant,3,3,1,1,0,0
67924.41,Payment,Travel,18,34,0,0,0,1
86296.29,Purchase,Restaurant,22,54,1,4,0,1
1521.77,Withdrawal,Electronics,16,20,1,0,0,0
25534.25,Purchase,Utility,1,18,1,3,0,0
16964.78,Refund,Utility,17,58,0,1,0,0
73990.23,Refund,ATM,15,2,0,5,0,1
7869.59,Deposit,Utility,8,28,0,2,0,0
50622.98,Purchase,Entertainment,11,9,0,0,0,1
20104.09,Transfer,Electronics,6,16,0,2,0,0
45614.37,Deposit,Utility,18,39,0,0,1,1
7915.56,Deposit,Fuel,21,30,1,3,1,0
42947.33,Purchase,Utility,12,100,0,5,1,1
13142.48,Payment,Utility,13,61,1,2,0,0
32028.56,Payment,Utility,21,10,0,1,0,0
30450.06,Refund,Restaurant,19,59,0,0,0,0
19213.2,Withdrawal,Grocery,8,47,0,4,0,0
50106.11,Deposit,Shopping,13,66,0,5,1,1
14953.71,Refund,Grocery,15,75,1,2,0,0
37227.0,Deposit,Electronics,11,63,1,4,0,0
85523.74,Refund,Electronics,17,82,1,1,1,1
26938.69,Transfer,ATM,6,99,0,4,0,0
31042.07,Deposit,ATM,10,33,0,3,0,0
60980.2,Payment,Utility,0,18,0,5,1,1
21606.58,Payment,Shopping,21,36,0,0,0,0
16092.11,Deposit,Travel,23,44,0,5,0,0
68653.5,Purchase,Utility,16,91,1,3,1,1
51292.72,Refund,Fuel,20,92,0,0,0,1
59231.29,Deposit,Grocery,8,3,1,3,0,1
32291.15,Transfer,Entertainment,3,89,1,2,1,0
24590.41,Purchase,Healthcare,3,3,1,4,1,0
7652.37,Purchase,Shopping,13,33,1,1,1,0
28254.14,Transfer,Healthcare,15,8,1,4,1,0
13932.74,Purchase,Grocery,3,65,1,3,0,0
39610.85,Withdrawal,Travel,14,100,0,5,0,0
39598.48,Withdrawal,Grocery,14,32,0,2,1,0
47567.12,Refund,ATM,19,62,1,4,0,1
15741.2,Withdrawal,Shopping,3,60,1,4,0,0
6406.4,Refund,Fuel,9,60,0,2,0,0
8240.37,Deposit,Restaurant,1,12,1,2,0,0
30655.26,Purchase,Healthcare,11,89,1,2,0,0
1392.28,Purchase,Fuel,14,48,0,3,0,0
21310.57,Transfer,Restaurant,14,35,0,5,0,0
8370.53,Payment,Utility,9,4,1,1,1,0
6642.32,Purchase,Fuel,6,16,0,2,0,0
793.66,Purchase,Electronics,18,4,0,0,1,0
21692.8,Purchase,Restaurant,23,52,0,0,0,0
38839.07,Withdrawal,Fuel,2,87,1,2,0,0
40219.51,Payment,Utility,20,32,1,1,0,0
40117.72,Transfer,Entertainment,3,16,1,0,0,0
24843.92,Refund,ATM,22,79,1,2,0,0
26371.44,Deposit,Electronics,17,36,1,2,0,0
3695.58,Transfer,Shopping,4,52,0,5,0,0
60630.18,Purchase,Healthcare,19,75,1,0,0,1
56945.47,Transfer,ATM,7,45,0,5,0,1
55570.83,Deposit,Travel,20,22,0,2,0,1
15628.9,Payment,Shopping,2,75,1,1,0,0
29591.2,Transfer,Fuel,11,24,1,5,1,0
15946.14,Payment,Healthcare,9,100,1,4,1,0
3023.65,Refund,Restaurant,1,40,1,2,0,0
32825.57,Purchase,Entertainment,18,69,0,3,0,0
35662.2,Withdrawal,Utility,11,47,0,3,1,0
8468.84,Refund,Travel,20,38,1,0,0,0
53915.2,Purchase,Healthcare,0,60,0,2,0,1
8565.99,Payment,Grocery,2,97,1,0,0,0
23888.62,Deposit,Healthcare,14,4,1,4,0,0
7550.07,Withdrawal,Travel,21,14,1,2,0,0
44996.21,Payment,Grocery,6,17,1,0,0,0
27649.76,Deposit,ATM,9,32,1,2,0,0
85964.73,Refund,Travel,4,88,0,3,0,1
42704.14,Refund,Entertainment,23,34,1,2,0,0
43535.68,Transfer,Utility,23,65,0,1,1,1
31792.11,Payment,Healthcare,21,94,0,3,0,0
36022.11,Withdrawal,Fuel,21,36,0,1,0,0
27754.02,Withdrawal,Entertainment,21,17,1,3,0,0
20247.75,Transfer,Grocery,21,36,0,2,1,0
57424.4,Transfer,Electronics,2,21,1,1,0,0
2367.88,Purchase,Travel,0,18,0,4,0,0
10265.52,Deposit,Healthcare,21,82,1,4,0,0
73122.76,Refund,Fuel,14,100,1,3,1,1
11692.23,Transfer,Healthcare,6,97,0,5,1,0
4880.72,Withdrawal,Utility,16,28,1,5,0,0
29434.05,Transfer,Electronics,1,2,0,3,0,0
80428.38,Withdrawal,Electronics,8,25,1,5,1,1
14992.72,Transfer,Restaurant,15,9,1,2,1,0
13396.68,Purchase,Travel,5,1,0,0,1,0
83249.6,Deposit,ATM,11,7,1,4,0,1
56486.36,Withdrawal,Electronics,4,79,1,1,0,1
40223.51,Refund,Travel,1,99,0,5,1,1
115.5,Refund,Grocery,16,20,1,4,0,0
5214.95,Purchase,Utility,4,23,0,4,1,0
14794.12,Withdrawal,Electronics,16,75,1,2,0,0
12661.33,Deposit,Travel,18,53,0,1,0,0
27668.62,Transfer,ATM,19,67,1,2,0,0
69229.3,Payment,ATM,0,26,0,1,0,1
806.06,Payment,Grocery,19,37,0,3,0,0
30842.89,Deposit,Healthcare,3,29,0,0,1,0
19540.06,Refund,Entertainment,15,84,1,4,1,0
18289.28,Deposit,Shopping,10,1,1,4,0,0
24796.86,Purchase,Healthcare,19,57,0,1,1,0
86007.24,Transfer,Entertainment,4,58,0,4,1,1
47069.32,Transfer,Fuel,1,40,0,5,0,1
15721.34,Deposit,Healthcare,12,19,0,3,1,0
47068.29,Withdrawal,Healthcare,19,26,1,0,1,1
33862.03,Deposit,Entertainment,14,33,0,3,1,0
57468.39,Deposit,Travel,17,41,1,2,0,0
58702.39,Purchase,Grocery,12,83,1,3,0,1
13075.92,Payment,ATM,7,84,1,4,0,0
78324.08,Payment,Grocery,2,21,1,4,0,1
32840.25,Transfer,ATM,16,19,1,1,1,0
23399.8,Transfer,Utility,0,38,0,3,0,0
59146.44,Purchase,Shopping,14,48,1,4,0,1
28230.41,Refund,Fuel,1,100,0,5,0,0
53472.45,Withdrawal,Travel,15,16,0,2,1,1
27524.3,Purchase,Fuel,7,1,0,4,0,0
8597.5,Refund,ATM,11,76,0,2,0,0
513.74,Transfer,Fuel,10,100,1,3,0,0
54098.31,Refund,Grocery,10,63,0,3,0,1
7588.09,Transfer,Electronics,7,82,1,2,0,0
51958.0,Refund,Travel,13,94,1,4,1,1
16414.11,Purchase,Utility,1,55,0,0,1,0
59572.66,Payment,Electronics,8,31,0,3,0,1
11898.82,Deposit,ATM,2,94,1,2,0,0
26256.11,Refund,Utility,2,85,1,1,1,0
61859.53,Purchase,Travel,15,91,1,2,0,1
18525.61,Refund,Entertainment,13,16,0,2,1,0
15116.48,Transfer,Fuel,15,65,1,1,0,0
12513.67,Deposit,ATM,16,65,1,1,1,0
71335.4,Transfer,ATM,5,11,0,1,0,1
83752.46,Refund,Fuel,3,41,0,0,1,1
65402.07,Withdrawal,Grocery,9,92,1,4,0,1
39029.22,Payment,Electronics,11,86,1,0,1,0
34646.14,Payment,Entertainment,0,38,1,3,0,0
39209.19,Purchase,Entertainment,21,95,1,2,1,0
23153.53,Payment,Utility,12,48,1,5,1,0
30058.02,Transfer,Utility,12,6,1,1,0,0
52839.78,Deposit,Travel,20,18,1,2,0,0
31800.26,Withdrawal,Electronics,15,47,0,2,1,0
18015.27,Refund,Shopping,16,63,0,3,0,0
41571.26,Transfer,Fuel,5,1,1,0,0,0
38756.75,Payment,ATM,5,77,1,5,0,0
18386.87,Payment,Healthcare,1,8,1,3,0,0
15490.89,Payment,Restaurant,18,5,0,1,0,0
14584.68,Purchase,Restaurant,2,70,0,4,0,0
24088.97,Purchase,Electronics,3,15,1,5,0,0
19254.98,Transfer,Shopping,17,42,1,4,1,0
4581.7,Withdrawal,Healthcare,11,20,1,0,0,0
59282.16,Withdrawal,Entertainment,19,59,1,2,1,1
39438.18,Payment,ATM,17,26,1,5,0,0
48492.34,Transfer,Travel,12,55,1,1,0,0
4190.68,Refund,ATM,11,91,1,5,0,0
36040.35,Deposit,Shopping,4,42,1,0,0,0
51656.62,Deposit,ATM,3,100,1,1,0,1
23660.73,Transfer,Utility,13,91,0,4,0,0
71543.46,Deposit,Shopping,9,18,1,4,0,1
7953.86,Withdrawal,Entertainment,15,73,0,0,0,0
51378.09,Payment,Electronics,19,98,0,5,0,1
54914.91,Withdrawal,Grocery,6,70,1,1,0,0
53952.31,Purchase,Travel,20,10,0,5,0,1
9115.21,Payment,Fuel,9,93,1,3,0,0
36137.37,Purchase,Entertainment,10,55,1,1,0,0
59536.47,Deposit,Travel,1,67,0,2,0,1
38627.98,Deposit,Shopping,2,36,0,1,0,0
84786.55,Transfer,Travel,19,97,1,0,0,1
16873.19,Refund,Healthcare,6,97,1,0,1,0
84688.69,Purchase,ATM,6,95,0,1,0,1
18206.57,Refund,Utility,0,18,1,2,0,0
5861.94,Withdrawal,Electronics,0,80,0,3,1,0
84143.12,Refund,Fuel,7,87,1,5,0,1
26506.08,Payment,Restaurant,15,56,1,2,0,0
20319.44,Purchase,Utility,4,57,1,3,0,0
54557.33,Transfer,Shopping,3,37,1,0,0,0
84148.28,Payment,Entertainment,3,44,0,4,0,1
20810.17,Refund,Healthcare,5,60,0,1,0,0
34206.7,Deposit,Electronics,6,33,0,5,0,0
53509.15,Payment,Fuel,15,80,1,4,0,1
13340.73,Payment,Restaurant,6,91,0,1,0,0
34084.82,Purchase,ATM,3,19,1,2,0,0
5148.12,Transfer,Travel,14,86,0,2,0,0
50010.67,Deposit,Electronics,13,87,0,1,0,1
56303.35,Deposit,Travel,19,12,0,0,0,1
44950.05,Withdrawal,Entertainment,8,38,1,1,0,0
41432.09,Refund,Entertainment,18,12,1,1,0,0
9992.49,Deposit,Grocery,20,8,1,5,0,0
27762.75,Payment,Entertainment,22,65,0,2,0,0
6474.77,Purchase,Shopping,14,70,1,5,1,0
954.46,Refund,Restaurant,6,70,1,1,0,0
20592.18,Refund,Grocery,1,86,1,1,0,0
24208.98,Deposit,Entertainment,20,61,1,2,0,0
57839.23,Refund,Entertainment,3,62,0,4,0,1
80502.86,Transfer,Entertainment,20,28,0,1,0,1
44939.01,Deposit,Entertainment,16,37,0,2,0,1
58374.76,Transfer,Electronics,14,41,1,1,0,0
21602.63,Purchase,Shopping,11,14,1,3,1,0
2602.32,Refund,Travel,18,53,1,3,0,0
9291.43,Deposit,Restaurant,22,29,1,5,0,0
5387.71,Refund,Entertainment,23,35,1,5,0,0
20376.84,Refund,Fuel,5,17,1,0,0,0
13868.15,Payment,ATM,20,48,0,3,0,0
56149.25,Payment,Entertainment,1,35,0,2,0,1
9399.81,Refund,Utility,1,70,0,1,1,0
21766.05,Refund,Shopping,4,16,0,4,0,0
2072.95,Withdrawal,Healthcare,21,25,0,1,0,0
1632.07,Deposit,Healthcare,18,51,0,4,0,0
32355.97,Payment,ATM,10,26,0,4,1,0
3112.82,Withdrawal,Healthcare,15,52,1,5,0,0
58887.35,Payment,Shopping,4,40,1,3,1,1
12700.66,Refund,Restaurant,13,88,0,5,0,0
31809.71,Payment,Shopping,5,88,1,5,0,0
70450.44,Transfer,ATM,5,43,1,1,1,1
29321.71,Withdrawal,Restaurant,4,42,1,5,0,0
52957.61,Deposit,Healthcare,22,53,0,3,0,1
23925.68,Deposit,Restaurant,8,82,1,3,1,0
58821.2,Purchase,Travel,3,39,1,0,0,0
56564.53,Refund,Entertainment,5,65,1,5,1,1
5094.75,Transfer,ATM,8,3,0,5,0,0
40066.54,Payment,ATM,22,42,1,0,0,0
69500.5,Transfer,Grocery,17,70,0,5,0,1
25307.6,Purchase,Entertainment,18,95,0,2,1,0
37935.1,Purchase,Fuel,20,27,1,3,0,0
4699.05,Refund,Shopping,0,12,0,1,0,0
453.64,Withdrawal,Electronics,16,98,1,1,0,0
4484.45,Withdrawal,Restaurant,18,13,1,1,0,0
17536.22,Withdrawal,Restaurant,12,82,0,5,0,0
2825.54,Purchase,ATM,17,23,0,1,1,0
2194.36,Withdrawal,Electronics,17,77,1,3,0,0
39818.89,Purchase,Fuel,19,45,0,1,0,0
567.37,Payment,Utility,20,41,1,4,0,0
52142.29,Purchase,Electronics,20,75,0,3,1,1
80015.28,Withdrawal,Fuel,9,40,0,2,0,1
18336.25,Purchase,Travel,2,41,1,5,1,0
746.61,Refund,Electronics,3,60,0,5,1,0
2890.56,Payment,Fuel,17,24,0,2,0,0
10805.4,Withdrawal,Shopping,0,70,0,2,0,0
51681.15,Withdrawal,Fuel,3,49,0,0,0,1
8416.06,Withdrawal,Fuel,8,90,0,4,0,0
21720.66,Deposit,Travel,5,92,1,3,0,0
26255.51,Deposit,Grocery,5,12,0,0,0,0
10131.17,Refund,Travel,23,38,0,4,0,0
24113.39,Payment,Utility,21,4,0,5,0,0
44237.61,Refund,Electronics,3,56,1,5,1,1
52492.9,Purchase,Fuel,10,13,1,1,1,1
2543.67,Payment,Utility,7,100,0,1,0,0
17046.5,Refund,Healthcare,2,62,1,1,0,0
60422.29,Deposit,Grocery,11,26,0,4,0,1
9912.62,Payment,Travel,10,1,1,4,0,0
30302.04,Transfer,Entertainment,15,58,0,1,1,0
33592.04,Payment,Utility,19,63,0,5,0,0
39626.77,Deposit,Restaurant,0,84,1,3,0,0
5144.22,Purchase,Travel,16,30,1,2,0,0
32955.02,Withdrawal,Utility,5,59,1,1,0,0
21724.29,Refund,Grocery,3,89,0,1,0,0
53733.93,Purchase,Fuel,2,25,1,0,1,1
10808.33,Refund,Grocery,2,80,0,2,0,0
38318.41,Purchase,Entertainment,10,9,0,5,1,0
60823.97,Transfer,Utility,2,93,0,3,0,1
9895.3,Payment,ATM,13,66,1,1,0,0
32627.18,Transfer,Grocery,14,95,0,2,0,0
78887.86,Purchase,Restaurant,17,85,0,4,0,1
27936.85,Transfer,Travel,22,53,1,5,1,0
46755.47,Payment,Electronics,18,44,0,2,1,1
55925.97,Withdrawal,Electronics,14,55,1,2,0,0
33351.62,Payment,Utility,1,17,0,5,0,0
26481.63,Transfer,Travel,7,40,1,4,0,0
38203.05,Deposit,Fuel,10,25,0,0,0,0
42554.34,Deposit,Fuel,17,35,1,1,0,0
42065.18,Payment,Fuel,14,22,0,1,0,1
34562.04,Deposit,Grocery,5,90,1,0,0,0
32069.56,Payment,Entertainment,6,92,1,3,0,0
19213.8,Transfer,Fuel,21,59,0,4,0,0
33229.11,Payment,Travel,4,91,0,4,0,0
28451.94,Refund,Entertainment,21,59,1,1,0,0
3485.6,Transfer,Restaurant,7,40,0,3,0,0
7089.79,Purchase,Entertainment,13,25,0,2,0,0
15400.02,Deposit,Fuel,2,48,1,5,0,0
63881.55,Deposit,Travel,5,54,0,3,0,1
16054.04,Withdrawal,Restaurant,11,59,0,2,0,0
52288.64,Transfer,Electronics,23,84,1,1,0,1
17652.37,Purchase,Electronics,3,60,1,2,0,0
37943.41,Refund,Travel,15,83,1,1,0,0
30389.46,Refund,Healthcare,5,81,1,3,0,0
16459.33,Transfer,Electronics,5,80,0,0,1,0
35239.49,Payment,ATM,5,33,1,2,0,0
19460.2,Refund,Utility,5,33,1,5,0,0
21672.0,Deposit,ATM,19,68,1,2,0,0
80862.19,Purchase,Grocery,14,41,0,2,0,1
3018.13,Withdrawal,Healthcare,15,73,0,5,0,0
67642.75,Payment,Shopping,5,34,1,5,0,1
32150.85,Withdrawal,Healthcare,12,39,0,5,1,0
86441.23,Deposit,Entertainment,5,40,0,5,0,1
6942.49,Deposit,Entertainment,0,55,1,5,1,0
84642.84,Purchase,Entertainment,19,81,1,1,1,1
636.36,Withdrawal,Electronics,16,63,0,3,0,0
6232.28,Purchase,Healthcare,14,11,1,4,0,0
2741.59,Withdrawal,Travel,0,18,0,0,1,0
47373.23,Transfer,Grocery,5,62,0,4,1,1
33295.63,Refund,Restaurant,20,18,0,1,0,0
2297.51,Purchase,Healthcare,23,90,1,1,0,0
30364.77,Payment,ATM,12,98,1,4,1,0
16768.05,Transfer,Fuel,1,8,0,2,0,0
13447.99,Transfer,Fuel,8,51,0,5,1,0
34771.03,Payment,Fuel,7,91,1,0,0,0
39615.92,Withdrawal,Shopping,22,42,1,3,0,0
35622.7,Deposit,Entertainment,6,97,1,5,0,0
39638.64,Purchase,Travel,10,64,1,4,1,0
28195.88,Refund,Shopping,6,50,1,3,0,0
59240.66,Deposit,Electronics,1,48,0,4,0,1
44550.27,Transfer,Restaurant,18,8,0,2,1,1
25589.54,Refund,Travel,17,81,1,4,1,0
85803.95,Purchase,ATM,13,28,1,2,1,1
7858.88,Transfer,Electronics,5,12,0,0,0,0
52599.3,Withdrawal,Fuel,12,40,1,0,0,0
58961.79,Withdrawal,Healthcare,11,75,1,0,0,1
28290.71,Payment,Travel,7,44,0,2,0,0
55276.77,Payment,ATM,10,5,1,5,1,1
43672.48,Transfer,Utility,7,63,1,4,0,1
25216.59,Transfer,Electronics,5,22,1,5,0,0
51140.8,Refund,Grocery,2,85,1,2,0,1
12620.63,Refund,Fuel,19,36,1,2,0,0
60273.86,Refund,Entertainment,15,33,0,1,0,1
34263.97,Purchase,Utility,0,8,1,0,0,0
28240.16,Purchase,Fuel,9,19,1,4,0,0
40575.32,Transfer,Restaurant,22,70,1,0,0,0
36940.12,Refund,Utility,12,91,0,2,0,0
1403.76,Payment,Electronics,9,17,1,5,0,0
12349.14,Purchase,Shopping,11,19,0,3,0,0
11412.44,Payment,Electronics,2,68,1,4,1,0
39574.8,Withdrawal,Shopping,5,84,1,2,0,0
28909.69,Deposit,Shopping,1,37,0,5,0,0
17583.34,Payment,Grocery,7,26,0,0,0,0
3347.87,Purchase,Shopping,20,39,0,3,1,0
28326.42,Withdrawal,Grocery,20,78,0,0,0,0
1981.76,Refund,Shopping,1,94,0,5,0,0
83399.02,Withdrawal,Entertainment,15,93,1,3,1,1
19916.37,Transfer,Utility,12,40,1,2,0,0
54091.91,Purchase,Restaurant,8,65,0,4,0,1
34494.48,Deposit,Electronics,3,7,0,3,0,0
11396.68,Transfer,Restaurant,7,7,0,1,0,0
20248.03,Purchase,Restaurant,11,87,0,2,0,0
25986.66,Purchase,Utility,0,19,1,2,0,0
19257.59,Payment,Grocery,12,57,1,5,0,0
6531.01,Purchase,Healthcare,9,65,1,3,0,0
27244.64,Payment,Healthcare,17,32,1,5,0,0
3315.44,Refund,Utility,7,7,0,4,0,0
9545.22,Refund,Travel,15,22,1,1,0,0
69578.91,Deposit,Travel,16,80,0,3,1,1
49826.07,Refund,Healthcare,16,99,0,4,0,1
18882.68,Deposit,Travel,19,75,0,5,0,0
14371.57,Payment,Healthcare,9,56,1,2,0,0
18259.22,Refund,Grocery,0,34,0,2,0,0
29673.26,Withdrawal,Shopping,12,64,1,2,0,0
75818.51,Purchase,Electronics,16,76,1,3,0,1
8680.84,Payment,Utility,1,96,0,3,1,0
3532.02,Deposit,Travel,1,96,0,4,0,0
57143.24,Deposit,Healthcare,21,10,1,3,0,1
13371.45,Payment,Grocery,21,32,0,3,0,0
23181.94,Transfer,Grocery,23,63,0,5,0,0
17386.02,Transfer,Travel,15,42,0,3,0,0
29444.16,Withdrawal,Shopping,22,86,0,1,1,0
31312.01,Refund,Travel,2,46,0,3,1,0
21951.86,Refund,Electronics,11,46,1,0,0,0
63926.0,Payment,Entertainment,2,54,1,4,0,1
20563.94,Deposit,Restaurant,12,33,1,5,0,0
13223.1,Transfer,Travel,3,90,1,0,0,0
54387.32,Refund,Travel,13,25,0,1,0,1
4983.3,Refund,Fuel,11,51,1,0,0,0
34826.06,Withdrawal,Entertainment,18,58,1,4,1,0
5207.95,Refund,Healthcare,16,62,1,5,0,0
15666.26,Payment,Restaurant,1,45,0,3,0,0
25375.18,Withdrawal,Entertainment,18,24,0,2,0,0
24381.45,Withdrawal,Restaurant,0,16,0,3,0,0
45213.43,Deposit,Grocery,3,63,1,1,0,0
60565.43,Purchase,ATM,16,55,0,3,0,1
24852.36,Payment,Grocery,13,20,0,1,0,0
22485.44,Transfer,Entertainment,15,27,1,3,1,0
47975.63,Refund,Healthcare,5,99,1,0,0,1
1206.12,Deposit,Grocery,6,96,0,3,0,0
12500.42,Withdrawal,Healthcare,16,23,1,2,1,0
4943.73,Transfer,Fuel,21,93,0,2,1,0
75902.95,Refund,Shopping,22,97,0,0,0,1
33774.7,Payment,ATM,10,65,1,1,0,0
30200.74,Withdrawal,Electronics,22,14,0,5,0,0
25491.54,Purchase,Utility,15,78,0,1,1,0
30476.38,Payment,Restaurant,12,84,1,3,0,0
20243.61,Deposit,Restaurant,5,54,1,4,0,0
89455.01,Withdrawal,Restaurant,21,63,0,5,0,1
54039.1,Purchase,Restaurant,15,47,0,2,0,1
65323.26,Deposit,Healthcare,23,44,0,5,1,1
3365.42,Purchase,ATM,20,44,0,5,0,0
7635.52,Payment,Shopping,14,72,0,3,0,0
30079.79,Payment,Travel,4,37,1,4,0,0
19747.57,Withdrawal,ATM,16,31,0,0,0,0
34503.22,Transfer,ATM,14,57,1,3,0,0
24894.46,Withdrawal,Entertainment,23,11,1,2,1,0
6600.4,Transfer,Fuel,16,22,0,5,1,0
33757.75,Refund,Travel,21,35,0,1,0,0
27535.3,Transfer,ATM,9,25,1,5,0,0
20661.35,Payment,Entertainment,2,93,0,4,1,0
35700.84,Transfer,Grocery,23,5,0,5,0,0
33902.82,Deposit,Entertainment,23,57,0,1,0,0
57814.96,Deposit,Travel,18,97,0,3,0,1
40314.15,Withdrawal,Utility,0,54,1,0,0,0
59715.23,Payment,Grocery,22,68,1,4,0,1
79125.83,Withdrawal,Grocery,7,82,0,4,0,1
26628.24,Refund,ATM,13,51,1,3,0,0
30246.9,Purchase,Restaurant,20,57,0,2,0,0
34800.38,Payment,Travel,13,62,0,3,0,0
50355.71,Deposit,Grocery,11,52,1,3,0,1
23526.5,Refund,Entertainment,15,62,0,2,0,0
87582.29,Payment,Restaurant,19,32,0,3,0,1
60920.41,Transfer,Healthcare,13,71,1,5,0,1
12819.48,Refund,Entertainment,17,16,0,1,0,0
19042.57,Purchase,Fuel,18,23,1,3,0,0
30989.27,Payment,Shopping,1,88,0,4,0,0
66008.06,Transfer,Grocery,2,100,1,3,0,1
57973.95,Deposit,Grocery,1,4,0,4,0,1
26517.57,Payment,Restaurant,16,65,1,2,1,0
50688.51,Deposit,Restaurant,20,40,1,2,0,0
6367.61,Refund,Restaurant,18,82,0,4,0,0
31468.18,Purchase,ATM,16,41,1,3,0,0
55957.63,Withdrawal,Electronics,6,2,1,2,0,0
6303.52,Refund,Healthcare,20,91,0,2,0,0
58221.31,Refund,Grocery,6,97,1,4,0,1
37324.71,Deposit,ATM,9,9,0,2,1,0
33513.54,Deposit,ATM,1,94,0,1,0,0
2272.8,Deposit,Utility,21,54,1,3,1,0
46887.87,Deposit,Entertainment,5,94,1,0,0,1
32071.81,Purchase,Restaurant,18,79,1,4,0,0
30680.95,Transfer,Healthcare,21,90,0,0,0,0
78844.97,Payment,Restaurant,5,89,0,5,1,1
56010.95,Withdrawal,Shopping,5,1,1,0,0,0
81571.86,Refund,Electronics,17,42,0,1,0,1
71681.2,Refund,Entertainment,1,44,1,3,1,1
3638.62,Deposit,Shopping,17,78,0,0,0,0
21515.55,Withdrawal,Shopping,14,41,1,2,0,0
876.28,Refund,Fuel,7,87,0,1,1,0
16050.68,Payment,Utility,16,62,0,4,0,0
45063.89,Refund,Utility,21,23,1,2,0,0
28649.83,Payment,Electronics,6,52,1,4,1,0
27211.19,Transfer,Travel,3,89,1,2,0,0
77413.53,Withdrawal,Travel,14,93,1,2,0,1
56901.91,Deposit,ATM,18,7,0,4,0,1
60494.35,Purchase,Electronics,10,95,1,3,0,1
38975.66,Transfer,Utility,13,37,1,3,0,0
59550.12,Purchase,Entertainment,17,2,0,4,0,1
19270.29,Withdrawal,Healthcare,13,42,0,1,1,0
22671.66,Payment,Grocery,7,81,1,5,0,0
37457.71,Deposit,Restaurant,6,100,0,1,0,0
20406.21,Transfer,Fuel,8,99,1,3,0,0
32171.33,Transfer,Travel,23,61,0,3,0,0
22714.41,Purchase,Restaurant,5,35,0,3,0,0
34842.34,Deposit,Shopping,23,86,1,1,1,0
1572.67,Payment,Healthcare,15,54,0,1,1,0
63594.37,Deposit,Shopping,11,84,1,3,1,1
5507.56,Purchase,ATM,6,16,0,1,0,0
52035.72,Deposit,Fuel,22,29,0,4,0,1
60377.67,Payment,Fuel,11,31,1,5,0,1
5223.74,Transfer,Electronics,17,79,0,2,0,0
12261.22,Purchase,Grocery,7,45,1,1,0,0
40097.5,Withdrawal,Shopping,4,56,1,1,0,0
6105.68,Refund,Grocery,9,58,1,2,1,0
8950.77,Refund,ATM,22,56,0,0,0,0
58147.75,Deposit,Travel,1,68,1,1,1,1
12732.94,Deposit,Restaurant,9,57,1,0,0,0
23764.11,Refund,Fuel,11,70,1,1,0,0
14720.81,Deposit,Restaurant,12,27,0,3,0,0
44678.76,Refund,Healthcare,12,6,0,3,0,1
18764.63,Withdrawal,Shopping,0,31,0,5,1,0
37938.14,Purchase,Shopping,9,86,1,2,0,0
13801.41,Payment,Restaurant,8,84,0,5,0,0
14168.62,Purchase,Grocery,22,89,0,3,1,0
21833.7,Payment,Entertainment,5,97,0,4,0,0
27277.52,Transfer,Healthcare,2,38,0,4,0,0
38067.91,Payment,Fuel,5,74,1,0,0,0
43893.75,Refund,Healthcare,16,55,0,0,1,1
71601.2,Deposit,Grocery,23,85,0,1,1,1
54549.95,Deposit,Electronics,14,34,1,1,0,0
25043.15,Deposit,Entertainment,4,40,1,0,0,0
82246.99,Deposit,Utility,17,70,1,2,1,1
9257.29,Purchase,Entertainment,11,8,0,5,0,0
50843.55,Withdrawal,Shopping,18,25,1,2,0,0
61868.81,Purchase,Utility,2,9,0,5,1,1
50447.96,Withdrawal,Restaurant,21,85,0,2,0,1
70871.0,Refund,Travel,7,29,0,0,1,1
17633.14,Transfer,Travel,8,95,0,1,0,0
21456.62,Refund,Fuel,5,1,0,4,0,0
50700.11,Deposit,Fuel,1,66,1,1,0,0
10058.05,Payment,Shopping,0,16,0,3,1,0
16785.59,Purchase,Travel,1,62,0,5,0,0
14899.18,Refund,Electronics,7,77,1,1,0,0
36061.21,Deposit,Fuel,11,6,0,3,0,0
45545.09,Withdrawal,Restaurant,17,30,1,2,0,0
12708.15,Deposit,Restaurant,15,83,1,2,0,0
11545.53,Refund,ATM,8,20,1,5,0,0
33441.84,Purchase,Shopping,13,82,1,0,0,0
48747.08,Deposit,Restaurant,4,76,0,4,0,1
50636.58,Transfer,Shopping,15,85,0,2,0,1
29049.82,Withdrawal,Utility,15,22,0,0,0,0
66799.13,Transfer,Healthcare,15,74,0,4,0,1
31719.61,Transfer,Grocery,0,26,1,2,1,0
80132.99,Refund,Healthcare,16,51,1,5,1,1
13225.4,Refund,Entertainment,12,49,0,3,0,0
500.13,Payment,Grocery,9,61,1,0,0,0
30114.13,Purchase,Shopping,0,25,1,4,0,0
13035.11,Withdrawal,Travel,4,69,1,0,0,0
36501.25,Withdrawal,Travel,3,52,0,1,1,0
25182.27,Deposit,Travel,15,57,1,1,1,0
24082.93,Transfer,Shopping,1,28,0,3,0,0
14984.76,Refund,Electronics,14,41,0,2,0,0
54413.68,Withdrawal,Utility,12,35,0,4,0,1
2601.82,Refund,Travel,7,77,1,1,1,0
83928.43,Deposit,Shopping,11,25,0,4,1,1
27372.3,Purchase,Electronics,8,80,1,5,0,0
79238.3,Transfer,Healthcare,23,63,0,5,1,1
36228.96,Refund,Grocery,18,54,1,4,0,0
36614.98,Transfer,Entertainment,10,74,1,3,0,0
28261.5,Purchase,Grocery,21,26,1,0,0,0
17670.94,Payment,Shopping,23,75,0,0,0,0
28480.66,Purchase,Utility,10,55,1,1,0,0
64095.45,Deposit,Fuel,3,88,1,5,1,1
10944.19,Refund,ATM,3,50,1,4,1,0
15895.05,Payment,Restaurant,9,98,0,0,0,0
81414.76,Transfer,Utility,17,92,1,3,0,1
10058.16,Deposit,Fuel,17,9,0,4,0,0
15569.45,Payment,Shopping,19,83,1,5,0,0
6085.24,Deposit,ATM,2,80,1,0,0,0
27965.44,Deposit,Travel,21,72,1,2,0,0
12271.79,Withdrawal,Grocery,22,36,0,3,1,0
29633.69,Refund,Travel,11,73,1,3,0,0
16331.9,Purchase,Entertainment,19,33,1,4,0,0
22238.53,Transfer,Grocery,0,8,1,0,1,0
18809.68,Purchase,Fuel,7,100,0,0,1,0
31490.87,Purchase,Utility,19,63,0,4,1,0
9316.74,Withdrawal,Fuel,23,72,1,5,0,0
80863.3,Withdrawal,Healthcare,8,76,1,4,0,1
37901.07,Deposit,ATM,15,89,0,3,1,0
50195.29,Transfer,Healthcare,14,94,1,4,1,1
11332.1,Deposit,Restaurant,21,62,0,0,0,0
27629.48,Refund,Fuel,11,83,0,3,1,0
28580.29,Refund,Travel,6,92,1,0,0,0
58208.27,Withdrawal,Grocery,8,8,0,2,1,1
21192.14,Withdrawal,Electronics,13,88,1,3,1,0
6244.89,Payment,Grocery,14,15,0,3,1,0
10789.03,Payment,Restaurant,23,42,0,3,0,0
12718.49,Deposit,Utility,5,73,0,5,0,0
8216.05,Refund,Electronics,15,93,1,3,1,0
57050.22,Withdrawal,Utility,1,19,1,2,0,0
66712.15,Payment,Restaurant,18,9,1,4,0,1
58866.86,Transfer,Entertainment,1,37,1,3,0,1
2065.59,Refund,Grocery,12,89,0,2,0,0
13663.46,Withdrawal,Entertainment,2,31,1,0,1,0
26182.07,Withdrawal,Fuel,21,8,1,3,1,0
16735.2,Transfer,Healthcare,20,1,1,1,0,0
13497.45,Deposit,Electronics,22,53,1,1,0,0
22005.01,Withdrawal,Shopping,23,56,0,3,0,0
11288.78,Purchase,Restaurant,16,5,1,3,0,0
20001.68,Withdrawal,Entertainment,14,72,1,2,0,0
26484.0,Transfer,Fuel,13,15,1,0,0,0
57844.78,Deposit,Travel,21,47,1,0,0,0
53380.07,Withdrawal,ATM,11,5,1,4,1,1
62871.58,Withdrawal,Travel,21,76,1,5,0,1
23034.25,Withdrawal,Entertainment,7,41,1,0,0,0
29005.86,Withdrawal,Travel,21,45,0,2,0,0
28529.86,Refund,Utility,22,47,0,4,0,0
27315.11,Refund,Healthcare,18,43,0,0,0,0
37502.3,Withdrawal,Healthcare,8,43,0,5,0,0
25070.92,Payment,Entertainment,22,21,0,1,0,0
9006.95,Purchase,Entertainment,8,88,1,0,0,0
50826.48,Deposit,Entertainment,10,32,0,1,0,1
16259.32,Payment,Grocery,23,87,0,0,0,0
2709.26,Deposit,Electronics,5,75,1,0,0,0
33272.82,Refund,ATM,21,33,0,3,0,0
596.33,Deposit,Electronics,4,52,0,3,0,0
32835.71,Purchase,Shopping,0,42,0,2,0,0
20460.98,Transfer,Grocery,6,28,1,5,0,0
58857.61,Purchase,Shopping,23,15,0,2,1,1
38122.34,Transfer,Shopping,23,85,1,4,0,0
34146.9,Purchase,Restaurant,2,13,1,5,1,0
54352.49,Payment,Grocery,4,82,0,1,0,1
34002.32,Payment,Healthcare,4,65,0,1,0,0
35128.8,Withdrawal,Entertainment,5,7,1,2,0,0
56011.12,Deposit,Travel,19,10,0,3,0,1
29776.63,Purchase,Healthcare,23,56,1,3,0,0
12743.8,Purchase,Entertainment,12,46,1,4,0,0
78921.07,Transfer,ATM,19,45,0,2,0,1
8735.66,Transfer,Electronics,12,35,1,0,1,0
1475.72,Deposit,ATM,10,25,0,1,0,0
5732.11,Withdrawal,Healthcare,23,71,1,3,0,0
15152.6,Withdrawal,Entertainment,3,28,1,2,1,0
56043.01,Refund,Entertainment,3,65,0,5,0,1
66322.17,Purchase,Shopping,7,48,1,5,0,1
1009.14,Refund,Travel,18,70,0,4,0,0
39891.81,Refund,Entertainment,11,49,0,1,0,0
8417.49,Refund,Entertainment,4,59,1,5,0,0
13918.69,Payment,Shopping,7,11,0,3,0,0
50118.16,Transfer,Electronics,17,27,1,2,1,1
29878.3,Purchase,Fuel,4,66,0,0,1,0
8097.82,Deposit,Grocery,13,17,1,2,0,0
40050.07,Payment,ATM,9,35,1,1,0,0
1935.98,Transfer,Electronics,20,37,0,4,0,0
50294.95,Withdrawal,Fuel,7,95,0,4,1,1
66693.17,Payment,ATM,20,7,1,3,1,1
17787.0,Deposit,Fuel,1,92,0,0,0,0
50786.45,Refund,Restaurant,16,33,0,5,1,1
38696.57,Purchase,Shopping,14,61,1,4,0,0
56476.43,Withdrawal,Healthcare,4,18,1,1,0,0
27115.62,Withdrawal,Fuel,8,17,1,3,1,0
2969.3,Withdrawal,Utility,14,33,1,3,0,0
58905.53,Purchase,Shopping,16,45,0,0,0,1
34987.91,Purchase,Restaurant,22,49,0,4,0,0
45511.41,Payment,Shopping,15,70,1,1,0,0
26879.73,Deposit,Healthcare,14,43,0,2,0,0
31620.85,Payment,Grocery,12,74,0,5,0,0
18698.15,Withdrawal,Fuel,20,82,0,1,0,0
24749.41,Purchase,Entertainment,22,86,1,4,0,0
12993.43,Payment,Utility,16,86,0,4,1,0
80333.29,Payment,Electronics,7,74,1,4,0,1
10457.7,Withdrawal,Electronics,3,92,1,5,1,0
27691.51,Deposit,Travel,20,7,0,4,0,0
30360.38,Payment,Utility,18,55,0,3,0,0
34254.52,Refund,Entertainment,11,38,1,5,1,0
2735.15,Deposit,Utility,17,81,0,1,0,0
10756.55,Deposit,Electronics,0,4,0,5,0,0
5239.82,Payment,Entertainment,19,8,1,1,0,0
33947.24,Payment,Travel,18,44,0,2,0,0
193.74,Payment,Utility,3,81,0,5,0,0
9481.93,Transfer,Travel,16,89,1,1,0,0
25470.0,Withdrawal,Utility,21,83,1,5,1,0
6986.53,Deposit,Fuel,19,39,0,0,0,0
39186.84,Purchase,ATM,14,20,1,0,0,0
22451.0,Transfer,Restaurant,7,42,0,3,1,0
23341.36,Payment,Utility,15,57,0,2,0,0
643.6,Transfer,Shopping,15,42,0,1,0,0
28271.71,Deposit,ATM,14,77,0,2,0,0
87316.68,Payment,Electronics,20,88,0,4,0,1
53254.63,Refund,ATM,1,62,1,3,1,1
27621.86,Refund,Utility,21,35,1,1,0,0
46979.8,Withdrawal,Healthcare,7,48,1,3,0,1
42936.2,Withdrawal,Fuel,11,97,0,3,0,1
19278.54,Transfer,Shopping,14,94,1,3,0,0
39705.06,Purchase,Utility,17,98,0,5,0,0
16154.97,Withdrawal,Shopping,22,29,1,3,1,0
5381.23,Deposit,Entertainment,23,87,0,1,1,0
6528.27,Refund,ATM,6,85,1,5,0,0
15414.43,Refund,Entertainment,5,57,1,3,0,0
23655.6,Refund,Grocery,18,41,0,5,0,0
8791.08,Payment,Restaurant,0,8,1,1,1,0
3483.54,Purchase,Grocery,11,87,0,3,0,0
5515.32,Refund,Utility,23,92,0,2,0,0
36300.69,Deposit,Travel,6,89,1,5,0,0
34886.62,Transfer,Fuel,15,81,0,4,0,0
20144.88,Refund,Entertainment,14,59,1,5,0,0
86397.01,Transfer,Shopping,18,75,0,3,0,1
58439.84,Payment,ATM,19,13,1,2,0,0
13091.77,Payment,Grocery,1,85,0,4,0,0
28310.81,Deposit,Electronics,6,17,1,4,0,0
45494.89,Transfer,Entertainment,0,21,0,1,1,1
44536.79,Transfer,Electronics,11,64,1,0,0,0
47810.17,Purchase,Shopping,8,23,1,0,0,0
9392.8,Purchase,Utility,13,86,1,2,0,0
40124.04,Deposit,Travel,11,17,1,4,1,1
36540.34,Payment,Restaurant,0,86,0,1,0,0
6321.82,Withdrawal,Restaurant,11,19,1,4,1,0
74888.49,Deposit,Restaurant,11,77,1,2,1,1
19325.43,Deposit,Utility,8,53,1,5,0,0
59922.76,Payment,Fuel,16,32,0,0,0,1
19033.91,Deposit,Grocery,16,70,0,4,1,0
32621.9,Deposit,Healthcare,11,97,0,5,0,0
33764.52,Deposit,Grocery,10,68,0,0,0,0
67479.67,Deposit,Shopping,21,54,1,4,1,1
49821.56,Purchase,ATM,6,58,1,3,0,1
78468.89,Transfer,Entertainment,10,32,0,1,0,1
55200.65,Payment,Restaurant,6,62,0,1,1,1
12483.49,Purchase,Travel,0,24,0,3,0,0
57821.45,Deposit,Utility,7,37,1,0,0,0
15224.66,Purchase,ATM,9,2,1,5,0,0
9914.35,Withdrawal,Entertainment,0,80,1,5,1,0
58592.75,Purchase,Healthcare,11,76,1,3,0,1
29132.89,Refund,Travel,18,15,0,3,0,0
38768.09,Deposit,Restaurant,12,56,1,1,1,0
54199.17,Refund,Travel,16,58,1,4,0,1
57489.94,Payment,Electronics,7,15,1,2,0,0
10947.31,Deposit,ATM,12,9,1,1,0,0
26371.44,Payment,Healthcare,15,62,1,2,0,0
26718.1,Withdrawal,Electronics,4,29,1,4,1,0
29617.3,Payment,Electronics,19,11,1,2,0,0
38391.1,Deposit,Shopping,7,17,0,4,0,0
21105.73,Purchase,Grocery,10,76,0,2,0,0
17134.51,Purchase,Utility,7,49,1,4,0,0
55540.94,Transfer,ATM,2,74,0,2,0,1
14893.08,Deposit,Utility,3,18,0,4,0,0
87520.01,Purchase,Entertainment,10,31,0,2,0,1
59852.18,Transfer,ATM,21,70,0,4,1,1
33652.4,Deposit,Electronics,19,52,0,4,1,0
87275.22,Deposit,Travel,20,61,0,5,1,1
52071.6,Withdrawal,Grocery,18,61,1,1,0,0
30244.36,Payment,Entertainment,0,73,1,5,1,0
16718.74,Transfer,Travel,0,97,0,5,0,0
9508.97,Transfer,Grocery,14,91,0,4,1,0
51640.43,Refund,Grocery,21,11,0,3,0,1
23210.08,Transfer,Fuel,14,67,0,2,0,0
25578.77,Purchase,Travel,19,39,0,5,0,0
9958.97,Purchase,Electronics,14,57,1,1,1,0
58934.93,Deposit,Travel,17,12,1,5,0,1
21937.52,Payment,Travel,22,41,0,5,0,0
31342.27,Deposit,Entertainment,10,80,1,1,1,0
21017.12,Refund,Travel,1,99,1,5,0,0
3983.07,Withdrawal,Grocery,13,78,1,3,0,0
33212.16,Withdrawal,Shopping,3,41,1,4,0,0
34192.83,Purchase,Fuel,15,67,1,1,1,0
13439.42,Refund,Fuel,3,37,0,2,0,0
34024.88,Purchase,Utility,7,1,1,5,0,0
88999.99,Refund,Travel,16,28,0,3,0,1
32190.24,Payment,Shopping,3,55,1,1,0,0
28896.85,Payment,Travel,21,53,0,3,1,0
17507.58,Transfer,ATM,11,58,0,5,0,0
21292.12,Purchase,Travel,23,97,1,3,0,0
1644.88,Purchase,Healthcare,1,23,1,5,0,0
20622.47,Refund,Travel,10,68,1,1,0,0
9259.67,Refund,Healthcare,11,61,0,0,0,0
44135.03,Purchase,Grocery,9,11,1,0,1,1
31427.52,Transfer,ATM,7,15,1,3,0,0
37818.22,Purchase,Entertainment,21,15,0,2,0,0
26482.99,Payment,Electronics,7,83,1,0,0,0
33164.55,Deposit,Travel,1,6,0,2,0,0
1483.92,Purchase,Shopping,18,18,0,5,1,0
37466.52,Refund,ATM,21,5,1,2,0,0
70309.01,Transfer,Entertainment,20,45,0,5,0,1
19579.93,Payment,Healthcare,15,18,0,2,0,0
3970.83,Refund,Electronics,15,5,0,1,0,0
46828.2,Transfer,Fuel,8,35,1,3,0,1
29799.33,Purchase,Healthcare,11,28,0,2,1,0
6658.42,Withdrawal,Travel,3,39,0,5,1,0
29919.2,Payment,Grocery,18,75,1,1,0,0
13450.41,Purchase,ATM,16,15,1,3,0,0
61417.55,Purchase,Restaurant,20,70,1,3,0,1
59720.15,Purchase,Entertainment,8,42,1,3,1,1
24205.84,Withdrawal,Travel,7,54,0,1,1,0
55680.09,Refund,Utility,12,23,0,4,0,1
33366.84,Deposit,ATM,9,63,1,2,0,0
54234.21,Deposit,ATM,20,65,1,0,1,1
23021.01,Transfer,Utility,3,55,0,2,0,0
2309.82,Purchase,Healthcare,8,58,0,3,0,0
17107.34,Transfer,Healthcare,3,48,0,3,0,0
89371.08,Transfer,Shopping,23,82,0,4,1,1
33506.52,Transfer,Electronics,21,87,0,1,1,0
36216.13,Transfer,ATM,16,63,1,1,0,0
18816.26,Refund,Restaurant,14,32,1,2,0,0
16950.94,Withdrawal,Utility,21,54,0,5,1,0
47825.78,Deposit,Electronics,9,56,1,2,0,0
19600.45,Payment,Electronics,6,46,0,2,0,0
43220.36,Transfer,Entertainment,2,72,0,1,1,1
50563.7,Withdrawal,Shopping,8,16,1,2,0,0
20422.18,Refund,Travel,8,17,1,1,1,0
38869.13,Transfer,Entertainment,17,65,0,4,0,0
4402.07,Refund,Fuel,22,2,1,1,1,0
39428.85,Payment,Restaurant,6,40,0,5,0,0
28244.75,Withdrawal,Utility,16,14,0,1,1,0
26884.69,Payment,Restaurant,7,20,1,1,1,0
54700.1,Deposit,Entertainment,14,38,1,4,0,1
38445.9,Purchase,ATM,20,38,1,4,1,0
16182.33,Payment,Healthcare,18,88,0,4,0,0
38268.65,Refund,Restaurant,2,26,1,3,0,0
84449.41,Payment,Fuel,23,97,1,3,0,1
48403.9,Deposit,Travel,7,52,1,3,0,1
20558.45,Purchase,Restaurant,3,62,1,4,0,0
6198.37,Transfer,Grocery,6,71,0,1,0,0
16844.9,Transfer,Electronics,16,3,0,3,1,0
52136.03,Purchase,Fuel,7,55,0,4,0,1
6709.88,Withdrawal,Shopping,16,89,1,1,0,0
14839.6,Transfer,Restaurant,18,62,0,2,1,0
63910.76,Purchase,Travel,18,11,0,5,1,1
23890.97,Withdrawal,Restaurant,22,49,1,0,0,0
33176.47,Withdrawal,Entertainment,20,23,0,2,1,0
52142.62,Refund,Fuel,4,44,0,5,0,1
3997.08,Deposit,Electronics,7,44,0,3,0,0
55401.44,Refund,Healthcare,1,10,1,3,1,1
11117.74,Refund,Shopping,2,5,1,5,0,0
25182.99,Payment,Shopping,12,54,1,0,0,0
2614.13,Purchase,Entertainment,17,87,0,0,0,0
45290.24,Withdrawal,Utility,6,7,1,0,0,0
1667.35,Refund,Grocery,6,80,0,4,0,0
73462.11,Purchase,Travel,23,86,1,1,1,1
37459.71,Deposit,Healthcare,15,37,1,5,1,0
10177.47,Deposit,Shopping,16,79,0,0,0,0
10457.95,Withdrawal,Shopping,3,43,0,1,0,0
2326.64,Refund,Utility,21,87,0,2,0,0
29409.24,Transfer,ATM,21,87,0,4,0,0
57071.95,Transfer,Healthcare,7,83,0,4,1,1
63499.09,Refund,Grocery,1,61,0,5,0,1
38934.61,Refund,Shopping,7,62,1,2,0,0
915.3,Transfer,Travel,17,32,1,2,0,0
80529.48,Deposit,Utility,23,60,0,4,0,1
17036.9,Purchase,Electronics,7,99,1,4,0,0
34883.12,Withdrawal,Restaurant,3,97,1,5,1,0
1956.56,Transfer,Grocery,3,7,0,2,1,0
10066.23,Refund,Restaurant,6,42,0,0,1,0
62384.82,Withdrawal,Entertainment,1,88,0,0,1,1
54257.93,Withdrawal,Restaurant,3,49,0,2,0,1
7352.45,Withdrawal,Electronics,0,9,1,0,1,0
45768.35,Refund,Healthcare,10,60,1,0,0,0
440.21,Refund,ATM,11,4,0,4,0,0
61608.61,Transfer,Entertainment,14,30,1,1,1,1
14464.5,Payment,Entertainment,7,47,0,2,0,0
3353.92,Purchase,Fuel,22,24,1,3,0,0
34909.06,Payment,Travel,23,55,0,1,0,0
39891.13,Withdrawal,Travel,14,57,1,2,0,0
11579.41,Refund,Grocery,11,61,0,3,0,0
9876.56,Withdrawal,Utility,21,80,1,5,0,0
6008.16,Purchase,Travel,16,60,0,3,0,0
58174.32,Purchase,Travel,3,12,0,2,0,1
4554.35,Refund,Healthcare,11,40,1,3,0,0
5635.25,Deposit,Restaurant,14,10,1,5,0,0
39313.78,Purchase,Entertainment,12,77,1,2,0,0
545.64,Refund,Travel,15,95,0,1,0,0
23278.46,Purchase,Electronics,15,52,0,3,0,0
31982.24,Withdrawal,Grocery,3,14,0,3,0,0
1873.85,Purchase,Shopping,20,84,0,3,0,0
15645.74,Withdrawal,Travel,15,76,1,2,1,0
46890.67,Purchase,Electronics,18,9,1,2,0,0
7466.04,Deposit,Grocery,22,57,0,2,0,0
89935.47,Transfer,Restaurant,8,98,0,2,0,1
54583.47,Transfer,Healthcare,21,51,1,1,0,0
53683.89,Refund,Fuel,4,30,0,5,1,1
13536.52,Withdrawal,Electronics,2,55,1,3,0,0
14360.15,Refund,Travel,3,81,1,4,0,0
17268.8,Deposit,Entertainment,12,41,0,0,1,0
80662.98,Transfer,Travel,6,98,0,0,1,1
6293.67,Purchase,Entertainment,1,100,1,5,0,0
38481.97,Deposit,Restaurant,15,84,0,1,0,0
38374.57,Deposit,Restaurant,20,14,0,3,0,0
3305.43,Refund,Entertainment,18,88,1,3,1,0
38076.51,Refund,Shopping,7,2,1,0,0,0
16121.14,Transfer,Healthcare,15,40,1,1,0,0
49220.06,Withdrawal,Travel,20,84,1,1,1,1
39979.08,Payment,Shopping,11,20,1,1,0,0
28478.72,Deposit,Utility,10,7,1,0,0,0
16193.07,Purchase,Electronics,16,42,1,4,1,0
2047.31,Purchase,ATM,11,22,0,2,0,0
26870.06,Transfer,Utility,18,20,0,4,0,0
73579.77,Withdrawal,Entertainment,12,65,0,3,0,1
76049.9,Withdrawal,Healthcare,2,55,0,0,0,1
30680.3,Deposit,Entertainment,5,95,1,4,0,0
9090.57,Refund,Grocery,12,65,0,0,0,0
82169.93,Deposit,Electronics,14,75,1,4,0,1
29214.14,Withdrawal,Restaurant,7,11,0,2,1,0
56578.21,Withdrawal,Travel,0,89,0,4,0,1
57482.61,Purchase,Entertainment,5,89,1,5,0,1
12172.85,Withdrawal,Utility,20,91,1,1,0,0
85315.11,Deposit,Utility,7,90,1,2,0,1
26413.29,Deposit,Fuel,0,78,1,1,0,0
4023.78,Withdrawal,Utility,8,15,1,5,1,0
59782.86,Deposit,ATM,9,19,1,0,0,0
21597.75,Withdrawal,Travel,7,83,0,4,0,0
54488.5,Deposit,Shopping,15,64,0,3,0,1
25394.3,Refund,Travel,14,20,0,4,0,0
19305.11,Deposit,Electronics,4,75,0,0,0,0
1859.93,Purchase,Electronics,7,84,0,0,0,0
24359.84,Transfer,Restaurant,11,98,0,1,0,0
10314.78,Refund,Healthcare,16,100,1,5,0,0
59478.94,Withdrawal,Fuel,5,30,0,0,1,1
14988.25,Deposit,Utility,1,99,1,1,0,0
28835.52,Purchase,Shopping,11,72,1,4,0,0
8519.47,Withdrawal,Electronics,7,15,1,5,0,0
22405.35,Deposit,Grocery,16,1,0,3,0,0
32464.71,Refund,Restaurant,2,58,1,2,0,0
32669.41,Withdrawal,Utility,20,36,1,5,0,0
34534.29,Purchase,Restaurant,6,58,0,5,0,0
26433.31,Payment,Fuel,9,47,1,2,0,0
39035.71,Payment,Grocery,0,42,0,2,0,0
40061.45,Refund,Shopping,4,27,1,4,0,1
3571.74,Purchase,Shopping,5,73,0,4,0,0
78134.45,Withdrawal,Shopping,8,63,1,4,0,1
19335.52,Withdrawal,Utility,2,48,1,2,0,0
24716.83,Withdrawal,Restaurant,23,5,1,0,1,0
5527.58,Deposit,Utility,1,83,1,1,0,0
20283.87,Refund,Electronics,22,56,0,0,0,0
50477.31,Withdrawal,Grocery,19,32,1,1,0,0
87656.18,Transfer,Grocery,7,63,1,4,0,1
5941.61,Payment,ATM,20,84,0,0,1,0
31089.85,Refund,ATM,4,7,0,2,0,0
26981.08,Purchase,Utility,4,13,1,1,0,0
61208.36,Deposit,Healthcare,4,39,1,4,0,1
20183.79,Transfer,Grocery,13,43,0,4,0,0
48885.25,Withdrawal,Entertainment,14,80,0,1,0,1
88888.66,Deposit,Grocery,19,45,1,4,0,1
16732.99,Transfer,Grocery,17,13,1,4,0,0
15886.04,Payment,Travel,22,58,0,5,1,0
54260.63,Withdrawal,Grocery,10,34,0,5,0,1
3005.34,Transfer,Travel,13,62,1,0,0,0
2222.56,Deposit,Entertainment,20,64,1,4,0,0
21011.96,Purchase,Electronics,7,33,0,2,0,0
50589.94,Deposit,Shopping,1,50,1,0,0,0
911.73,Transfer,Entertainment,11,40,1,0,0,0
15189.97,Transfer,Grocery,0,38,1,2,0,0
21125.31,Payment,Entertainment,16,28,1,5,1,0
25557.44,Transfer,Entertainment,0,37,0,2,1,0
78231.56,Transfer,Utility,13,8,0,1,0,1
10695.28,Purchase,Shopping,3,22,0,3,0,0
36139.58,Deposit,Travel,1,72,0,2,0,0
73437.91,Transfer,Restaurant,3,44,0,3,0,1
37588.02,Deposit,Healthcare,15,62,1,1,0,0
24179.83,Deposit,Restaurant,5,90,0,0,1,0
30642.76,Purchase,Fuel,11,40,1,0,1,0
72312.26,Transfer,Healthcare,12,76,1,2,0,1
11194.7,Withdrawal,Healthcare,21,40,0,5,0,0
46068.69,Purchase,Electronics,7,57,0,2,0,1
82549.02,Refund,Fuel,18,59,1,4,0,1
23130.89,Refund,ATM,9,3,0,4,0,0
33664.96,Refund,Healthcare,12,31,0,5,0,0
23898.1,Refund,Utility,17,3,1,1,1,0
31914.74,Deposit,Utility,13,33,1,1,1,0
51314.67,Transfer,Restaurant,8,19,1,0,0,0
26169.5,Payment,Electronics,13,17,1,2,1,0
35340.81,Payment,Entertainment,13,89,1,0,0,0
20616.44,Refund,Restaurant,11,21,1,2,0,0
50743.15,Deposit,ATM,6,15,1,3,1,1
1666.86,Refund,Travel,13,97,1,2,0,0
39728.28,Transfer,Entertainment,23,28,1,3,0,0
21390.71,Transfer,Utility,15,62,0,2,0,0
88322.0,Payment,Utility,1,18,1,5,0,1
8017.91,Transfer,ATM,9,5,1,3,0,0
21480.5,Payment,Restaurant,15,34,1,5,0,0
12710.25,Deposit,Travel,22,86,1,3,1,0
57125.65,Transfer,Healthcare,5,1,1,0,0,0
28540.68,Purchase,Utility,5,61,1,1,0,0
50505.6,Refund,Travel,21,65,1,0,0,0
80458.16,Withdrawal,Entertainment,12,3,0,3,1,1
38521.35,Withdrawal,Utility,13,88,1,2,0,0
62914.65,Refund,Healthcare,6,89,1,0,0,1
57518.71,Purchase,Entertainment,11,29,1,3,1,1
23436.51,Purchase,Entertainment,9,73,0,4,0,0
52916.94,Deposit,Entertainment,18,43,0,5,1,1
36821.64,Purchase,Electronics,12,78,0,2,1,0
28747.11,Refund,Grocery,15,80,0,1,0,0
51363.86,Purchase,Grocery,16,9,0,1,0,1
57663.3,Payment,Healthcare,7,23,1,4,0,1
54466.83,Refund,Grocery,2,90,1,5,0,1
14911.91,Deposit,Fuel,18,39,1,2,0,0
15863.74,Purchase,Shopping,4,71,1,4,0,0
1746.93,Transfer,ATM,11,13,0,5,0,0
74083.65,Withdrawal,Restaurant,18,96,0,2,1,1
83780.02,Transfer,Fuel,6,74,1,1,0,1
28495.28,Deposit,Healthcare,5,68,1,3,0,0
682.75,Payment,Restaurant,9,81,1,0,0,0
81630.95,Deposit,Fuel,14,61,0,5,0,1
9560.63,Payment,Fuel,11,6,1,2,0,0
40566.86,Payment,ATM,19,19,1,5,0,1
35392.11,Withdrawal,Utility,4,51,1,5,1,0
48100.07,Withdrawal,Shopping,21,68,1,4,0,1
29922.02,Payment,Utility,5,65,1,3,0,0
26642.5,Refund,Entertainment,19,11,0,2,0,0
50107.55,Deposit,Fuel,19,49,1,2,0,0
39976.65,Transfer,Electronics,23,41,1,1,0,0
81255.3,Purchase,Fuel,0,37,0,2,0,1
27437.81,Refund,Electronics,4,77,1,1,0,0
13398.85,Withdrawal,Entertainment,11,57,0,2,1,0
54168.11,Transfer,Travel,0,11,0,2,0,1
50616.33,Purchase,Travel,16,39,1,3,1,1
59227.35,Purchase,Restaurant,15,8,0,5,0,1
87467.4,Withdrawal,Electronics,14,47,1,0,1,1
48754.23,Deposit,Utility,6,59,0,1,1,1
4697.28,Purchase,Electronics,21,38,0,3,0,0
25014.11,Refund,ATM,5,21,1,0,0,0
86199.74,Withdrawal,Shopping,12,43,1,5,1,1
50088.91,Transfer,Electronics,8,32,1,4,0,1
20403.81,Purchase,Electronics,17,92,0,0,0,0
34373.26,Purchase,Travel,23,32,0,5,0,0
24433.45,Transfer,ATM,20,53,0,1,1,0
67609.13,Withdrawal,Healthcare,15,63,1,3,0,1
50259.82,Transfer,Entertainment,4,41,1,2,0,0
35480.71,Withdrawal,Fuel,9,52,1,0,1,0
20316.83,Transfer,Shopping,13,97,0,5,1,0
6651.27,Transfer,Electronics,23,67,0,3,1,0
22208.73,Purchase,Healthcare,17,72,0,3,0,0
21311.85,Refund,Grocery,2,73,1,5,0,0
51031.64,Payment,Grocery,17,22,1,3,1,1
37485.46,Transfer,Healthcare,2,39,1,5,0,0
31849.08,Transfer,Fuel,23,52,1,5,0,0
26351.47,Purchase,Travel,1,9,1,0,0,0
2675.72,Refund,Entertainment,5,53,1,4,1,0
52458.44,Withdrawal,Healthcare,2,53,0,2,0,1
2741.07,Payment,Entertainment,21,69,0,3,0,0
9334.27,Refund,Electronics,8,29,1,2,1,0
59080.0,Withdrawal,ATM,23,84,1,3,1,1
26001.93,Purchase,Utility,2,42,0,0,1,0
426.11,Purchase,Utility,11,97,0,5,0,0
64656.04,Payment,Utility,17,33,0,4,0,1
29337.43,Refund,Entertainment,15,62,0,3,1,0
18033.63,Deposit,Electronics,19,93,0,1,0,0
9590.58,Purchase,Healthcare,6,2,0,0,0,0
88784.34,Withdrawal,Travel,19,63,0,1,1,1
20783.02,Deposit,Grocery,16,87,0,1,0,0
35494.76,Refund,Healthcare,9,89,1,5,1,0
20600.3,Refund,Shopping,0,12,0,5,0,0
44604.99,Payment,Fuel,1,69,0,3,0,1
47548.41,Refund,Grocery,4,46,1,5,0,1
27514.97,Deposit,Fuel,22,7,1,5,0,0
19150.58,Withdrawal,Travel,10,80,1,4,0,0
9185.24,Payment,Utility,12,97,0,3,1,0
23207.05,Refund,Entertainment,11,70,1,5,0,0
11361.65,Purchase,Fuel,11,32,1,4,1,0
21639.25,Withdrawal,Grocery,19,19,0,2,0,0
33593.06,Refund,Grocery,12,79,1,0,1,0
38196.36,Payment,Restaurant,20,72,1,0,0,0
19424.53,Transfer,Electronics,1,7,0,3,1,0
16671.53,Transfer,Shopping,9,31,0,0,0,0
70435.46,Purchase,Restaurant,22,41,1,0,1,1
28101.96,Deposit,Restaurant,15,48,0,2,0,0
28246.4,Refund,Grocery,20,41,0,0,0,0
25584.62,Withdrawal,Utility,20,68,0,1,1,0
73043.28,Transfer,Electronics,6,1,0,2,0,1
32562.16,Transfer,Utility,10,39,1,1,0,0
30132.28,Withdrawal,Utility,9,4,1,1,0,0
887.54,Purchase,Utility,5,45,1,1,0,0
59826.43,Deposit,Fuel,17,47,0,2,0,1
40381.96,Transfer,Utility,2,12,1,4,1,1
52646.71,Transfer,Grocery,23,47,0,1,0,1
1421.74,Purchase,Travel,23,12,1,0,0,0
4157.95,Deposit,Grocery,15,34,0,2,0,0
24489.23,Payment,ATM,19,28,0,1,1,0
30704.61,Refund,Fuel,12,72,1,3,0,0
10772.23,Refund,Restaurant,1,73,0,5,0,0
12001.82,Withdrawal,ATM,1,49,0,2,1,0
28683.18,Purchase,Utility,2,20,1,0,0,0
32158.62,Refund,Healthcare,19,12,0,5,0,0
54340.3,Purchase,ATM,7,56,1,4,0,1
54077.54,Payment,Travel,21,89,0,0,0,1
22152.78,Deposit,ATM,8,48,1,4,0,0
47407.44,Refund,ATM,10,14,1,3,0,1
14467.22,Purchase,Shopping,14,80,1,3,0,0
81582.15,Deposit,Grocery,4,26,0,2,0,1
343.63,Deposit,Shopping,16,81,0,0,1,0
15584.49,Withdrawal,Travel,0,79,0,3,0,0
30954.33,Purchase,Healthcare,7,100,1,3,1,0
66448.44,Payment,Grocery,15,84,0,3,0,1
21479.71,Refund,ATM,13,55,0,3,0,0
65717.73,Payment,Restaurant,16,8,0,1,0,1
30049.11,Purchase,ATM,18,70,0,2,1,0
290.54,Deposit,Utility,11,13,1,1,0,0
30378.63,Refund,Entertainment,6,52,1,4,0,0
22766.25,Deposit,Electronics,13,70,1,0,0,0
35320.81,Payment,Shopping,21,68,0,1,1,0
30264.47,Transfer,Fuel,11,22,1,3,0,0
35847.29,Purchase,Entertainment,17,100,0,5,1,0
602.45,Withdrawal,Healthcare,3,86,1,4,1,0
37106.31,Purchase,Grocery,17,8,0,2,0,0
56652.96,Transfer,Healthcare,8,68,1,4,0,1
32397.25,Transfer,Shopping,7,25,1,3,0,0
11049.6,Deposit,Utility,23,82,0,3,0,0
47525.06,Withdrawal,Electronics,21,65,0,3,1,1
31919.14,Deposit,ATM,18,61,1,1,0,0
60049.26,Deposit,Shopping,0,90,0,3,0,1
1485.16,Withdrawal,Utility,3,17,1,5,1,0
12097.16,Purchase,Travel,10,63,0,1,1,0
23323.08,Purchase,Healthcare,5,16,1,5,0,0
14850.49,Withdrawal,Healthcare,15,77,1,5,0,0
21176.23,Purchase,Utility,17,21,1,1,0,0
49512.3,Refund,Utility,13,56,0,0,0,1
65205.94,Payment,Shopping,8,92,1,2,0,1
50634.68,Payment,Entertainment,4,15,1,4,0,1
24173.85,Transfer,Healthcare,4,34,1,4,1,0
8202.72,Withdrawal,ATM,5,74,0,3,0,0
89507.55,Deposit,Entertainment,15,79,1,0,1,1
33470.19,Transfer,Electronics,7,67,0,3,0,0
48228.74,Deposit,Shopping,16,28,0,4,0,1
38849.25,Deposit,ATM,16,50,0,1,0,0
53617.05,Transfer,Entertainment,20,65,1,1,1,1
38521.36,Purchase,Restaurant,11,52,1,3,0,0
42391.4,Purchase,Shopping,9,26,1,5,0,1
343.62,Refund,Fuel,13,19,1,1,0,0
24814.18,Payment,Grocery,1,94,0,1,1,0
36331.62,Transfer,Entertainment,20,5,1,0,0,0
25838.4,Purchase,ATM,2,1,0,4,0,0
2420.76,Transfer,ATM,10,40,1,2,0,0
43658.01,Purchase,Utility,16,35,1,1,1,1
20458.5,Deposit,Fuel,0,83,1,1,0,0
3484.28,Deposit,Shopping,18,65,1,5,0,0
34216.06,Withdrawal,Fuel,3,53,1,2,1,0
50307.52,Purchase,Grocery,23,58,0,5,1,1
21520.22,Payment,Electronics,6,86,1,0,0,0
58955.02,Purchase,Entertainment,8,23,0,3,1,1
40454.88,Refund,Healthcare,21,53,1,1,1,1
4863.96,Purchase,Travel,6,37,1,3,0,0
11615.53,Payment,Grocery,5,66,1,5,0,0
78244.9,Refund,Shopping,23,64,1,2,1,1
57739.41,Purchase,Healthcare,23,9,1,2,0,0
74649.08,Refund,Fuel,7,7,0,3,0,1
17765.25,Deposit,Fuel,19,64,1,5,0,0
20768.55,Transfer,Restaurant,7,100,0,4,0,0
17766.61,Payment,Shopping,13,64,1,5,0,0
80419.37,Payment,Utility,4,34,1,5,0,1
24663.31,Deposit,Shopping,6,85,1,0,0,0
17564.88,Deposit,Electronics,0,5,1,4,0,0
38199.68,Withdrawal,ATM,16,22,0,0,1,0
30404.64,Withdrawal,Electronics,4,65,0,3,0,0
205.72,Refund,Utility,1,99,0,2,0,0
13792.83,Deposit,Travel,15,73,0,2,0,0
59634.63,Deposit,Travel,12,45,0,5,0,1
30895.34,Transfer,Healthcare,1,92,1,5,0,0
35496.18,Purchase,Entertainment,20,28,0,5,0,0
78409.2,Refund,Healthcare,7,42,1,4,0,1
58885.53,Withdrawal,Electronics,4,67,0,0,0,1
15828.29,Withdrawal,Electronics,21,66,0,2,0,0
3205.78,Payment,Shopping,16,75,0,3,1,0
56825.42,Purchase,Travel,0,57,0,4,0,1
24339.38,Deposit,Entertainment,4,50,0,1,1,0
298.67,Transfer,Restaurant,4,55,1,3,0,0
2501.57,Payment,ATM,16,7,1,5,1,0
29728.45,Refund,ATM,23,83,0,3,1,0
70457.06,Transfer,Fuel,22,84,0,4,1,1
51995.31,Purchase,Shopping,9,47,1,2,0,0
31685.74,Refund,Shopping,21,29,1,3,0,0
59205.58,Payment,Fuel,23,78,0,0,1,1
78344.24,Deposit,ATM,10,22,1,2,1,1
11664.73,Payment,Electronics,11,83,1,5,0,0
38504.66,Withdrawal,Electronics,20,58,0,0,0,0
73370.15,Payment,Travel,12,9,1,5,0,1
31747.8,Withdrawal,Electronics,0,3,0,1,1,0
21126.99,Transfer,ATM,18,46,1,0,0,0
11677.54,Deposit,Fuel,10,30,0,5,1,0
10319.21,Refund,Grocery,10,28,1,3,0,0
17290.37,Refund,Utility,20,74,0,5,1,0
5422.0,Payment,Fuel,5,51,1,2,0,0
8126.46,Deposit,Travel,5,86,1,1,1,0
74295.32,Deposit,Grocery,14,42,1,4,0,1
19002.88,Transfer,ATM,8,15,1,5,0,0
45285.41,Deposit,ATM,20,50,0,5,0,1
73627.49,Refund,Fuel,15,58,0,2,1,1
40466.99,Refund,Travel,0,83,1,0,0,1
5469.86,Withdrawal,Travel,2,83,0,0,0,0
34785.22,Refund,Entertainment,14,17,0,3,0,0
37192.51,Transfer,Healthcare,23,48,1,3,0,0
3370.07,Payment,Utility,21,49,0,0,0,0
23593.46,Transfer,Restaurant,8,1,0,0,0,0
25213.27,Transfer,Travel,14,49,1,3,0,0
35318.17,Deposit,Entertainment,11,96,1,1,0,0
26049.92,Payment,Utility,9,11,0,2,0,0
3365.47,Transfer,ATM,0,97,0,1,0,0
38224.43,Transfer,Entertainment,22,24,0,2,1,0
50197.99,Payment,Electronics,12,43,0,3,0,1
38133.22,Transfer,Restaurant,9,22,0,3,0,0
6774.79,Payment,Fuel,18,26,0,4,1,0
23898.73,Purchase,Utility,3,7,1,3,0,0
16224.73,Purchase,Restaurant,13,59,0,2,0,0
70886.51,Purchase,Utility,21,74,1,3,1,1
33015.3,Transfer,Entertainment,14,5,1,5,0,0
1202.09,Transfer,ATM,13,9,0,1,0,0
27193.88,Deposit,Utility,17,67,1,5,1,0
27370.63,Refund,Shopping,16,65,0,2,0,0
59774.34,Refund,Entertainment,16,95,1,4,1,1
3981.67,Refund,Fuel,22,30,0,0,1,0
48763.51,Transfer,Healthcare,15,43,1,0,0,0
4031.62,Withdrawal,Restaurant,12,58,0,5,0,0
32188.52,Transfer,Entertainment,14,98,0,2,0,0
38478.68,Refund,Fuel,9,97,1,2,0,0
81460.87,Payment,Electronics,13,42,0,4,0,1
28204.09,Withdrawal,Electronics,11,73,1,5,0,0
30808.18,Refund,Electronics,7,16,0,2,0,0
58673.87,Purchase,Restaurant,12,75,0,0,0,1
59787.43,Deposit,Healthcare,9,77,1,0,0,1
59979.52,Refund,Restaurant,19,33,0,3,0,1
1364.41,Purchase,ATM,21,21,1,4,0,0
53563.09,Refund,Entertainment,21,7,1,4,0,1
5851.42,Transfer,Electronics,13,82,1,5,1,0
24612.77,Payment,Utility,21,20,1,1,0,0
33306.84,Payment,Grocery,17,4,1,5,0,0
89930.93,Transfer,Grocery,8,80,1,3,0,1
63613.18,Purchase,Restaurant,1,26,0,2,0,1
73515.05,Payment,Travel,18,72,1,1,0,1
35428.78,Payment,Entertainment,8,83,0,4,0,0
5056.73,Transfer,Shopping,6,24,1,0,0,0
78836.16,Withdrawal,Entertainment,7,28,1,4,0,1
67776.94,Deposit,Utility,1,69,1,4,0,1
15908.77,Withdrawal,ATM,21,96,1,5,0,0
31403.0,Deposit,Healthcare,8,69,0,0,0,0
36161.02,Purchase,Electronics,3,41,1,3,1,0
9509.94,Purchase,Travel,3,27,1,2,0,0
14608.58,Withdrawal,Utility,11,2,0,4,1,0
8917.72,Payment,Travel,5,41,0,5,0,0
34179.4,Withdrawal,Healthcare,22,19,0,5,0,0
33147.3,Deposit,Utility,18,56,1,3,0,0
42596.51,Payment,Restaurant,7,48,0,0,1,1
36824.71,Transfer,Travel,23,67,0,2,0,0
11312.2,Transfer,Grocery,15,87,0,4,1,0
52050.72,Deposit,Travel,16,57,0,4,0,1
68560.95,Purchase,Entertainment,5,81,1,4,1,1
45368.38,Transfer,Travel,17,18,0,3,0,1
5152.99,Deposit,Electronics,13,59,1,0,0,0
46041.95,Withdrawal,Fuel,20,58,0,1,0,1
12771.49,Transfer,Utility,15,44,1,5,1,0
51717.33,Payment,Electronics,7,57,1,0,0,0
47905.85,Deposit,Travel,7,65,0,4,0,1
53786.39,Deposit,Restaurant,21,79,1,2,1,1
9596.09,Deposit,Utility,12,35,1,2,0,0
47117.07,Transfer,Entertainment,4,22,0,0,0,1
31116.63,Transfer,Healthcare,4,76,1,0,0,0
34261.04,Payment,Electronics,17,87,1,0,1,0
2312.62,Deposit,Restaurant,19,77,1,2,0,0
4329.13,Payment,Shopping,6,67,0,4,0,0
61796.57,Withdrawal,ATM,16,94,1,0,0,1
38075.24,Payment,Electronics,1,32,1,5,0,0
37630.28,Transfer,Entertainment,19,43,1,1,0,0
12934.02,Deposit,ATM,12,79,1,0,0,0
49129.3,Withdrawal,Shopping,16,70,0,5,1,1
1637.46,Purchase,Utility,3,37,0,1,1,0
15738.15,Payment,Shopping,0,65,1,4,0,0
25948.86,Transfer,Restaurant,15,18,0,1,0,0
71430.29,Deposit,Utility,15,54,0,4,0,1
71607.28,Deposit,Shopping,1,39,0,4,0,1
10676.93,Payment,ATM,15,43,1,4,0,0
16828.48,Refund,Electronics,17,98,0,0,1,0
9653.4,Withdrawal,ATM,2,92,0,0,0,0
541.47,Payment,Travel,19,89,1,2,1,0
29410.34,Purchase,Fuel,21,28,0,1,0,0
59162.15,Purchase,Utility,0,40,0,5,0,1
1548.14,Refund,Shopping,2,11,1,4,0,0
51943.01,Withdrawal,Grocery,8,15,1,2,0,0
13592.28,Withdrawal,Entertainment,2,71,0,0,0,0
13607.6,Purchase,Grocery,2,59,0,2,0,0
39784.02,Deposit,Fuel,4,25,0,0,0,0
392.62,Purchase,Fuel,0,73,0,4,0,0
65944.1,Transfer,Entertainment,19,50,0,5,0,1
41796.88,Withdrawal,Utility,5,5,1,2,0,0
13798.55,Refund,Shopping,0,56,0,5,0,0
25330.65,Withdrawal,Travel,0,15,1,5,0,0
29172.44,Transfer,Electronics,1,40,1,3,0,0
13358.2,Purchase,Travel,21,10,1,0,0,0
51910.47,Withdrawal,Grocery,18,51,1,1,0,0
38299.75,Refund,Fuel,9,1,1,2,0,0
14407.69,Withdrawal,Travel,18,81,1,3,0,0
28882.86,Refund,Grocery,7,50,0,5,0,0
69867.93,Withdrawal,Restaurant,19,13,1,4,0,1
2723.59,Purchase,Entertainment,4,88,1,3,0,0
16152.6,Deposit,Healthcare,13,67,0,5,0,0
77247.45,Transfer,Grocery,0,29,1,5,0,1
3613.4,Deposit,Healthcare,12,96,1,5,0,0
10234.02,Refund,Electronics,20,77,0,1,0,0
66897.18,Purchase,Entertainment,11,14,0,3,0,1
23453.99,Transfer,Grocery,14,44,0,5,0,0
5739.21,Payment,Utility,20,46,0,2,1,0
20812.02,Payment,Fuel,21,19,1,1,1,0
88642.58,Refund,Shopping,20,64,0,0,0,1
13726.2,Refund,Utility,2,4,0,3,0,0
43382.68,Payment,Entertainment,9,12,1,2,0,0
13151.18,Deposit,Utility,3,88,1,2,0,0
3079.46,Transfer,Travel,18,48,1,0,0,0
11828.38,Deposit,ATM,0,55,1,2,1,0
35650.83,Transfer,Entertainment,8,18,1,5,0,0
33973.02,Withdrawal,Entertainment,20,12,0,4,0,0
39934.35,Withdrawal,Healthcare,10,8,0,2,1,0
17806.54,Payment,Grocery,4,26,1,0,1,0
10271.0,Payment,Grocery,13,2,0,1,0,0
53391.38,Transfer,Restaurant,21,85,0,1,0,1
29558.01,Withdrawal,Shopping,0,74,1,2,0,0
21124.62,Transfer,Grocery,3,50,0,3,0,0
36852.53,Refund,Healthcare,17,22,0,3,0,0
74743.16,Withdrawal,ATM,23,52,0,0,0,1
23249.17,Transfer,Entertainment,3,18,0,3,0,0
23006.63,Deposit,Entertainment,15,49,1,3,0,0
38961.4,Transfer,Grocery,17,34,1,0,0,0
52978.94,Transfer,Restaurant,18,75,0,2,1,1
31305.93,Refund,Fuel,16,56,0,0,0,0
19407.82,Deposit,Travel,3,33,0,4,0,0
20307.12,Transfer,Fuel,0,32,0,5,1,0
83531.24,Refund,Electronics,17,98,0,4,0,1
13236.9,Refund,Grocery,10,25,0,3,1,0
1211.78,Purchase,Shopping,7,7,0,4,0,0
41793.56,Deposit,Entertainment,20,61,1,3,0,1
52880.93,Refund,Electronics,23,3,1,0,1,1
1567.49,Transfer,Utility,9,98,1,2,0,0
69853.7,Payment,ATM,3,40,0,4,1,1
24847.79,Transfer,Restaurant,3,99,1,5,0,0
33835.45,Payment,ATM,10,77,1,4,0,0
57801.06,Withdrawal,Entertainment,7,22,1,1,0,0
19655.24,Withdrawal,Utility,1,25,0,4,0,0
18560.65,Payment,Travel,21,14,1,0,0,0
23140.55,Purchase,Utility,12,67,0,1,1,0
71235.59,Deposit,Shopping,2,83,1,0,0,1
25722.82,Payment,Grocery,5,88,1,1,0,0
32093.36,Withdrawal,Utility,8,94,0,3,0,0
4596.75,Purchase,Restaurant,2,68,1,1,0,0
24901.86,Transfer,Utility,22,16,1,5,0,0
1607.82,Purchase,Electronics,23,37,1,3,0,0
18790.95,Withdrawal,Healthcare,14,69,1,1,0,0
3946.24,Transfer,Travel,11,54,1,3,0,0
24331.05,Purchase,Entertainment,16,69,1,4,0,0
13493.22,Withdrawal,Utility,20,93,0,0,0,0
24335.59,Withdrawal,Grocery,3,39,1,3,0,0
72936.94,Payment,Grocery,16,68,0,5,0,1
33389.22,Deposit,Fuel,9,37,1,5,0,0
2135.66,Withdrawal,Entertainment,2,60,0,2,1,0
15788.27,Refund,Utility,6,98,1,1,0,0
54064.02,Withdrawal,Electronics,16,11,0,3,0,1
296.79,Deposit,Grocery,9,44,0,5,0,0
39306.47,Deposit,Shopping,23,30,1,4,0,0
76069.69,Payment,Healthcare,15,53,1,4,0,1
38973.63,Payment,Shopping,3,27,0,5,1,0
21890.34,Deposit,Fuel,20,63,0,4,0,0
5393.52,Withdrawal,ATM,5,47,0,0,0,0
14736.63,Payment,Utility,2,53,0,5,0,0
9356.98,Transfer,Electronics,23,61,1,3,0,0
68883.93,Payment,Healthcare,19,2,1,1,1,1
25105.18,Purchase,Grocery,10,89,0,1,0,0
36144.07,Refund,Electronics,5,68,0,3,0,0
57935.96,Refund,Travel,20,73,0,0,0,1
15070.66,Payment,Shopping,3,36,1,4,0,0
2659.98,Transfer,Restaurant,13,76,0,1,0,0
20505.56,Withdrawal,Healthcare,16,54,0,5,0,0
3964.62,Deposit,Fuel,7,7,1,3,0,0
51768.71,Refund,Healthcare,12,63,0,0,0,1
63892.28,Purchase,Healthcare,9,57,0,1,0,1
12922.6,Transfer,Shopping,14,40,1,3,0,0
28830.87,Payment,Shopping,20,72,1,5,0,0
84420.23,Withdrawal,Fuel,14,59,1,0,1,1
25655.95,Deposit,Travel,20,9,0,3,0,0
38700.52,Payment,Healthcare,2,90,1,4,0,0
25047.5,Payment,Entertainment,22,32,0,3,0,0
27227.91,Purchase,Shopping,8,46,0,2,1,0
63629.93,Deposit,Utility,16,47,0,5,0,1
32525.47,Refund,Shopping,22,25,1,2,0,0
7918.57,Refund,Fuel,6,98,1,0,0,0
38461.86,Transfer,Travel,0,24,1,3,1,0
69595.08,Withdrawal,Electronics,15,67,0,4,0,1
52283.18,Purchase,Entertainment,3,93,0,1,1,1
29501.72,Transfer,Grocery,7,66,0,2,0,0
19197.57,Purchase,Fuel,13,79,0,4,1,0
67321.23,Purchase,Grocery,16,53,0,4,1,1
14171.17,Deposit,Shopping,6,80,0,5,0,0
10978.49,Refund,Healthcare,1,22,1,2,0,0
19228.66,Purchase,Electronics,12,48,1,2,0,0
74983.78,Transfer,Shopping,12,28,0,4,0,1
28782.81,Deposit,Grocery,10,51,0,2,0,0
44807.45,Refund,Healthcare,3,7,1,0,0,0
11701.35,Payment,Electronics,13,87,0,5,0,0
17667.65,Purchase,Utility,12,52,0,5,0,0
30664.9,Deposit,Travel,12,77,1,5,0,0
19755.63,Transfer,Restaurant,7,98,1,4,1,0
16172.48,Transfer,Travel,8,51,0,3,0,0
76699.34,Withdrawal,Entertainment,0,48,0,1,0,1
30882.22,Payment,ATM,12,49,0,4,0,0
38401.55,Transfer,Shopping,17,5,1,0,0,0
6407.35,Withdrawal,Entertainment,7,40,1,2,0,0
78408.65,Deposit,Entertainment,3,73,0,3,0,1
56630.83,Refund,Restaurant,0,77,1,2,0,1
60418.73,Withdrawal,Healthcare,22,42,1,3,0,1
38474.04,Payment,Shopping,15,17,0,0,1,0
38876.32,Payment,Travel,14,68,0,3,0,0
29192.34,Transfer,Electronics,1,37,0,1,1,0
44628.6,Payment,Entertainment,15,78,1,4,0,1
4865.95,Withdrawal,Healthcare,19,50,1,1,1,0
72215.61,Payment,Utility,10,43,1,4,0,1
86659.44,Transfer,Healthcare,21,4,0,4,0,1
62489.38,Refund,Fuel,12,76,1,3,0,1
36191.17,Payment,Healthcare,17,67,1,4,1,0
59215.41,Purchase,Shopping,15,67,1,1,0,0
44778.53,Transfer,Electronics,17,89,0,2,0,1
28041.24,Transfer,ATM,1,88,1,2,0,0
16434.39,Withdrawal,Utility,1,58,0,2,0,0
36134.01,Deposit,Fuel,15,72,1,0,0,0
27436.8,Transfer,Utility,20,21,1,2,0,0
69576.22,Purchase,ATM,7,79,0,2,1,1
74347.84,Refund,Grocery,7,41,1,4,0,1
21557.89,Transfer,Shopping,15,62,1,0,1,0
87686.15,Purchase,Restaurant,18,84,0,4,0,1
89209.06,Refund,Utility,22,99,1,5,1,1
43894.0,Payment,Electronics,16,52,0,3,1,1
12537.02,Refund,Entertainment,2,52,0,1,1,0
7876.56,Refund,Electronics,7,2,0,1,1,0
24203.76,Deposit,ATM,16,54,1,0,0,0
13577.37,Transfer,Healthcare,18,63,1,0,0,0
8004.17,Transfer,Healthcare,7,33,1,2,0,0
50885.84,Deposit,Utility,12,22,0,4,0,1
55035.67,Refund,ATM,7,33,0,4,0,1
1650.41,Refund,Fuel,0,46,0,3,0,0
35960.24,Deposit,Travel,12,68,1,4,1,0
81276.61,Purchase,Electronics,19,22,0,1,0,1
41741.93,Purchase,Healthcare,3,41,1,2,0,0
28874.45,Withdrawal,Utility,13,67,1,0,0,0
82864.43,Deposit,ATM,23,26,0,1,0,1
26920.07,Transfer,Fuel,0,12,1,2,0,0
3277.66,Payment,Electronics,13,92,0,4,0,0
3873.46,Payment,Healthcare,2,2,0,0,0,0
22179.25,Deposit,Utility,7,86,0,5,1,0
16958.42,Withdrawal,Restaurant,8,82,1,2,0,0
75393.79,Deposit,Electronics,4,85,0,1,0,1
72072.68,Payment,Healthcare,9,87,0,0,0,1
77178.69,Transfer,Restaurant,10,28,1,5,0,1
29840.72,Payment,Fuel,17,86,1,5,0,0
47725.84,Refund,Electronics,7,65,1,5,1,1
30229.14,Withdrawal,Healthcare,1,60,1,4,0,0
3202.26,Deposit,Travel,0,48,0,5,0,0
3661.44,Transfer,Travel,8,54,1,0,0,0
37491.74,Refund,Grocery,21,81,1,0,0,0
9416.51,Deposit,Travel,18,59,0,5,1,0
22777.22,Withdrawal,Grocery,7,16,1,4,0,0
45758.92,Withdrawal,ATM,8,35,0,4,0,1
66247.8,Refund,Fuel,23,97,0,0,0,1
57220.51,Payment,Restaurant,0,44,0,4,0,1
1603.98,Deposit,Restaurant,5,96,0,3,0,0
49155.51,Transfer,Travel,22,48,1,5,1,1
32827.28,Transfer,ATM,15,48,1,2,1,0
1866.11,Withdrawal,Restaurant,19,32,1,1,0,0
31892.21,Deposit,Travel,2,70,1,3,1,0
43589.92,Withdrawal,Shopping,0,87,1,3,0,1
33695.18,Withdrawal,ATM,14,67,0,0,0,0
49971.43,Refund,Entertainment,11,81,1,3,0,1
38455.78,Transfer,Entertainment,5,86,1,5,1,0
21465.19,Purchase,Restaurant,5,58,0,4,1,0
2169.92,Payment,Travel,1,75,0,5,0,0
53211.47,Transfer,Fuel,1,33,1,4,0,1
28852.63,Withdrawal,ATM,0,81,1,2,0,0
37784.32,Payment,Restaurant,19,22,0,1,0,0
34492.02,Transfer,Healthcare,0,88,1,1,0,0
10934.37,Purchase,Shopping,20,80,0,0,0,0
37141.26,Withdrawal,Entertainment,15,24,0,5,1,0
24965.02,Deposit,Healthcare,4,56,0,5,1,0
20859.41,Payment,Healthcare,15,9,0,3,0,0
32668.11,Payment,Travel,13,47,0,5,0,0
4895.23,Purchase,Restaurant,0,84,0,0,1,0
3658.95,Refund,Restaurant,5,12,1,1,0,0
12726.63,Payment,Healthcare,2,95,1,3,0,0
5875.72,Purchase,Shopping,12,4,1,1,0,0
59130.98,Payment,Fuel,6,17,1,3,0,1
29537.49,Purchase,Entertainment,1,56,1,5,0,0
7422.7,Payment,Shopping,17,80,0,0,0,0
30276.58,Purchase,Grocery,1,59,0,4,0,0
39352.61,Transfer,Utility,19,69,0,5,0,0
38299.3,Payment,Grocery,23,45,1,2,1,0
27046.66,Deposit,Entertainment,23,43,1,3,0,0
71508.16,Purchase,Restaurant,23,29,1,5,1,1
44562.84,Deposit,Healthcare,15,78,0,0,0,1
13111.02,Refund,Healthcare,17,92,1,2,0,0
15947.39,Purchase,Shopping,0,37,1,1,0,0
51926.17,Withdrawal,Grocery,8,79,0,0,1,1
48765.1,Payment,Travel,10,34,1,2,0,0
31787.31,Refund,Entertainment,9,92,0,3,0,0
3256.61,Transfer,Electronics,3,61,0,5,0,0
83950.89,Transfer,Shopping,5,12,1,1,1,1
52844.51,Refund,Grocery,23,34,0,4,1,1
3698.62,Transfer,Shopping,0,39,1,5,0,0
26768.81,Transfer,Utility,15,17,0,0,0,0
57876.79,Deposit,Entertainment,16,14,0,4,0,1
20096.16,Payment,Entertainment,13,30,1,1,0,0
848.45,Payment,Utility,6,84,1,0,0,0
59526.7,Purchase,Entertainment,17,53,1,2,1,1
25721.11,Purchase,Healthcare,15,31,1,4,0,0
20633.25,Refund,Travel,6,82,1,2,0,0
82333.24,Transfer,Utility,14,49,1,5,1,1
43536.13,Transfer,Electronics,12,81,1,0,0,1
72676.56,Deposit,Restaurant,21,62,0,0,0,1
37297.0,Deposit,Grocery,21,57,0,2,0,0
29311.08,Payment,Restaurant,4,29,0,5,0,0
21747.74,Payment,Fuel,10,92,1,0,0,0
5588.4,Deposit,ATM,22,45,0,1,0,0
32897.75,Withdrawal,ATM,21,100,0,3,0,0
39732.2,Refund,Electronics,10,93,1,3,0,0
38370.38,Withdrawal,Grocery,18,69,0,2,0,0
19371.72,Withdrawal,Healthcare,6,36,0,3,0,0
17134.03,Refund,Grocery,22,67,1,3,0,0
27879.51,Withdrawal,Healthcare,22,34,0,5,1,0
37072.33,Withdrawal,Electronics,17,63,1,1,0,0
31743.23,Transfer,Utility,9,17,0,1,1,0
35063.7,Deposit,Healthcare,16,62,0,4,0,0
33433.63,Transfer,Electronics,13,87,0,4,0,0
28658.92,Transfer,Healthcare,16,20,1,1,1,0
7925.01,Withdrawal,Restaurant,3,24,1,4,0,0
15440.71,Refund,Utility,12,52,0,2,0,0
25577.0,Purchase,ATM,14,96,1,2,1,0
31011.03,Deposit,Fuel,4,39,1,4,1,0
22305.33,Transfer,Electronics,13,76,0,0,1,0
19729.47,Payment,Electronics,7,48,0,5,0,0
21331.38,Deposit,Utility,0,92,1,0,0,0
25228.46,Payment,Healthcare,21,43,0,3,1,0
7224.7,Refund,Utility,16,39,0,1,0,0
36438.19,Payment,Entertainment,1,64,0,1,0,0
17287.56,Refund,Fuel,20,17,1,2,0,0
52809.49,Refund,Shopping,3,50,0,5,0,1
6487.28,Transfer,Electronics,15,55,1,2,1,0
17644.78,Transfer,Electronics,3,83,0,0,0,0
74352.37,Payment,Restaurant,18,83,0,5,0,1
8166.65,Transfer,Shopping,8,37,0,5,0,0
67585.58,Payment,Electronics,4,57,1,5,0,1
16978.87,Transfer,Restaurant,19,1,0,5,1,0
1824.87,Payment,ATM,8,2,0,5,0,0
51746.6,Refund,ATM,23,21,0,4,0,1
63935.19,Refund,Entertainment,10,72,1,0,0,1
86795.9,Transfer,Fuel,13,82,1,4,1,1
2720.51,Withdrawal,Shopping,12,41,1,1,1,0
51794.17,Purchase,Shopping,0,47,0,5,0,1
19997.57,Refund,Grocery,0,90,0,0,0,0
37814.77,Withdrawal,Utility,17,20,1,4,1,0
4324.19,Deposit,Fuel,1,97,0,0,1,0
62030.78,Refund,Electronics,13,74,0,1,0,1
20968.98,Deposit,Entertainment,5,15,1,2,0,0
50709.98,Deposit,Electronics,18,72,0,3,0,1
50948.15,Deposit,Fuel,19,85,0,5,0,1
18450.45,Deposit,Shopping,13,28,1,4,0,0
36984.36,Withdrawal,Entertainment,6,72,1,5,0,0
83213.13,Transfer,ATM,2,7,0,5,0,1
39322.2,Refund,Travel,14,20,0,2,1,0
21073.67,Deposit,Shopping,19,13,1,0,0,0
35262.44,Refund,Utility,11,27,0,5,0,0
3962.61,Purchase,Healthcare,23,75,0,5,0,0
11307.43,Payment,ATM,10,81,0,5,0,0
51063.49,Refund,Shopping,19,88,0,2,0,1
30848.05,Purchase,Electronics,17,79,0,3,0,0
2671.31,Transfer,Shopping,9,69,1,2,0,0
20861.02,Purchase,ATM,5,54,0,4,1,0
33491.11,Refund,Grocery,15,85,0,0,0,0
17184.95,Deposit,Grocery,11,59,0,0,1,0
19877.53,Withdrawal,Travel,14,42,0,5,0,0
25518.41,Deposit,Travel,20,54,0,5,0,0
7750.05,Refund,Grocery,0,14,1,5,0,0
47104.85,Withdrawal,Entertainment,4,35,0,2,0,1
57119.18,Transfer,Electronics,18,89,0,3,1,1
53862.63,Payment,Grocery,19,47,1,5,1,1
57163.48,Refund,Utility,15,37,1,3,0,1
56688.86,Deposit,Shopping,6,43,1,1,0,0
38492.55,Purchase,Grocery,1,92,1,1,0,0
40709.62,Transfer,Electronics,16,2,1,1,0,0
15026.62,Withdrawal,Restaurant,0,41,1,2,1,0
22750.96,Payment,Shopping,20,97,0,4,1,0
30584.5,Payment,Travel,23,46,1,1,0,0
88548.38,Refund,Travel,12,70,1,0,1,1
6782.85,Payment,Shopping,5,85,1,2,1,0
24372.05,Purchase,Grocery,1,23,1,2,0,0
8260.27,Transfer,Travel,7,31,1,3,0,0
49113.75,Transfer,Shopping,9,37,1,0,0,0
12799.29,Deposit,Healthcare,11,5,1,5,1,0
71574.21,Withdrawal,Utility,1,55,1,5,0,1
19608.97,Deposit,Electronics,6,69,1,2,0,0
14844.44,Transfer,Fuel,5,74,0,5,0,0
4950.73,Deposit,Fuel,9,10,1,3,0,0
17741.27,Purchase,Electronics,22,89,1,3,1,0
36256.53,Withdrawal,Entertainment,1,34,0,4,0,0
28272.7,Payment,Electronics,8,29,1,4,0,0
62593.31,Refund,Restaurant,20,40,1,3,0,1
18496.94,Deposit,Electronics,22,68,1,3,1,0
11424.21,Deposit,Travel,16,87,0,4,0,0
70397.33,Refund,Entertainment,20,41,0,5,0,1
1288.28,Purchase,Grocery,10,25,0,1,1,0
69198.85,Transfer,Utility,9,8,0,5,0,1
38458.98,Payment,Entertainment,18,42,1,4,0,0
27116.2,Payment,Shopping,2,30,0,3,0,0
6635.88,Withdrawal,Electronics,16,89,0,2,0,0
12189.06,Deposit,Restaurant,23,34,1,4,0,0
19223.36,Transfer,Shopping,1,96,0,2,0,0
16272.47,Payment,Electronics,3,99,1,1,1,0
12149.59,Withdrawal,Travel,3,37,0,4,1,0
38073.51,Payment,Grocery,4,27,0,3,0,0
272.42,Purchase,Fuel,16,96,0,0,1,0
12536.9,Deposit,Utility,12,30,1,2,0,0
43501.21,Deposit,Entertainment,0,24,1,1,0,0
35585.86,Payment,Healthcare,2,91,1,5,0,0
21663.2,Refund,Utility,1,22,1,1,0,0
28543.37,Deposit,Electronics,8,87,0,2,0,0
43840.27,Deposit,Restaurant,21,49,1,0,0,0
38046.68,Deposit,Healthcare,17,47,0,3,0,0
15462.55,Withdrawal,Restaurant,10,37,1,1,0,0
59605.41,Transfer,Travel,7,6,1,0,0,0
28448.92,Refund,Grocery,0,35,1,5,0,0
2242.07,Deposit,Fuel,6,35,0,4,1,0
22022.39,Transfer,Entertainment,17,86,0,1,0,0
31596.37,Transfer,Entertainment,7,66,1,4,0,0
34832.94,Withdrawal,Shopping,8,27,1,2,1,0
49554.33,Purchase,Grocery,11,92,1,3,0,1
158.05,Refund,Grocery,14,80,0,3,1,0
1670.95,Deposit,Healthcare,0,39,1,3,0,0
20885.9,Payment,Travel,0,43,1,5,1,0
19452.18,Transfer,Shopping,19,98,0,5,1,0
10237.48,Payment,ATM,15,96,0,1,0,0
14420.8,Withdrawal,Grocery,8,31,0,0,1,0
83148.47,Purchase,ATM,3,5,1,4,1,1
50723.38,Payment,Restaurant,10,76,0,5,0,1
69919.77,Withdrawal,Grocery,4,71,1,0,0,1
55800.57,Deposit,Electronics,8,1,0,5,0,1
9004.94,Deposit,ATM,4,22,1,1,0,0
11521.82,Deposit,Fuel,22,8,0,0,0,0
20041.36,Payment,Shopping,19,22,0,2,0,0
20205.47,Deposit,ATM,15,73,0,5,0,0
59845.54,Withdrawal,ATM,10,49,0,5,1,1
3454.67,Deposit,Shopping,8,53,1,3,0,0
4239.97,Refund,ATM,14,59,1,1,1,0
2480.62,Transfer,Grocery,17,25,0,5,1,0
29160.75,Purchase,Entertainment,7,31,1,0,0,0
25341.67,Withdrawal,Electronics,23,43,1,3,0,0
70748.5,Payment,Restaurant,13,24,0,2,0,1
11735.27,Deposit,Utility,14,26,0,5,0,0
10028.66,Refund,Fuel,2,36,1,1,0,0
10678.45,Withdrawal,Shopping,7,26,0,1,0,0
29172.19,Withdrawal,Restaurant,10,77,0,3,0,0
59920.4,Purchase,ATM,22,38,0,5,0,1
23333.44,Transfer,Fuel,5,76,0,2,0,0
60680.37,Deposit,Grocery,16,86,0,4,0,1
16772.24,Transfer,Entertainment,5,89,0,1,1,0
30557.01,Transfer,Restaurant,10,71,0,1,1,0
78506.16,Refund,Travel,19,11,0,2,0,1
20787.28,Transfer,Shopping,15,47,1,0,0,0
28975.03,Payment,Fuel,7,24,0,0,0,0
30227.02,Refund,Entertainment,2,72,1,4,0,0
10174.44,Transfer,Entertainment,21,59,1,3,0,0
61337.6,Refund,Electronics,8,71,0,5,0,1
50858.44,Refund,Entertainment,18,18,0,3,0,1
47779.31,Deposit,Travel,20,86,1,5,0,1
74687.12,Purchase,Travel,11,95,1,1,0,1
56984.92,Payment,Entertainment,20,65,0,5,0,1
25515.32,Refund,Entertainment,9,62,0,1,0,0
1505.38,Transfer,Fuel,9,99,1,1,0,0
38071.91,Transfer,Healthcare,23,94,0,1,1,0
20779.28,Transfer,Restaurant,9,8,0,3,0,0
20175.44,Deposit,Healthcare,6,16,0,4,0,0
14522.14,Payment,Shopping,7,84,0,4,0,0
16610.55,Purchase,Fuel,5,47,0,5,1,0
26355.19,Payment,Healthcare,14,71,1,0,1,0
37672.59,Deposit,Entertainment,9,37,0,4,1,0
44099.01,Withdrawal,Grocery,14,85,0,3,0,1
22377.98,Deposit,Grocery,3,18,1,2,0,0
18512.69,Refund,Healthcare,4,14,0,5,1,0
80067.27,Refund,Grocery,0,36,1,4,0,1
43944.73,Purchase,Utility,5,90,0,5,0,1
17420.88,Refund,Fuel,0,37,0,0,1,0
88549.4,Transfer,Electronics,4,10,0,3,0,1
21929.5,Purchase,Grocery,11,48,0,1,0,0
24973.85,Refund,Shopping,14,71,1,0,1,0
15966.25,Payment,Utility,11,83,0,2,0,0
7314.39,Withdrawal,Travel,2,43,1,0,0,0
3995.91,Deposit,Fuel,14,61,0,5,0,0
7137.16,Withdrawal,Shopping,12,15,0,2,0,0
12547.59,Deposit,Entertainment,5,93,1,0,0,0
6391.81,Transfer,ATM,6,34,0,0,1,0
11287.82,Payment,Travel,0,81,1,5,1,0
30005.84,Transfer,Travel,6,16,0,3,0,0
44046.38,Purchase,Fuel,4,1,1,1,0,0
32972.74,Refund,Healthcare,10,93,0,2,0,0
19124.3,Payment,Grocery,23,79,1,5,0,0
74469.96,Withdrawal,Restaurant,13,5,0,5,0,1
71778.67,Refund,Restaurant,2,76,0,5,0,1
74779.46,Deposit,Shopping,3,22,1,5,0,1
20192.31,Deposit,Fuel,16,67,1,2,0,0
17941.41,Refund,Healthcare,19,20,1,2,0,0
28804.29,Transfer,Grocery,4,52,1,2,0,0
32967.42,Refund,Entertainment,20,77,1,3,0,0
81863.7,Purchase,Grocery,10,9,0,4,0,1
37090.08,Withdrawal,Grocery,23,55,1,3,1,0
282.38,Withdrawal,Entertainment,14,59,0,0,1,0
5086.34,Deposit,Fuel,8,7,0,5,0,0
34622.37,Deposit,Restaurant,6,96,0,2,1,0
5125.41,Purchase,Shopping,5,86,0,3,1,0
49593.32,Deposit,Entertainment,20,21,0,0,1,1
3570.95,Refund,Travel,23,15,0,3,1,0
57189.08,Deposit,Shopping,13,76,1,0,0,1
23525.71,Deposit,Restaurant,19,4,0,5,1,0
13190.79,Payment,Restaurant,13,3,1,1,0,0
67195.19,Refund,ATM,20,45,0,3,1,1
20451.56,Purchase,Travel,11,3,0,5,0,0
37581.44,Purchase,ATM,1,71,0,0,1,0
53479.28,Withdrawal,Travel,1,89,0,2,0,1
15748.83,Transfer,Electronics,18,74,1,0,0,0
35813.92,Payment,Electronics,12,7,1,0,0,0
45763.1,Refund,ATM,1,57,1,0,0,0
31360.42,Refund,Electronics,23,40,0,3,1,0
16817.09,Refund,Grocery,7,18,0,3,1,0
20037.14,Deposit,Electronics,3,99,1,3,1,0
44294.85,Purchase,Grocery,8,25,1,2,0,0
3240.99,Purchase,Travel,14,46,0,1,0,0
12853.22,Refund,Restaurant,17,51,0,1,0,0
28371.7,Payment,Healthcare,17,55,1,2,1,0
39717.39,Transfer,Restaurant,10,10,1,1,0,0
31135.41,Payment,Healthcare,6,77,0,3,0,0
12528.56,Withdrawal,Grocery,14,70,0,5,0,0
51850.16,Refund,Electronics,0,15,0,1,0,1
34650.5,Withdrawal,Healthcare,3,99,1,0,0,0
23975.3,Transfer,Utility,22,67,1,0,1,0
53758.15,Refund,Grocery,15,51,1,2,0,0
74108.52,Purchase,Healthcare,7,76,1,5,1,1
6368.82,Withdrawal,Fuel,14,89,1,1,1,0
1257.71,Transfer,Healthcare,20,5,0,5,1,0
35125.03,Withdrawal,Shopping,20,39,1,2,0,0
54203.23,Purchase,Shopping,18,41,1,4,1,1
11492.56,Refund,ATM,6,25,1,2,0,0
33431.85,Refund,Electronics,17,6,0,1,0,0
43941.88,Payment,Electronics,20,39,1,2,0,0
30774.22,Withdrawal,Utility,7,49,0,4,0,0
26622.95,Payment,Travel,7,100,1,4,0,0
10865.32,Withdrawal,Electronics,16,92,0,5,0,0
38572.61,Refund,Grocery,0,21,1,4,0,0
19108.95,Refund,Travel,5,26,1,3,0,0
49254.3,Withdrawal,Electronics,13,63,1,5,0,1
30389.9,Payment,Grocery,2,3,1,3,0,0
7853.14,Refund,Utility,16,87,0,5,0,0
33451.84,Transfer,Entertainment,11,71,0,4,0,0
45799.32,Transfer,Healthcare,22,82,0,5,0,1
87681.25,Withdrawal,ATM,17,52,0,4,0,1
36468.85,Payment,ATM,0,67,0,2,0,0
11080.17,Payment,Grocery,4,78,1,2,0,0
1097.6,Refund,Restaurant,2,45,0,0,1,0
31031.51,Refund,Electronics,19,6,1,5,1,0
72278.05,Purchase,Electronics,11,8,0,1,0,1
53968.58,Withdrawal,ATM,20,96,1,2,0,1
45190.5,Payment,Shopping,16,14,1,5,1,1
2844.84,Withdrawal,Travel,0,59,1,1,0,0
26652.68,Withdrawal,ATM,11,87,0,5,0,0
46660.35,Payment,Utility,14,43,1,0,0,0
39173.39,Withdrawal,Travel,15,82,1,5,0,0
10927.74,Payment,Utility,6,28,1,0,0,0
59219.48,Transfer,Utility,8,11,1,0,1,1
39189.71,Payment,Electronics,20,36,0,5,0,0
78506.1,Payment,Healthcare,17,44,0,3,0,1
52237.27,Payment,Restaurant,1,98,1,0,0,1
82134.31,Deposit,Healthcare,2,77,1,2,0,1
64198.21,Refund,Fuel,10,53,0,5,0,1
23007.29,Withdrawal,Utility,16,32,1,3,1,0
17058.89,Transfer,Grocery,4,29,1,3,0,0
25147.24,Purchase,Restaurant,14,35,0,1,0,0
28772.81,Transfer,Entertainment,10,24,0,5,1,0
931.17,Payment,Fuel,14,48,1,2,0,0
21738.8,Transfer,ATM,20,66,0,4,1,0
10954.06,Transfer,Travel,7,52,1,5,0,0
62897.38,Purchase,ATM,8,57,0,2,0,1
23166.9,Refund,Restaurant,19,85,0,0,1,0
30735.41,Deposit,ATM,5,58,0,2,0,0
16358.02,Transfer,Fuel,16,58,0,2,0,0
59306.4,Deposit,Healthcare,7,4,0,4,1,1
49225.81,Transfer,Fuel,8,8,0,4,0,1
32401.84,Deposit,Entertainment,16,68,1,5,0,0
18509.8,Payment,Entertainment,6,33,0,3,0,0
11692.38,Payment,Electronics,3,45,1,4,1,0
3992.16,Refund,Electronics,10,53,0,3,0,0
11929.56,Payment,Restaurant,12,61,0,1,1,0
23928.32,Transfer,Grocery,22,82,0,0,0,0
37078.0,Payment,Electronics,13,22,1,5,1,0
10420.33,Refund,Shopping,23,74,1,3,1,0
34212.92,Deposit,Electronics,16,18,0,2,1,0
26453.62,Deposit,Fuel,4,33,1,3,1,0
31176.89,Deposit,Utility,3,51,1,0,0,0
32252.93,Refund,Travel,14,79,0,2,1,0
72910.31,Deposit,Fuel,6,41,0,4,0,1
20532.98,Transfer,Electronics,7,100,1,1,0,0
53356.07,Withdrawal,Healthcare,15,97,0,0,0,1
5615.53,Withdrawal,Electronics,17,15,1,0,1,0
39224.23,Refund,Grocery,14,4,1,3,1,0
55970.49,Deposit,ATM,6,15,0,0,1,1
59264.39,Withdrawal,Restaurant,12,38,0,2,0,1
2080.55,Transfer,Restaurant,7,89,0,5,0,0
58150.53,Withdrawal,Travel,9,90,1,3,0,1
14025.11,Refund,ATM,11,74,1,3,0,0
22244.48,Deposit,Utility,0,47,1,4,0,0
18466.31,Withdrawal,Fuel,1,9,1,1,0,0
14192.84,Payment,Restaurant,12,61,0,3,1,0
1918.45,Deposit,Healthcare,21,40,1,4,0,0
38062.18,Payment,Restaurant,4,53,1,1,0,0
45405.21,Payment,Grocery,8,18,1,1,0,0
38573.55,Purchase,ATM,5,35,1,2,0,0
3679.23,Deposit,Travel,1,56,1,4,0,0
8390.43,Refund,Restaurant,16,62,0,0,0,0
6380.78,Purchase,Restaurant,16,20,0,4,0,0
4809.67,Purchase,Travel,19,45,1,3,1,0
77732.71,Refund,Grocery,23,81,1,4,0,1
4846.75,Purchase,Grocery,10,88,1,3,0,0
158.23,Deposit,Restaurant,3,36,0,1,1,0
7271.04,Transfer,Utility,8,26,0,0,0,0
78093.31,Transfer,Healthcare,18,43,0,4,0,1
14173.1,Purchase,ATM,12,80,0,4,0,0
1182.32,Transfer,Electronics,15,83,1,2,0,0
54072.42,Transfer,ATM,9,70,0,3,0,1
53641.41,Purchase,Entertainment,16,2,0,0,0,1
36547.11,Withdrawal,Entertainment,0,80,1,2,0,0
3623.4,Transfer,Restaurant,20,35,1,1,0,0
12167.52,Refund,Entertainment,1,15,1,1,0,0
44726.63,Deposit,Grocery,11,29,0,2,1,1
2688.39,Deposit,Shopping,17,95,0,2,1,0
63203.49,Payment,Healthcare,17,90,1,2,0,1
65271.03,Deposit,Restaurant,5,92,1,0,0,1
34051.71,Deposit,Healthcare,3,11,0,2,0,0
64827.38,Deposit,Grocery,7,66,0,5,1,1
40619.43,Purchase,ATM,21,47,0,0,0,1
36405.82,Payment,Shopping,22,6,1,5,0,0
29095.71,Withdrawal,ATM,0,5,0,2,0,0
1520.05,Withdrawal,ATM,22,70,0,1,1,0
22156.48,Payment,Utility,6,97,0,1,0,0
12394.61,Refund,Shopping,13,73,1,4,0,0
48246.5,Purchase,Utility,8,67,1,4,0,1
19233.26,Refund,Travel,22,84,0,2,0,0
4590.41,Deposit,Electronics,17,13,0,5,1,0
43451.67,Purchase,Grocery,1,36,1,2,0,0
602.75,Deposit,Fuel,21,25,1,4,0,0
19677.02,Deposit,ATM,9,87,1,1,0,0
4791.21,Withdrawal,ATM,12,19,1,2,1,0
54693.81,Transfer,Electronics,4,85,1,0,0,1
49330.7,Withdrawal,Electronics,10,19,1,0,1,1
35974.81,Transfer,Shopping,7,21,1,5,0,0
7494.65,Deposit,Travel,4,87,1,0,0,0
210.58,Payment,ATM,9,67,0,5,0,0
7441.49,Purchase,Fuel,22,27,0,5,0,0
39067.26,Payment,ATM,12,44,1,5,1,0
6056.51,Withdrawal,Fuel,7,71,0,3,0,0
72123.77,Withdrawal,Healthcare,9,51,0,1,0,1
543.75,Purchase,Travel,6,66,0,2,0,0
23895.45,Deposit,Healthcare,5,68,0,3,0,0
11183.0,Transfer,Utility,15,23,0,0,1,0
78647.13,Transfer,Electronics,1,48,0,2,1,1
35618.04,Deposit,Electronics,11,44,1,0,0,0
37652.46,Deposit,Travel,5,80,1,2,0,0
8578.89,Withdrawal,Fuel,3,62,0,1,0,0
39822.96,Refund,Utility,20,86,0,4,0,0
18930.09,Purchase,Fuel,19,10,1,1,1,0
37544.69,Purchase,Restaurant,23,34,0,0,0,0
57532.44,Payment,Shopping,3,32,0,2,0,1
16909.59,Withdrawal,Travel,7,8,0,0,0,0
4048.1,Purchase,Restaurant,0,2,0,0,0,0
27951.85,Payment,Healthcare,9,24,0,2,0,0
39861.06,Payment,Shopping,21,87,0,2,0,0
56551.34,Refund,Fuel,23,18,1,3,0,1
75233.53,Transfer,ATM,14,52,1,4,1,1
80381.75,Payment,Healthcare,2,9,0,2,0,1
70413.16,Refund,ATM,12,58,0,5,1,1
29996.25,Refund,Grocery,1,57,0,0,0,0
4056.38,Purchase,Travel,20,24,0,0,0,0
55922.94,Payment,Grocery,23,37,0,1,0,1
12810.51,Withdrawal,Fuel,6,98,0,2,0,0
54681.85,Payment,Electronics,13,52,1,2,0,0
36257.37,Payment,ATM,15,6,1,0,0,0
29695.87,Refund,ATM,10,9,0,0,0,0
7134.22,Payment,Fuel,7,75,0,1,1,0
18155.34,Deposit,Travel,16,52,0,1,1,0
42704.52,Withdrawal,Entertainment,5,93,1,2,0,1
20849.14,Withdrawal,Utility,2,36,1,5,1,0
37661.63,Purchase,Shopping,21,3,1,5,1,0
3720.76,Purchase,Utility,16,34,1,2,0,0
18479.7,Deposit,Utility,8,100,1,1,0,0
69242.98,Withdrawal,Utility,19,27,1,3,1,1
31612.32,Payment,Utility,3,16,0,3,0,0
27872.68,Deposit,Utility,22,57,0,2,1,0
27822.48,Refund,Entertainment,14,67,1,2,0,0
19127.09,Withdrawal,Restaurant,20,82,0,5,0,0
37709.4,Payment,Travel,9,16,0,2,0,0
38242.77,Deposit,Travel,10,85,1,4,1,0
38551.94,Purchase,Utility,19,93,0,3,1,0
29147.55,Transfer,Travel,10,27,0,0,0,0
35306.26,Purchase,Healthcare,3,20,1,1,0,0
61502.78,Purchase,Fuel,18,81,1,3,1,1
38115.8,Transfer,Fuel,10,14,1,3,0,0
45582.04,Transfer,Entertainment,10,20,1,2,0,0
46948.28,Deposit,Healthcare,6,57,1,1,0,0
25161.48,Purchase,Fuel,4,7,1,0,0,0
9467.44,Refund,Entertainment,1,59,0,3,0,0
37412.24,Purchase,Electronics,23,36,1,3,0,0
34457.3,Payment,Restaurant,14,22,1,0,0,0
77961.09,Withdrawal,Electronics,23,74,1,3,0,1
40414.3,Payment,Travel,1,51,1,5,0,1
7683.69,Transfer,Shopping,16,33,1,5,0,0
48042.9,Payment,Healthcare,18,34,0,0,0,1
87643.96,Deposit,Fuel,1,69,1,3,1,1
41821.94,Payment,Fuel,7,24,0,2,0,1
60179.56,Transfer,Electronics,19,49,1,4,0,1
16301.93,Payment,Travel,7,11,1,5,0,0
4812.32,Withdrawal,Fuel,1,64,0,2,0,0
33725.34,Deposit,Grocery,14,59,0,1,0,0
29249.63,Transfer,ATM,19,43,0,5,1,0
29220.14,Transfer,Fuel,17,94,1,0,0,0
7173.25,Payment,Utility,21,68,1,1,0,0
61384.94,Purchase,Restaurant,1,84,1,1,0,1
16258.58,Withdrawal,Fuel,6,60,1,2,0,0
15910.38,Refund,Grocery,12,84,0,5,0,0
16796.52,Refund,ATM,12,71,1,3,0,0
19560.46,Purchase,Fuel,13,14,1,5,0,0
3435.93,Transfer,Fuel,14,75,0,1,1,0
36798.15,Purchase,Healthcare,21,49,0,5,1,0
9014.08,Deposit,Grocery,9,61,1,0,0,0
5044.35,Refund,Entertainment,21,98,1,2,0,0
10100.73,Deposit,Grocery,8,26,1,3,0,0
19351.07,Deposit,Entertainment,14,5,1,0,0,0
46320.14,Withdrawal,Restaurant,14,24,1,3,0,1
35150.38,Payment,Grocery,9,69,1,0,0,0
10638.9,Purchase,Entertainment,10,97,1,5,0,0
50132.41,Withdrawal,Entertainment,15,78,0,0,0,1
24384.73,Transfer,ATM,22,22,1,1,0,0
32822.23,Transfer,Fuel,4,17,0,2,0,0
29448.57,Purchase,Shopping,14,43,1,3,0,0
26216.25,Transfer,Utility,5,21,1,2,0,0
2954.3,Purchase,Utility,18,72,0,1,0,0
21165.8,Withdrawal,Restaurant,15,66,0,3,0,0
23014.35,Deposit,ATM,5,50,1,4,1,0
25083.08,Refund,Grocery,17,3,1,4,0,0
59926.22,Withdrawal,Grocery,0,7,0,1,1,1
33662.84,Payment,Grocery,8,61,0,4,0,0
13033.61,Withdrawal,Restaurant,14,12,1,1,0,0
34769.19,Payment,Healthcare,14,23,1,4,0,0
15675.76,Deposit,Fuel,21,53,1,4,0,0
56399.32,Payment,Entertainment,23,17,0,5,0,1
10514.29,Refund,Restaurant,4,97,1,0,1,0
55218.09,Refund,Electronics,19,45,0,5,1,1
37535.76,Refund,Grocery,19,69,0,2,0,0
46684.81,Withdrawal,Entertainment,23,23,1,1,0,0
8251.54,Transfer,Fuel,5,62,1,4,0,0
59191.82,Payment,Restaurant,4,89,1,1,0,1
37148.11,Transfer,Restaurant,4,41,0,0,1,0
5886.5,Refund,Restaurant,5,73,1,2,0,0
32844.09,Deposit,Entertainment,10,90,0,3,0,0
34905.59,Withdrawal,Healthcare,18,42,0,1,0,0
38520.35,Payment,Grocery,23,44,1,2,0,0
30770.97,Payment,Entertainment,23,40,1,0,0,0
44235.42,Withdrawal,Fuel,21,1,1,1,0,0
55592.92,Purchase,ATM,22,12,1,3,0,1
27541.78,Payment,Restaurant,13,75,1,0,1,0
89918.46,Deposit,Entertainment,20,47,1,4,0,1
8360.91,Payment,ATM,14,52,0,5,0,0
74998.31,Payment,Healthcare,9,74,1,5,0,1
36465.16,Deposit,Healthcare,6,88,1,1,0,0
28215.59,Payment,Fuel,13,26,0,3,1,0
74056.88,Transfer,Healthcare,4,24,0,0,0,1
55013.94,Deposit,ATM,15,25,0,5,0,1
32472.9,Payment,Travel,3,5,0,4,0,0
28489.92,Deposit,Shopping,10,2,0,1,0,0
19137.85,Purchase,Healthcare,10,27,1,0,0,0
41836.71,Payment,Restaurant,21,91,1,1,0,1
26829.75,Refund,Electronics,12,30,0,2,0,0
19486.44,Purchase,Travel,8,28,0,5,0,0
2053.08,Purchase,Utility,13,70,0,5,0,0
10506.08,Refund,Fuel,18,83,1,2,0,0
34416.93,Refund,Healthcare,11,59,0,5,1,0
22211.92,Deposit,Electronics,18,85,0,3,0,0
15003.52,Transfer,ATM,19,26,0,2,0,0
6747.65,Payment,Travel,3,26,0,4,1,0
25921.46,Withdrawal,Entertainment,14,89,1,3,0,0
75068.6,Payment,Grocery,10,35,0,1,1,1
63792.19,Deposit,Restaurant,12,61,0,1,1,1
62454.15,Transfer,Restaurant,2,23,0,3,0,1
16443.85,Payment,Fuel,19,55,1,1,0,0
38727.25,Refund,Entertainment,5,79,0,0,0,0
56631.92,Payment,Shopping,20,58,1,5,1,1
60069.35,Purchase,ATM,4,82,1,2,0,1
42389.54,Purchase,Healthcare,12,14,1,0,0,0
28658.32,Refund,Healthcare,1,30,1,1,1,0
5431.85,Transfer,Travel,14,54,0,4,0,0
23599.79,Withdrawal,Travel,21,97,0,4,0,0
9711.78,Payment,Grocery,6,66,1,5,0,0
29222.9,Refund,Fuel,6,15,0,1,1,0
79884.98,Withdrawal,Healthcare,6,46,1,4,0,1
8591.38,Payment,Restaurant,16,47,1,5,0,0
24374.24,Deposit,Healthcare,7,63,1,1,1,0
22317.77,Refund,Utility,3,10,1,0,1,0
36369.15,Withdrawal,Travel,19,97,1,2,0,0
36454.3,Transfer,Grocery,13,86,1,4,0,0
31278.51,Refund,Entertainment,7,8,1,5,0,0
85369.3,Transfer,Healthcare,3,58,0,5,0,1
18670.31,Deposit,Electronics,8,21,0,2,0,0
54595.82,Purchase,ATM,12,60,1,1,0,0
78506.81,Refund,Travel,15,34,0,2,0,1
22154.01,Deposit,Utility,20,89,1,0,0,0
34263.28,Payment,Entertainment,12,30,0,3,1,0
23774.32,Refund,Utility,10,10,0,4,0,0
10257.94,Deposit,Travel,3,80,1,0,1,0
16389.57,Withdrawal,Healthcare,13,14,1,5,0,0
8435.58,Deposit,Electronics,15,7,0,4,0,0
361.93,Refund,Fuel,10,12,0,4,0,0
15477.22,Refund,Travel,1,9,0,2,1,0
59953.13,Deposit,Utility,5,79,0,5,0,1
20761.43,Refund,Restaurant,22,80,0,2,1,0
49499.15,Deposit,Healthcare,10,49,1,2,0,0
20624.72,Withdrawal,Restaurant,6,32,1,5,1,0
58256.48,Refund,Grocery,6,92,1,4,0,1
39722.71,Withdrawal,Grocery,3,55,0,3,0,0
86969.49,Deposit,Healthcare,18,6,0,2,0,1
87088.05,Payment,Utility,23,81,0,1,0,1
83279.15,Deposit,Grocery,22,59,0,4,0,1
34181.73,Withdrawal,Electronics,12,86,0,3,0,0
82082.17,Withdrawal,Electronics,16,49,1,5,0,1
54599.08,Refund,Grocery,4,31,0,3,1,1
25442.79,Withdrawal,Travel,14,78,1,1,0,0
54603.52,Transfer,Electronics,2,78,0,2,0,1
55419.38,Payment,Restaurant,18,73,1,1,0,1
28545.57,Deposit,Healthcare,19,19,0,1,0,0
36130.23,Transfer,ATM,2,34,1,0,0,0
31319.43,Purchase,Restaurant,19,87,1,3,0,0
1571.06,Payment,ATM,7,79,1,1,0,0
26734.2,Deposit,Utility,7,29,0,4,0,0
34631.29,Transfer,Restaurant,9,70,0,1,0,0
32915.73,Payment,Shopping,19,74,0,1,0,0
73550.88,Deposit,Travel,23,24,0,0,0,1
29528.11,Deposit,Travel,21,40,1,2,0,0
47932.43,Withdrawal,Grocery,14,35,0,2,0,1
59769.23,Refund,Utility,0,25,0,1,0,1
34492.83,Refund,Grocery,4,45,1,5,0,0
13850.16,Purchase,Restaurant,5,1,1,0,0,0
54555.13,Payment,Fuel,16,98,0,0,0,1
53088.87,Payment,Fuel,19,44,1,2,0,0
29682.84,Purchase,Fuel,13,28,1,0,0,0
49656.39,Refund,Entertainment,20,96,0,1,0,1
29397.2,Payment,Entertainment,13,69,0,0,0,0
34668.51,Payment,Fuel,3,27,0,2,0,0
23925.9,Deposit,Travel,17,23,1,3,0,0
35049.57,Purchase,ATM,5,77,1,4,0,0
21932.33,Deposit,ATM,9,39,0,2,1,0
20996.14,Withdrawal,Utility,13,26,1,4,0,0
26274.38,Payment,Healthcare,16,46,1,2,1,0
19361.26,Refund,Travel,21,42,1,3,0,0
55410.52,Refund,Entertainment,11,7,1,3,1,1
52423.0,Purchase,Electronics,11,75,0,2,0,1
15814.2,Payment,Shopping,14,1,1,1,1,0
62884.29,Refund,Utility,19,46,0,5,0,1
1996.59,Purchase,Entertainment,7,65,0,4,0,0
51549.55,Transfer,Electronics,13,19,1,2,0,0
10569.4,Deposit,Fuel,0,82,0,1,0,0
16000.72,Withdrawal,Restaurant,17,2,0,4,0,0
65881.6,Payment,Fuel,15,49,0,2,0,1
7980.07,Refund,Utility,20,12,1,5,0,0
13493.88,Refund,Travel,8,48,0,5,0,0
26052.11,Deposit,Restaurant,10,65,1,4,0,0
33052.46,Transfer,Restaurant,11,98,1,1,0,0
4037.98,Payment,Travel,2,17,0,4,0,0
7437.77,Purchase,Utility,21,39,1,1,0,0
33915.41,Transfer,ATM,13,31,0,3,0,0
36349.38,Refund,Electronics,1,41,0,2,0,0
3789.62,Payment,Electronics,19,84,1,5,0,0
15777.33,Deposit,Travel,19,63,1,4,0,0
1087.07,Deposit,Healthcare,11,77,1,1,0,0
32766.07,Transfer,Fuel,0,87,1,0,0,0
10526.69,Payment,Travel,8,73,0,3,1,0
59559.31,Transfer,Grocery,22,48,1,0,0,0
50111.34,Purchase,ATM,1,74,0,3,0,1
5651.3,Purchase,Utility,18,49,0,5,1,0
69388.88,Deposit,Entertainment,18,36,0,1,0,1
32331.92,Refund,Restaurant,12,77,1,2,0,0
35023.27,Withdrawal,Utility,14,95,0,5,1,0
33844.89,Withdrawal,Fuel,13,77,0,2,1,0
29890.13,Deposit,Healthcare,19,4,1,0,0,0
39515.49,Purchase,Grocery,0,22,0,2,0,0
20126.23,Purchase,ATM,8,47,1,4,0,0
55644.77,Payment,Restaurant,22,34,1,1,0,0
35576.18,Deposit,Entertainment,6,27,1,2,0,0
68213.94,Purchase,Restaurant,23,70,1,5,1,1
36645.28,Deposit,Electronics,3,93,0,1,1,0
10068.84,Deposit,Fuel,6,26,0,2,0,0
29431.36,Purchase,Utility,0,86,1,0,0,0
46842.09,Payment,ATM,13,31,0,5,1,1
49849.17,Refund,Electronics,6,87,0,1,0,1
67086.38,Withdrawal,Grocery,9,37,1,5,0,1
58091.0,Refund,Electronics,13,33,1,3,0,1
30721.51,Withdrawal,Travel,19,76,0,0,0,0
80153.06,Withdrawal,Fuel,8,98,0,3,0,1
12655.8,Withdrawal,Electronics,7,64,1,5,0,0
19992.41,Purchase,Restaurant,1,44,1,4,0,0
31281.29,Deposit,Electronics,15,29,0,1,0,0
37727.42,Withdrawal,Entertainment,16,21,0,0,0,0
33226.83,Transfer,Fuel,19,89,1,4,1,0
620.62,Transfer,Entertainment,5,11,0,3,1,0
16142.9,Purchase,Entertainment,5,6,0,0,0,0
23393.53,Payment,Entertainment,13,37,1,5,0,0
2725.25,Refund,Fuel,3,97,0,5,0,0
32551.93,Purchase,Electronics,7,35,1,4,1,0
67893.04,Deposit,ATM,10,4,0,4,0,1
60831.04,Refund,ATM,8,46,1,5,0,1
15117.31,Payment,Fuel,21,98,0,2,1,0
13932.86,Transfer,Fuel,21,14,1,2,1,0
52392.42,Transfer,ATM,0,34,1,2,0,0
31057.01,Transfer,Healthcare,9,54,1,3,0,0
17949.66,Transfer,Travel,5,41,0,5,1,0
14369.99,Transfer,Grocery,17,79,0,0,0,0
79958.72,Purchase,Utility,17,38,0,0,0,1
36953.27,Deposit,ATM,19,64,1,2,0,0
59918.36,Payment,Utility,15,17,1,5,0,1
57377.45,Transfer,Electronics,5,41,0,5,0,1
58481.94,Purchase,Fuel,9,61,0,1,0,1
20797.69,Withdrawal,Grocery,14,39,0,4,1,0
14160.98,Payment,Grocery,21,7,1,1,0,0
13644.23,Refund,Shopping,21,81,1,3,0,0
61037.0,Transfer,Fuel,3,1,1,4,0,1
48025.87,Refund,Fuel,13,29,0,0,0,1
31713.39,Transfer,Electronics,23,8,1,4,0,0
29865.28,Purchase,ATM,19,35,0,4,0,0
24763.13,Deposit,Shopping,7,37,0,5,0,0
57770.65,Withdrawal,Restaurant,21,76,1,2,0,1
16296.28,Deposit,Utility,22,13,1,1,0,0
49694.51,Refund,Restaurant,5,38,0,2,0,1
13575.81,Purchase,Grocery,19,83,0,5,1,0
327.59,Payment,Restaurant,7,18,1,5,0,0
50356.66,Refund,Utility,5,40,1,3,0,1
37203.45,Payment,Electronics,4,11,0,2,1,0
18266.96,Refund,ATM,13,77,0,0,0,0
73056.89,Purchase,ATM,16,85,0,3,0,1
48985.44,Withdrawal,Grocery,14,50,0,2,0,1
24400.83,Refund,Utility,15,65,1,0,1,0
17875.83,Purchase,Electronics,17,7,0,2,0,0
39955.68,Purchase,Fuel,14,57,1,0,0,0
22136.74,Withdrawal,Restaurant,3,50,0,2,1,0
28341.44,Purchase,Grocery,0,28,1,3,0,0
32966.57,Transfer,Restaurant,18,100,1,5,0,0
51960.23,Payment,Electronics,23,89,1,2,0,1
11600.82,Withdrawal,Electronics,5,76,0,4,0,0
35785.64,Withdrawal,Utility,4,43,0,0,0,0
22900.91,Refund,Grocery,23,27,0,0,0,0
86970.71,Withdrawal,Utility,0,47,0,3,1,1
50946.7,Deposit,Travel,5,20,0,2,0,1
36154.43,Transfer,Healthcare,15,49,0,0,1,0
20365.79,Transfer,Travel,11,77,0,1,1,0
26275.62,Transfer,Healthcare,5,27,1,1,0,0
23451.45,Payment,Entertainment,23,17,0,3,1,0
59702.83,Payment,Healthcare,20,57,0,2,0,1
21665.3,Withdrawal,Healthcare,23,97,0,5,0,0
31990.82,Payment,Healthcare,4,47,1,4,1,0
2496.1,Payment,Healthcare,7,62,0,4,1,0
6600.78,Deposit,Restaurant,9,97,1,1,0,0
11189.23,Purchase,Electronics,11,49,1,1,0,0
15378.56,Purchase,Electronics,23,82,1,2,0,0
36702.83,Purchase,Travel,0,87,1,1,1,0
20370.31,Purchase,Shopping,13,71,0,4,0,0
19309.12,Deposit,Travel,11,65,0,3,0,0
15670.48,Deposit,Shopping,14,48,1,4,1,0
12858.47,Transfer,Healthcare,5,81,0,5,0,0
35153.0,Refund,Fuel,15,42,1,4,0,0
54453.37,Payment,Shopping,10,8,1,4,1,1
32645.69,Transfer,Restaurant,1,98,0,2,0,0
6540.46,Payment,Utility,16,87,1,2,0,0
4354.56,Refund,Restaurant,21,21,1,3,1,0
10347.6,Deposit,ATM,19,76,0,3,0,0
53574.0,Payment,Electronics,0,2,0,5,0,1
12314.2,Purchase,Shopping,15,45,1,0,0,0
13353.43,Withdrawal,Grocery,18,92,0,3,0,0
88100.7,Deposit,Grocery,2,37,1,3,0,1
12758.51,Withdrawal,ATM,21,37,0,5,0,0
9306.25,Payment,Travel,16,2,1,4,0,0
27418.08,Deposit,Shopping,18,35,0,0,0,0
6170.35,Withdrawal,Grocery,7,91,1,0,1,0
28617.89,Transfer,Entertainment,14,76,0,4,1,0
26901.14,Deposit,Restaurant,15,28,0,3,0,0
2683.76,Refund,Fuel,15,40,1,0,0,0
197.01,Payment,ATM,20,57,1,2,0,0
37820.21,Deposit,Utility,1,9,0,1,0,0
22737.86,Deposit,Entertainment,12,96,0,4,0,0
30027.67,Purchase,Shopping,10,32,1,0,0,0
10239.52,Purchase,Electronics,0,20,0,1,0,0
86521.66,Payment,Shopping,6,79,0,2,0,1
47403.42,Purchase,Shopping,2,94,1,4,0,1
89132.98,Purchase,Grocery,12,60,1,4,1,1
78465.81,Transfer,ATM,9,11,0,3,0,1
30461.48,Transfer,Electronics,18,49,1,1,0,0
84043.39,Payment,Electronics,13,58,0,0,0,1
2258.41,Withdrawal,Travel,8,39,1,2,0,0
54964.46,Withdrawal,Healthcare,23,21,0,4,0,1
218.23,Transfer,Shopping,1,43,1,2,0,0
14781.96,Withdrawal,Healthcare,4,33,0,3,0,0
17320.21,Transfer,Fuel,7,15,1,5,0,0
9358.83,Payment,Utility,3,88,0,1,0,0
6441.42,Payment,Electronics,22,27,0,0,0,0
31131.95,Refund,Entertainment,14,55,1,2,0,0
29989.98,Withdrawal,Fuel,16,96,1,4,0,0
13900.44,Withdrawal,ATM,1,6,1,4,1,0
10560.62,Deposit,ATM,12,54,1,3,1,0
85811.64,Payment,Grocery,20,21,1,5,0,1
17938.53,Deposit,Grocery,8,92,1,0,1,0
65781.77,Refund,Travel,8,42,1,5,0,1
11931.49,Purchase,Restaurant,22,82,1,0,0,0
31315.36,Withdrawal,Utility,16,96,0,5,0,0
25632.37,Payment,Restaurant,4,100,0,3,1,0
51688.5,Transfer,Healthcare,23,69,1,1,1,1
38893.64,Transfer,Entertainment,22,40,1,5,0,0
63707.26,Withdrawal,Grocery,23,4,0,5,0,1
88038.83,Refund,Healthcare,11,26,0,1,0,1
59152.23,Deposit,Restaurant,6,45,1,3,0,1
85573.36,Refund,ATM,23,98,1,2,1,1
14042.35,Withdrawal,Grocery,7,90,0,0,0,0
66681.95,Deposit,Utility,20,51,0,4,0,1
73651.87,Purchase,Electronics,9,12,0,0,0,1
9711.43,Withdrawal,Restaurant,2,46,0,4,0,0
20338.9,Purchase,Electronics,11,70,1,5,1,0
1458.53,Refund,Electronics,12,26,1,5,0,0
39366.65,Payment,ATM,4,16,1,0,0,0
17764.53,Refund,Shopping,2,8,0,5,0,0
45025.9,Purchase,Grocery,4,59,1,1,0,0
38630.21,Deposit,Entertainment,10,51,1,1,1,0
56060.93,Deposit,Restaurant,17,2,0,3,0,1
14864.39,Payment,Entertainment,23,29,0,0,0,0
59550.86,Deposit,Grocery,14,44,0,4,1,1
1941.18,Withdrawal,Entertainment,23,38,0,4,0,0
30422.1,Payment,Healthcare,23,49,0,2,0,0
69309.66,Withdrawal,Shopping,23,9,1,3,0,1
39432.76,Refund,Travel,9,7,1,4,0,0
8101.61,Transfer,Restaurant,17,75,1,3,0,0
71532.07,Refund,ATM,15,21,1,2,1,1
1680.19,Withdrawal,Fuel,9,44,1,5,0,0
18082.38,Deposit,Healthcare,4,16,0,0,0,0
31652.08,Refund,ATM,12,16,0,3,1,0
26467.11,Transfer,Travel,6,73,0,5,0,0
35713.86,Refund,Shopping,12,50,0,5,1,0
2048.49,Withdrawal,Restaurant,18,44,0,5,0,0
51653.2,Deposit,Fuel,20,45,1,1,0,0
52906.99,Withdrawal,Travel,12,89,0,3,1,1
13330.9,Transfer,Fuel,9,47,1,0,0,0
14333.2,Purchase,Electronics,2,57,1,0,1,0
49955.18,Withdrawal,Travel,17,26,1,1,0,0
34790.68,Deposit,Fuel,3,44,0,2,1,0
87791.48,Transfer,Restaurant,17,64,1,0,1,1
85347.15,Refund,Restaurant,11,90,0,0,0,1
80043.52,Withdrawal,Travel,13,21,1,1,1,1
69008.98,Purchase,Entertainment,2,99,0,0,0,1
28936.59,Deposit,Utility,17,38,0,5,1,0
41610.71,Purchase,Travel,7,51,1,1,0,0
89856.73,Payment,Travel,1,50,1,4,0,1
17549.44,Refund,Travel,23,51,1,4,0,0
5320.34,Payment,Healthcare,18,31,0,0,0,0
68305.39,Payment,Shopping,10,40,0,1,1,1
13930.64,Payment,Grocery,22,32,1,1,0,0
25709.69,Transfer,Electronics,17,42,0,1,0,0
64700.24,Transfer,Entertainment,2,26,0,3,0,1
55432.18,Deposit,Healthcare,16,38,1,2,0,0
58095.41,Withdrawal,Grocery,0,60,1,2,1,1
5915.78,Deposit,Healthcare,13,96,1,0,0,0
11891.49,Withdrawal,Restaurant,5,47,0,1,1,0
24291.47,Transfer,Utility,23,46,1,5,1,0
64204.06,Purchase,Utility,1,24,1,0,1,1
87685.73,Payment,ATM,20,87,1,0,0,1
8243.11,Payment,Shopping,19,53,1,2,0,0
40382.04,Transfer,Utility,8,14,1,0,0,0
30936.36,Purchase,Healthcare,6,73,1,4,0,0
420.21,Withdrawal,Travel,18,99,1,0,0,0
6429.93,Purchase,Shopping,21,88,0,0,1,0
73842.06,Deposit,Restaurant,16,71,0,4,0,1
84386.19,Payment,Electronics,18,13,0,4,0,1
27974.86,Withdrawal,Electronics,13,43,0,0,0,0
64779.13,Transfer,Utility,13,96,0,0,0,1
20094.1,Transfer,Fuel,4,53,0,2,0,0
54428.04,Deposit,Shopping,19,29,0,4,0,1
12134.86,Payment,Entertainment,10,96,0,3,1,0
7031.68,Withdrawal,Electronics,19,99,1,2,0,0
48026.29,Transfer,Fuel,22,96,1,5,1,1
3850.3,Transfer,Travel,19,32,1,3,0,0
6704.0,Refund,Fuel,10,56,1,5,0,0
76195.32,Withdrawal,ATM,3,59,0,3,0,1
14132.98,Payment,Fuel,17,12,0,2,0,0
71674.0,Transfer,Grocery,6,26,1,3,0,1
25730.87,Deposit,Shopping,14,42,1,2,0,0
13138.49,Transfer,Healthcare,22,33,0,0,1,0
30655.2,Refund,Fuel,3,98,0,2,0,0
46194.7,Payment,Utility,8,6,1,0,0,0
32773.16,Transfer,Electronics,6,40,1,2,0,0
67067.45,Deposit,Entertainment,10,89,1,4,1,1
5298.04,Transfer,Healthcare,15,63,0,1,0,0
1628.13,Transfer,Restaurant,20,67,0,2,0,0
22064.4,Transfer,Utility,4,79,1,3,1,0
12918.69,Withdrawal,Grocery,13,64,0,1,0,0
50829.07,Payment,Utility,21,63,1,2,0,0
31234.34,Purchase,Shopping,8,26,1,0,0,0
20186.38,Deposit,Grocery,0,28,1,0,0,0
41280.18,Refund,Fuel,15,95,0,3,0,1
23734.59,Purchase,Restaurant,2,86,0,3,1,0
66015.13,Payment,Travel,3,65,1,3,1,1
27968.04,Refund,Shopping,9,45,1,4,0,0
27540.44,Refund,Utility,2,13,1,4,0,0
70698.09,Refund,Healthcare,13,9,0,3,0,1
40269.52,Transfer,Electronics,0,69,0,1,1,1
1350.42,Payment,Shopping,13,70,1,1,0,0
54960.18,Withdrawal,Entertainment,10,8,0,0,0,1
59907.36,Withdrawal,Grocery,23,57,1,2,0,0
28635.57,Withdrawal,Restaurant,10,23,1,4,0,0
80395.11,Purchase,Restaurant,22,81,1,5,0,1
88061.07,Deposit,ATM,5,97,1,0,0,1
24729.45,Refund,Utility,12,9,0,5,1,0
37898.19,Payment,Fuel,3,82,0,2,0,0
44488.11,Payment,Electronics,8,93,0,0,0,1
10777.31,Refund,Restaurant,21,39,1,1,0,0
18777.57,Purchase,Grocery,16,99,1,4,0,0
24326.75,Purchase,Fuel,8,14,1,0,0,0
12352.97,Transfer,Fuel,7,63,0,1,0,0
7522.57,Deposit,Fuel,9,9,1,5,1,0
83410.1,Refund,ATM,15,51,0,0,1,1
67307.83,Deposit,Healthcare,23,19,0,0,0,1
46021.04,Transfer,Shopping,4,11,1,0,1,1
13572.25,Deposit,Utility,21,73,1,1,0,0
63888.57,Transfer,Grocery,21,94,1,4,1,1
28937.26,Deposit,Travel,2,79,1,3,0,0
82615.16,Transfer,Travel,15,7,1,2,1,1
40598.03,Withdrawal,Utility,16,48,1,3,0,1
29609.99,Purchase,Fuel,2,74,0,5,0,0
186.51,Deposit,Utility,0,86,1,5,0,0
18434.44,Withdrawal,Utility,18,55,0,5,0,0
13242.89,Withdrawal,Utility,16,38,0,0,0,0
25475.66,Refund,Utility,16,82,0,3,0,0
32613.62,Transfer,ATM,9,95,0,5,1,0
36172.95,Deposit,Healthcare,19,84,1,5,0,0
33219.19,Withdrawal,Fuel,0,27,0,1,1,0
22392.21,Payment,Shopping,15,4,0,3,0,0
42339.89,Deposit,Utility,17,48,1,2,1,1
17343.38,Transfer,Restaurant,0,75,0,2,1,0
20826.1,Purchase,Shopping,3,29,0,1,0,0
25351.62,Payment,Travel,0,34,0,1,0,0
88546.49,Transfer,Restaurant,22,48,0,4,0,1
39603.85,Deposit,Utility,7,13,1,4,0,0
25765.39,Payment,Entertainment,5,19,1,3,1,0
3745.63,Withdrawal,Shopping,4,88,0,3,0,0
37774.78,Withdrawal,Healthcare,10,68,1,2,0,0
36222.42,Deposit,ATM,7,77,1,4,1,0
81852.16,Deposit,Restaurant,19,99,0,1,0,1
20795.32,Refund,Shopping,6,71,1,4,0,0
54671.93,Purchase,Utility,6,72,1,4,0,1
28847.35,Withdrawal,Restaurant,10,5,1,5,0,0
34827.88,Payment,Restaurant,23,81,1,1,0,0
1925.79,Refund,Grocery,12,67,1,4,1,0
27875.53,Withdrawal,Restaurant,9,23,1,0,1,0
64816.51,Deposit,Fuel,13,85,1,1,0,1
68974.85,Deposit,Utility,17,53,1,5,0,1
30132.51,Purchase,ATM,1,46,1,2,1,0
75088.49,Refund,ATM,7,28,0,2,0,1
14572.59,Withdrawal,Healthcare,4,50,0,0,0,0
21076.02,Transfer,Shopping,22,61,1,1,1,0
51355.4,Refund,Shopping,8,100,0,4,1,1
15938.08,Transfer,Grocery,12,31,1,3,0,0
68552.86,Payment,Restaurant,19,71,1,3,0,1
31527.78,Purchase,Grocery,14,18,1,1,0,0
47069.3,Purchase,Grocery,18,80,1,3,0,1
37018.92,Deposit,Travel,22,3,1,0,0,0
22544.97,Transfer,Shopping,14,96,0,2,1,0
6109.79,Withdrawal,Healthcare,10,31,1,2,1,0
9054.98,Purchase,Utility,15,93,1,3,0,0
14292.87,Withdrawal,Entertainment,9,49,0,2,0,0
46532.41,Purchase,Grocery,4,64,0,1,1,1
85370.36,Payment,Entertainment,19,61,1,5,0,1
7109.26,Purchase,Healthcare,11,31,1,5,0,0
63114.44,Payment,Shopping,2,20,0,3,0,1
52010.82,Refund,Electronics,11,47,1,4,0,1
20389.23,Withdrawal,Fuel,8,33,1,2,1,0
16850.44,Withdrawal,Fuel,4,13,1,5,0,0
71986.35,Purchase,Restaurant,19,100,1,5,0,1
35069.56,Withdrawal,Grocery,7,71,0,2,1,0
35904.46,Refund,Grocery,15,2,1,5,1,0
39082.32,Deposit,Electronics,0,56,0,3,0,0
3924.41,Purchase,Fuel,16,63,1,0,0,0
4248.05,Withdrawal,Grocery,21,49,0,4,0,0
545.96,Transfer,Fuel,17,57,1,1,0,0
4575.59,Deposit,Fuel,17,37,0,2,0,0
51739.63,Transfer,Grocery,10,50,0,4,0,1
19624.34,Payment,Grocery,8,90,1,5,1,0
35694.73,Refund,Shopping,2,71,1,2,0,0
37370.12,Withdrawal,Shopping,13,46,1,3,0,0
18432.58,Withdrawal,Utility,20,7,1,2,1,0
1744.18,Payment,Grocery,10,52,1,1,0,0
16405.69,Deposit,Grocery,11,51,0,4,0,0
62762.96,Payment,Electronics,11,2,0,1,0,1
37092.7,Transfer,Entertainment,13,8,1,0,0,0
29133.54,Refund,Travel,20,48,1,3,0,0
56994.86,Refund,Restaurant,15,74,0,4,0,1
19603.83,Payment,Fuel,18,76,0,5,0,0
1711.7,Withdrawal,Electronics,22,99,1,0,0,0
15144.75,Payment,Entertainment,8,64,0,2,0,0
7933.09,Deposit,Restaurant,5,11,0,0,0,0
11609.57,Deposit,Entertainment,21,18,0,3,1,0
5954.55,Deposit,Shopping,3,29,0,0,0,0
12516.38,Transfer,Travel,5,32,1,4,0,0
15929.72,Payment,Restaurant,6,95,0,4,1,0
24894.5,Withdrawal,Travel,13,41,1,4,1,0
1979.33,Refund,Grocery,23,85,1,4,0,0
32714.1,Deposit,Travel,17,74,1,5,0,0
13330.2,Transfer,Utility,11,7,0,2,0,0
88498.36,Refund,Travel,14,70,0,4,0,1
20918.43,Deposit,Healthcare,19,93,0,2,0,0
60350.63,Deposit,Electronics,9,35,1,3,0,1
24960.05,Purchase,Utility,2,5,0,3,0,0
40056.11,Withdrawal,Entertainment,12,55,1,2,0,0
21698.57,Withdrawal,Entertainment,7,64,1,3,1,0
16604.37,Refund,Travel,19,77,0,1,0,0
22933.74,Withdrawal,Restaurant,17,14,1,1,0,0
5891.97,Transfer,Shopping,9,79,0,4,1,0
47691.21,Payment,Fuel,17,67,0,3,0,1
4726.23,Transfer,Restaurant,6,12,1,0,0,0
9914.9,Withdrawal,Travel,13,15,0,3,0,0
58684.01,Refund,Healthcare,15,25,1,2,1,1
4660.97,Withdrawal,Fuel,7,99,0,3,1,0
87646.63,Deposit,Entertainment,17,21,0,2,0,1
18334.32,Transfer,Restaurant,3,28,1,5,1,0
11798.83,Refund,Utility,9,58,1,0,1,0
20898.05,Payment,Fuel,18,81,1,0,1,0
30456.47,Transfer,Utility,15,76,0,3,0,0
30411.72,Withdrawal,Healthcare,8,20,1,0,0,0
17434.63,Refund,Travel,8,43,1,0,0,0
463.25,Transfer,Fuel,16,56,0,2,0,0
15189.99,Payment,Electronics,21,58,0,5,1,0
53064.73,Purchase,Healthcare,9,42,0,1,1,1
75819.68,Purchase,Travel,12,79,0,2,1,1
25585.01,Transfer,Electronics,11,61,0,1,1,0
4394.97,Refund,Healthcare,0,93,0,1,0,0
34473.36,Payment,Shopping,2,2,0,3,0,0
35014.2,Payment,Electronics,21,39,1,0,0,0
32603.83,Purchase,Healthcare,18,89,1,2,0,0
25637.75,Withdrawal,Entertainment,17,5,1,1,1,0
23018.89,Purchase,Shopping,1,69,1,1,0,0
58744.26,Refund,Healthcare,16,18,1,5,0,1
16600.87,Refund,ATM,1,59,0,2,1,0
15776.79,Transfer,Grocery,7,3,0,3,0,0
54495.13,Deposit,Electronics,21,79,0,4,0,1
52484.74,Purchase,Fuel,15,82,1,1,0,1
74204.46,Payment,Restaurant,13,79,1,0,0,1
21462.63,Purchase,Travel,18,7,1,3,0,0
3240.07,Transfer,Fuel,5,54,1,2,0,0
5883.33,Transfer,Restaurant,18,60,0,2,0,0
25306.49,Deposit,Travel,19,76,1,2,0,0
9464.48,Deposit,Entertainment,1,92,0,4,1,0
6955.8,Transfer,Grocery,22,41,0,2,0,0
26109.15,Payment,Healthcare,2,9,0,5,0,0
55460.1,Payment,Healthcare,22,7,0,5,0,1
10118.55,Withdrawal,Entertainment,1,6,1,1,0,0
32312.6,Refund,Healthcare,6,47,1,4,0,0
9421.01,Refund,Travel,18,39,1,4,0,0
37398.03,Purchase,Utility,8,63,1,1,0,0
30943.31,Payment,Travel,12,47,1,0,0,0
25746.65,Refund,ATM,21,43,1,1,0,0
4909.03,Payment,Entertainment,11,99,1,0,0,0
38676.13,Purchase,Electronics,5,17,0,1,0,0
10795.41,Deposit,Shopping,15,46,0,5,0,0
40586.26,Transfer,Healthcare,23,66,0,2,0,1
53145.69,Payment,Healthcare,18,65,0,4,1,1
2251.48,Refund,Fuel,11,20,1,2,0,0
21183.12,Withdrawal,Travel,22,32,1,1,0,0
68965.75,Payment,Restaurant,21,37,1,3,0,1
28265.9,Refund,ATM,22,95,0,5,0,0
39901.32,Transfer,Utility,10,54,0,0,0,0
60221.3,Purchase,Grocery,6,3,0,1,0,1
8270.26,Transfer,Electronics,5,13,1,4,0,0
56135.19,Withdrawal,Shopping,11,34,0,2,0,1
15918.51,Withdrawal,Entertainment,23,96,0,0,0,0
7565.71,Withdrawal,Utility,3,44,0,2,0,0
45970.39,Refund,Entertainment,15,70,1,3,0,1
25420.75,Deposit,Electronics,20,46,0,1,0,0
21384.33,Transfer,Fuel,6,23,1,1,0,0
43064.2,Transfer,Entertainment,19,88,0,1,0,1
34097.57,Refund,Restaurant,2,5,1,3,0,0
20509.99,Withdrawal,Fuel,6,91,0,2,0,0
37837.16,Withdrawal,Utility,17,94,1,3,0,0
59248.0,Purchase,Fuel,6,43,1,2,0,0
36022.46,Refund,Restaurant,0,80,1,4,0,0
34213.25,Transfer,Grocery,15,90,1,3,1,0
58067.64,Refund,ATM,6,86,0,4,0,1
76317.05,Deposit,Utility,8,50,0,1,0,1
6873.41,Purchase,Grocery,4,38,0,2,0,0
12341.55,Transfer,Shopping,12,28,1,1,0,0
30147.19,Withdrawal,Utility,1,17,1,3,1,0
5424.74,Refund,Travel,17,96,1,1,0,0
18351.33,Withdrawal,Electronics,1,92,1,2,0,0
54042.78,Refund,Healthcare,14,27,1,5,0,1
55941.47,Purchase,Travel,11,57,1,0,0,0
34438.9,Deposit,Grocery,21,99,0,3,0,0
36628.5,Purchase,Shopping,20,70,1,4,1,0
54107.07,Refund,Restaurant,10,67,1,1,0,0
76824.05,Withdrawal,Electronics,8,73,1,2,0,1
45419.98,Refund,Entertainment,1,55,0,5,0,1
19086.25,Purchase,Shopping,1,88,1,0,0,0
954.36,Transfer,Electronics,9,1,1,0,0,0
42939.27,Purchase,Restaurant,21,35,1,5,0,1
10388.39,Deposit,Entertainment,7,54,1,0,0,0
78291.06,Payment,Healthcare,14,18,1,5,0,1
7676.94,Withdrawal,Healthcare,10,28,1,0,0,0
8380.08,Purchase,Shopping,2,59,1,5,0,0
80707.03,Deposit,Restaurant,18,90,1,4,0,1
10011.23,Payment,Shopping,5,3,0,4,0,0
36366.05,Transfer,Entertainment,12,16,1,1,0,0
36482.97,Payment,Grocery,5,2,1,4,0,0
4580.59,Deposit,Restaurant,11,13,1,4,0,0
40275.65,Transfer,Restaurant,7,16,1,0,0,0
3180.76,Transfer,Restaurant,7,64,1,0,1,0
10886.25,Deposit,Restaurant,14,98,1,2,1,0
41110.63,Transfer,Restaurant,14,12,1,1,0,0
87798.03,Transfer,Restaurant,7,30,0,0,0,1
55445.18,Refund,Entertainment,8,57,1,0,0,0
30238.84,Withdrawal,Electronics,3,46,0,4,1,0
24793.93,Refund,Healthcare,17,97,1,1,0,0
35621.1,Payment,Restaurant,2,48,1,1,0,0
14881.17,Refund,Grocery,6,83,1,5,0,0
25982.97,Transfer,Entertainment,20,44,0,5,1,0
19789.15,Purchase,Restaurant,12,40,1,5,0,0
12831.35,Deposit,Healthcare,10,22,0,4,0,0
79301.17,Transfer,Restaurant,9,66,1,5,0,1
27418.94,Refund,Restaurant,22,33,1,2,1,0
40174.64,Refund,Restaurant,20,29,1,1,0,0
17376.6,Payment,Grocery,21,50,1,0,1,0
2550.45,Withdrawal,Restaurant,22,95,0,2,0,0
62994.58,Transfer,Healthcare,14,65,0,0,1,1
34310.28,Withdrawal,Utility,20,3,0,5,0,0
56917.81,Transfer,Electronics,0,87,1,1,1,1
11331.09,Payment,Healthcare,5,60,0,5,0,0
29238.24,Payment,Healthcare,21,41,1,1,1,0
23453.19,Refund,Utility,19,56,1,5,0,0
385.51,Deposit,Fuel,12,77,1,5,0,0
48725.84,Purchase,Restaurant,6,29,0,3,0,1
4323.61,Purchase,Fuel,20,54,1,0,1,0
44111.08,Refund,Healthcare,19,13,1,0,0,0
35031.34,Transfer,Entertainment,3,54,0,1,0,0
50456.63,Transfer,Fuel,12,4,1,4,0,1
46742.75,Payment,ATM,10,91,1,0,0,1
37276.84,Refund,Entertainment,12,9,1,4,0,0
80858.5,Withdrawal,Fuel,23,44,1,4,0,1
17207.63,Purchase,Entertainment,18,2,0,0,0,0
3051.04,Deposit,Utility,23,94,0,0,0,0
38342.09,Payment,Restaurant,0,84,0,1,0,0
58894.94,Transfer,Electronics,22,88,0,4,0,1
13433.02,Withdrawal,Grocery,6,32,1,5,0,0
41954.52,Refund,Shopping,19,87,1,0,0,1
36136.62,Deposit,ATM,18,64,1,1,1,0
14827.25,Payment,Shopping,14,50,1,4,0,0
48607.46,Purchase,Shopping,22,38,0,1,1,1
65677.91,Payment,Travel,3,39,1,5,0,1
18634.54,Withdrawal,Grocery,12,20,0,3,0,0
8559.34,Deposit,Shopping,20,39,0,4,1,0
55692.73,Withdrawal,ATM,16,11,0,1,0,1
45312.37,Deposit,Restaurant,18,16,1,0,0,0
37576.38,Purchase,Utility,18,53,0,1,0,0
17044.04,Purchase,Utility,8,74,1,0,0,0
8610.8,Withdrawal,Utility,3,76,0,4,0,0
89052.79,Refund,Healthcare,20,34,0,3,0,1
14035.36,Payment,Fuel,8,8,1,0,1,0
29018.42,Withdrawal,Shopping,3,26,1,0,0,0
83386.19,Deposit,Healthcare,2,5,0,3,1,1
55873.84,Transfer,ATM,8,16,1,1,0,0
18957.78,Refund,Restaurant,16,45,0,3,0,0
24691.47,Refund,Electronics,3,53,1,2,1,0
47648.12,Refund,Healthcare,15,14,0,1,0,1
41140.1,Withdrawal,ATM,20,13,1,4,0,1
17185.69,Refund,Travel,16,11,0,0,0,0
38067.43,Purchase,Fuel,6,99,1,1,0,0
83210.03,Refund,Entertainment,16,21,0,0,0,1
29761.21,Deposit,Restaurant,10,55,0,0,1,0
33702.73,Payment,Entertainment,1,19,1,0,1,0
83419.42,Withdrawal,Utility,16,82,1,3,1,1
48992.39,Withdrawal,Shopping,7,40,1,5,1,1
11167.0,Deposit,Healthcare,15,30,0,5,0,0
41865.0,Refund,Fuel,3,28,0,5,0,1
1352.47,Withdrawal,Healthcare,20,12,1,5,0,0
8886.37,Transfer,Healthcare,12,73,1,4,0,0
45667.76,Transfer,ATM,13,29,1,4,0,1
21646.14,Refund,Utility,13,68,0,1,0,0
11966.66,Purchase,Healthcare,3,80,1,0,0,0
28654.83,Purchase,Restaurant,0,57,1,3,0,0
76055.44,Payment,Electronics,12,88,1,4,0,1
46125.56,Deposit,Fuel,20,4,1,1,0,0
36301.61,Purchase,Shopping,3,69,1,4,1,0
26452.0,Withdrawal,Healthcare,8,33,0,2,0,0
63168.44,Transfer,Utility,14,22,0,1,1,1
35094.38,Purchase,ATM,2,53,0,5,0,0
64749.64,Transfer,Electronics,15,95,0,1,0,1
8137.06,Deposit,Entertainment,13,68,1,1,1,0
43626.1,Deposit,Shopping,11,72,0,2,0,1
5392.37,Deposit,Grocery,9,62,0,2,1,0
6140.18,Withdrawal,Entertainment,10,50,1,3,0,0
20176.75,Payment,Travel,12,50,1,3,0,0
6363.54,Purchase,Electronics,3,18,0,3,0,0
29482.93,Deposit,Grocery,22,44,0,2,1,0
8321.15,Refund,Fuel,13,24,1,5,0,0
11333.21,Payment,Entertainment,2,45,0,5,0,0
4028.28,Refund,Shopping,20,34,0,4,1,0
16887.53,Payment,Shopping,23,25,0,2,0,0
13092.01,Withdrawal,Fuel,18,78,1,4,0,0
675.12,Purchase,Grocery,2,92,0,1,0,0
20747.25,Purchase,Healthcare,0,7,0,3,1,0
78110.19,Transfer,ATM,21,3,0,2,0,1
36680.49,Withdrawal,Travel,14,71,1,0,0,0
16346.93,Refund,Grocery,4,88,1,5,0,0
57002.5,Withdrawal,Entertainment,19,9,0,4,0,1
4863.52,Refund,Restaurant,12,18,1,4,1,0
55038.87,Deposit,Restaurant,12,57,1,0,1,1
37404.71,Payment,ATM,22,39,0,5,1,0
76057.08,Transfer,Healthcare,22,70,1,4,0,1
2386.53,Transfer,Travel,5,57,1,0,0,0
9865.91,Refund,Utility,10,44,0,2,1,0
84921.59,Transfer,Shopping,2,70,1,3,0,1
55265.44,Purchase,ATM,6,68,1,0,1,1
50194.8,Purchase,Healthcare,5,3,0,1,0,1
58183.15,Refund,Healthcare,6,71,0,4,0,1
47745.58,Withdrawal,Healthcare,15,69,1,5,0,1
14032.86,Withdrawal,Restaurant,13,85,0,3,0,0
18662.19,Refund,ATM,0,31,1,2,0,0
58316.19,Deposit,Shopping,9,32,0,0,0,1
48150.27,Refund,Entertainment,17,54,0,3,1,1
23868.03,Payment,ATM,0,74,0,5,0,0
45166.01,Payment,Electronics,14,3,1,0,0,0
47553.87,Withdrawal,Travel,12,94,0,2,1,1
45510.51,Deposit,ATM,1,19,0,2,1,1
17939.19,Deposit,Travel,11,3,0,0,0,0
2571.66,Purchase,Travel,13,99,1,5,0,0
48136.53,Transfer,Utility,5,64,1,3,0,1
49360.43,Withdrawal,Grocery,5,15,1,2,0,0
27623.07,Refund,Restaurant,18,90,0,2,0,0
58000.75,Purchase,Restaurant,20,62,1,5,0,1
74162.3,Deposit,Restaurant,4,94,1,4,0,1
69538.09,Payment,Travel,13,63,1,4,0,1
9456.94,Withdrawal,Fuel,8,15,1,4,0,0
21604.22,Deposit,Shopping,19,66,0,3,1,0
32993.76,Deposit,Healthcare,13,45,1,5,1,0
26961.65,Payment,Healthcare,11,12,0,2,0,0
5562.94,Withdrawal,Healthcare,12,69,0,5,0,0
6561.16,Transfer,Fuel,5,86,1,1,0,0
59632.62,Refund,Utility,15,68,1,1,0,0
26535.03,Purchase,Healthcare,9,72,1,5,1,0
57245.75,Payment,Entertainment,6,75,1,5,0,1
29238.42,Withdrawal,Electronics,16,69,1,1,1,0
45412.32,Refund,Entertainment,1,53,1,3,0,1
24266.05,Deposit,Grocery,21,42,1,4,0,0
5649.34,Withdrawal,Electronics,12,27,1,3,0,0
5244.95,Deposit,Entertainment,10,99,0,2,0,0
37754.71,Purchase,Healthcare,2,87,0,5,0,0
18964.08,Refund,Utility,19,7,1,5,1,0
943.18,Purchase,Healthcare,13,53,0,0,1,0
6510.33,Deposit,Travel,18,31,1,3,0,0
18563.72,Deposit,Travel,11,89,0,1,1,0
41327.94,Deposit,Fuel,8,50,1,2,0,0
57963.25,Deposit,ATM,11,92,1,4,1,1
80914.99,Withdrawal,Travel,3,49,0,1,0,1
3685.85,Payment,Electronics,2,28,0,4,0,0
26626.29,Purchase,Healthcare,19,67,0,0,0,0
14871.3,Deposit,Travel,10,47,1,5,1,0
11375.28,Deposit,Restaurant,4,72,0,1,0,0
34850.83,Deposit,Electronics,17,82,0,3,1,0
31509.89,Deposit,Healthcare,19,67,0,2,0,0
34699.97,Payment,ATM,16,97,1,1,0,0
28503.75,Payment,Travel,16,35,1,3,0,0
23603.15,Deposit,Restaurant,14,7,0,2,0,0
22838.16,Refund,Shopping,8,45,0,4,0,0
8907.96,Purchase,ATM,9,60,0,0,1,0
10728.98,Payment,Healthcare,12,93,1,4,1,0
80851.1,Transfer,Healthcare,9,50,0,0,0,1
41160.03,Deposit,Grocery,18,23,1,2,0,0
2379.84,Purchase,ATM,16,12,0,1,0,0
4788.14,Purchase,Travel,20,13,0,5,0,0
42933.3,Payment,Shopping,8,5,1,2,0,0
46007.3,Deposit,Travel,5,30,1,0,0,0
52129.04,Payment,Utility,15,48,0,4,0,1
30617.69,Deposit,Entertainment,0,61,0,2,1,0
25390.49,Transfer,Restaurant,5,55,1,2,0,0
13174.34,Deposit,Restaurant,2,100,0,1,0,0
42943.51,Withdrawal,Shopping,21,46,1,1,1,1
32329.91,Payment,Restaurant,1,96,1,4,0,0
32777.08,Purchase,ATM,13,96,1,2,1,0
9040.44,Withdrawal,Healthcare,6,12,0,5,0,0
69455.53,Transfer,Shopping,16,79,0,5,0,1
39812.53,Transfer,Electronics,4,100,1,3,0,0
53868.91,Payment,Grocery,14,64,0,2,0,1
13910.41,Transfer,Utility,10,84,1,0,0,0
40459.17,Purchase,Travel,22,54,1,1,0,0
57589.08,Withdrawal,Healthcare,5,50,1,2,1,1
48466.57,Payment,Shopping,9,48,0,5,0,1
8200.95,Purchase,Restaurant,11,72,1,4,1,0
29503.46,Withdrawal,Fuel,22,61,1,0,0,0
44779.48,Purchase,ATM,4,50,1,1,0,0
29368.02,Withdrawal,Restaurant,17,100,1,1,0,0
2607.2,Payment,Entertainment,23,100,1,4,1,0
33835.68,Deposit,ATM,10,75,0,5,0,0
8698.41,Payment,Healthcare,7,96,0,2,1,0
52971.98,Refund,Travel,0,23,0,0,0,1
10809.0,Payment,Grocery,21,6,0,0,0,0
34594.1,Purchase,Travel,7,17,0,0,0,0
23040.04,Transfer,Entertainment,1,68,0,2,1,0
15887.3,Payment,Electronics,0,12,1,3,0,0
11568.09,Payment,Travel,18,79,0,0,1,0
30942.35,Purchase,Entertainment,13,42,0,5,1,0
27944.19,Deposit,Shopping,11,60,1,0,0,0
9308.4,Withdrawal,Electronics,13,3,0,2,0,0
47097.26,Transfer,Travel,0,51,0,1,1,1
36544.17,Deposit,Travel,4,36,0,5,1,0
22795.91,Transfer,Travel,13,39,1,4,1,0
45780.59,Payment,Healthcare,13,79,0,2,0,1
26896.05,Purchase,Electronics,6,98,1,2,0,0
30507.66,Transfer,Utility,23,13,0,3,0,0
13469.88,Withdrawal,Restaurant,5,19,1,5,0,0
16187.4,Payment,Fuel,20,94,0,1,0,0
24351.66,Purchase,Electronics,10,36,0,3,1,0
2240.8,Payment,Shopping,13,56,0,0,0,0
30024.7,Transfer,ATM,2,16,1,1,0,0
17181.81,Withdrawal,ATM,6,81,0,2,0,0
57550.35,Withdrawal,Entertainment,18,83,1,1,0,1
30252.17,Transfer,Travel,21,68,0,5,0,0
6667.88,Transfer,Utility,10,59,1,0,0,0
16549.49,Withdrawal,Shopping,4,25,1,0,0,0
37897.7,Payment,Shopping,20,41,0,0,0,0
10700.27,Purchase,Restaurant,16,47,1,0,0,0
2851.47,Withdrawal,Fuel,12,95,1,2,1,0
4099.91,Payment,Utility,7,30,1,5,0,0
47417.25,Payment,Travel,6,52,0,2,0,1
32086.77,Payment,Electronics,5,61,0,0,0,0
25162.19,Payment,Fuel,20,83,1,3,0,0
18110.57,Deposit,ATM,19,91,0,3,0,0
23114.94,Refund,Entertainment,19,50,0,4,0,0
51826.18,Purchase,Electronics,23,72,0,4,0,1
33769.15,Payment,Travel,16,56,1,1,0,0
41495.02,Withdrawal,Grocery,18,64,1,1,0,0
75871.95,Withdrawal,Electronics,8,75,0,4,1,1
13154.97,Purchase,Utility,10,83,1,4,1,0
10435.34,Transfer,Healthcare,18,49,1,5,0,0
31769.66,Payment,ATM,18,86,0,2,0,0
39865.53,Withdrawal,Grocery,0,26,1,4,0,0
15312.22,Deposit,Shopping,14,48,1,5,0,0
70088.58,Transfer,ATM,3,93,0,4,0,1
56153.37,Refund,Restaurant,2,78,0,3,0,1
8347.36,Payment,Shopping,6,37,0,3,0,0
5252.99,Refund,Electronics,17,12,1,5,1,0
17140.97,Payment,Utility,21,13,0,0,0,0
18723.11,Withdrawal,Grocery,15,29,1,0,1,0
38366.29,Payment,Healthcare,3,61,0,4,0,0
14404.02,Purchase,Grocery,1,4,0,0,0,0
15390.41,Deposit,Fuel,23,16,1,4,0,0
6625.67,Purchase,Electronics,2,94,0,5,0,0
56348.42,Deposit,Shopping,23,10,0,3,1,1
25634.1,Payment,Entertainment,9,42,1,0,0,0
64940.79,Refund,Electronics,11,89,0,1,1,1
72146.57,Payment,Grocery,20,76,0,2,1,1
63992.76,Deposit,ATM,0,66,0,1,0,1
8223.41,Refund,Utility,17,82,1,4,0,0
43749.53,Payment,Entertainment,21,79,0,3,0,1
21369.74,Payment,Grocery,21,65,1,5,1,0
26594.73,Transfer,Shopping,23,55,1,4,1,0
41542.77,Transfer,ATM,14,63,1,3,0,1
43968.74,Deposit,Shopping,0,6,1,2,0,0
55746.16,Payment,Shopping,4,25,0,3,0,1
33787.12,Payment,Healthcare,22,12,0,3,1,0
15764.92,Payment,Travel,14,7,1,1,0,0
58385.74,Payment,Grocery,23,96,1,1,0,1
30885.94,Withdrawal,Fuel,2,32,0,0,0,0
35346.51,Payment,Shopping,18,22,0,1,0,0
29940.2,Transfer,Travel,15,51,0,0,0,0
25104.17,Deposit,Grocery,14,77,0,5,0,0
17686.77,Withdrawal,Electronics,11,95,1,1,0,0
32519.91,Purchase,ATM,15,40,1,0,0,0
36617.9,Payment,Utility,3,15,1,1,0,0
25407.38,Deposit,Travel,18,49,0,2,0,0
37905.3,Deposit,Grocery,19,33,0,3,0,0
9920.77,Deposit,Entertainment,14,23,1,0,1,0
22393.91,Deposit,Utility,1,11,0,1,0,0
30697.58,Payment,Entertainment,14,8,0,5,0,0
43013.76,Purchase,Utility,3,1,1,2,0,0
4818.31,Purchase,Utility,2,67,0,1,0,0
2193.32,Purchase,Shopping,18,83,1,0,0,0
17792.3,Transfer,Entertainment,3,82,0,3,0,0
18071.94,Payment,Healthcare,2,36,1,2,0,0
24960.29,Purchase,Fuel,7,27,1,2,0,0
1508.03,Transfer,ATM,2,45,1,3,0,0
30587.4,Withdrawal,Entertainment,6,30,1,5,0,0
19601.99,Transfer,Grocery,1,58,1,2,0,0
13937.07,Transfer,Grocery,2,73,0,3,0,0
75539.85,Transfer,Utility,0,51,1,4,1,1
18605.39,Payment,Shopping,20,13,0,2,0,0
41136.11,Transfer,Fuel,8,36,1,2,0,0
11860.46,Transfer,Restaurant,11,4,0,5,0,0
35954.56,Transfer,Electronics,16,36,0,3,0,0
86290.35,Refund,Healthcare,20,94,1,2,0,1
45978.8,Purchase,Grocery,1,39,0,1,1,1
70913.68,Transfer,Restaurant,16,34,1,5,0,1
14424.21,Withdrawal,Grocery,11,7,0,3,0,0
34993.69,Deposit,Fuel,21,32,1,1,0,0
6756.26,Withdrawal,Fuel,17,55,1,3,0,0
8485.88,Deposit,ATM,5,91,1,4,0,0
45513.37,Deposit,Restaurant,0,4,1,1,0,0
7044.69,Purchase,Shopping,6,84,0,2,0,0
45354.15,Payment,ATM,2,64,1,3,0,1
14304.98,Refund,Electronics,3,61,0,4,0,0
21746.44,Deposit,Travel,18,16,0,5,0,0
43199.93,Purchase,Travel,7,46,1,1,1,1
6301.46,Transfer,Grocery,8,92,0,4,0,0
31958.33,Payment,Utility,2,97,1,4,0,0
23231.32,Refund,Shopping,5,10,0,2,0,0
334.12,Withdrawal,Electronics,12,25,1,1,1,0
58259.95,Refund,Entertainment,20,37,1,1,0,0
12077.1,Withdrawal,Restaurant,4,18,1,1,1,0
15157.29,Refund,Restaurant,12,66,0,1,0,0
28661.24,Transfer,Travel,4,67,1,4,0,0
26622.58,Refund,Grocery,8,34,1,2,0,0
27548.71,Transfer,Restaurant,8,35,0,0,0,0
13093.93,Transfer,Grocery,12,89,1,1,0,0
39799.19,Refund,Restaurant,20,17,1,2,0,0
19223.35,Withdrawal,Healthcare,23,48,0,4,0,0
55333.3,Purchase,Shopping,20,90,1,3,0,1
25468.69,Refund,Electronics,23,42,1,0,1,0
1674.02,Transfer,Grocery,3,91,1,1,0,0
32921.8,Withdrawal,Utility,14,16,1,4,0,0
25836.07,Payment,Fuel,9,67,1,4,0,0
77766.32,Transfer,Fuel,16,97,0,0,0,1
38517.95,Refund,Grocery,16,23,0,5,1,0
34858.31,Purchase,ATM,16,66,0,1,0,0
60547.69,Withdrawal,Travel,5,81,0,0,0,1
29444.79,Transfer,Utility,18,11,0,0,0,0
5306.09,Refund,Fuel,18,75,0,1,0,0
34373.34,Purchase,Fuel,5,62,0,2,1,0
80544.35,Refund,Shopping,16,32,1,4,0,1
73882.67,Withdrawal,Fuel,5,39,0,4,0,1
62090.52,Purchase,Restaurant,15,99,0,3,0,1
75359.36,Transfer,Fuel,9,49,0,4,0,1
38802.38,Refund,Travel,3,46,0,1,0,0
58005.6,Refund,Entertainment,12,6,0,4,1,1
14159.13,Purchase,Electronics,14,15,1,4,0,0
81078.64,Transfer,Shopping,23,63,0,3,0,1
31316.18,Purchase,Electronics,4,41,1,4,0,0
32504.62,Withdrawal,Healthcare,7,90,0,4,1,0
58672.98,Deposit,Entertainment,20,63,0,2,0,1
71168.65,Withdrawal,ATM,22,98,1,5,0,1
44528.56,Payment,Utility,1,6,1,0,0,0
48904.57,Deposit,Grocery,7,47,0,1,1,1
16015.81,Refund,Fuel,3,81,1,1,0,0
74635.78,Transfer,Electronics,11,42,1,3,0,1
3951.57,Transfer,Restaurant,17,60,0,3,0,0
35884.85,Transfer,Fuel,3,15,1,4,0,0
7143.79,Purchase,ATM,4,93,1,2,0,0
32968.15,Withdrawal,Restaurant,12,84,1,3,0,0
59473.87,Transfer,Restaurant,2,28,1,2,0,0
387.52,Deposit,Grocery,22,12,0,0,0,0
14188.65,Payment,Restaurant,17,22,0,2,0,0
38539.81,Payment,Travel,8,73,1,0,0,0
60585.97,Payment,Shopping,20,85,1,2,0,1
16256.13,Withdrawal,Entertainment,18,72,0,5,0,0
37059.4,Refund,Healthcare,17,77,0,0,0,0
25042.31,Purchase,Shopping,1,78,0,0,0,0
11373.59,Transfer,Entertainment,19,70,0,4,0,0
17354.97,Withdrawal,Electronics,12,61,0,3,1,0
20272.65,Deposit,Restaurant,22,7,1,2,0,0
31001.95,Refund,ATM,0,84,1,2,0,0
26552.58,Purchase,Entertainment,14,15,0,4,0,0
62212.02,Payment,Travel,3,3,1,4,0,1
53469.47,Withdrawal,Utility,9,75,1,2,0,1
15439.51,Refund,Travel,23,56,1,5,0,0
31080.9,Refund,Restaurant,8,60,0,1,1,0
10632.61,Refund,Electronics,0,61,1,5,0,0
37686.63,Purchase,ATM,14,6,0,0,1,0
60093.75,Refund,Electronics,14,95,1,1,0,1
27855.5,Refund,Shopping,3,11,0,1,1,0
18732.38,Purchase,Travel,3,70,0,3,0,0
52202.15,Transfer,Entertainment,14,56,0,0,0,1
11099.17,Transfer,ATM,14,53,1,3,0,0
5354.6,Transfer,Healthcare,11,70,1,3,0,0
1780.29,Payment,Electronics,8,74,0,0,0,0
10280.74,Refund,Grocery,10,39,1,2,1,0
33144.21,Deposit,Travel,4,15,1,2,0,0
23483.42,Refund,Utility,23,28,0,3,1,0
10985.99,Payment,Utility,11,90,0,2,0,0
70083.71,Withdrawal,Electronics,10,62,1,0,1,1
33084.7,Purchase,Fuel,8,48,0,3,1,0
89630.77,Payment,Restaurant,10,6,1,5,0,1
21551.69,Payment,Electronics,13,54,0,1,0,0
20664.37,Payment,Grocery,2,60,1,1,1,0
20194.44,Refund,Electronics,6,17,1,0,0,0
12908.57,Transfer,Fuel,14,1,0,5,0,0
19525.3,Deposit,Fuel,20,81,0,0,0,0
1122.7,Deposit,Restaurant,1,36,1,3,0,0
6880.25,Payment,Electronics,17,99,1,1,0,0
10744.55,Purchase,Travel,12,38,0,2,1,0
87013.37,Deposit,Shopping,14,44,0,5,0,1
9091.72,Withdrawal,Restaurant,12,37,0,0,0,0
53734.78,Deposit,ATM,13,33,1,4,1,1
5854.65,Refund,Restaurant,22,7,0,1,0,0
76535.23,Refund,Shopping,1,60,0,0,0,1
6115.77,Transfer,Travel,15,34,0,1,0,0
70876.97,Purchase,Shopping,17,25,0,2,0,1
52978.41,Purchase,ATM,9,35,1,5,0,1
12177.69,Deposit,Entertainment,18,97,1,1,0,0
2687.94,Payment,Electronics,3,63,0,5,0,0
20513.04,Transfer,Travel,22,62,1,0,1,0
89011.43,Transfer,ATM,23,23,0,0,0,1
13756.71,Withdrawal,Restaurant,14,12,1,3,0,0
37650.23,Withdrawal,Restaurant,23,89,1,0,1,0
26571.65,Withdrawal,Electronics,2,9,1,1,0,0
25358.2,Purchase,ATM,21,75,0,5,0,0
86407.86,Payment,Entertainment,20,33,0,0,0,1
1949.89,Deposit,Restaurant,2,6,0,0,0,0
38933.15,Deposit,Healthcare,12,5,0,2,0,0
54010.63,Purchase,Healthcare,18,44,1,3,1,1
46373.88,Refund,Travel,6,61,0,1,1,1
57053.64,Withdrawal,ATM,5,95,0,1,0,1
21478.16,Refund,Shopping,0,63,1,4,1,0
57759.65,Payment,Entertainment,10,40,0,4,0,1
10054.82,Refund,ATM,3,33,1,1,0,0
15771.98,Deposit,Healthcare,10,88,0,2,1,0
75631.53,Deposit,Electronics,2,52,0,5,0,1
80924.44,Purchase,Shopping,5,19,0,1,0,1
72867.51,Transfer,Utility,21,39,1,4,0,1
10709.72,Deposit,Healthcare,9,43,0,5,0,0
22828.1,Deposit,Travel,14,18,0,2,0,0
16262.12,Purchase,Utility,2,29,0,4,0,0
7004.26,Refund,Fuel,14,52,1,5,1,0
22078.43,Withdrawal,Restaurant,23,77,1,2,0,0
10450.22,Deposit,Fuel,10,93,0,1,1,0
33742.06,Purchase,Entertainment,14,57,0,0,1,0
33602.53,Withdrawal,ATM,19,93,0,2,1,0
49022.34,Withdrawal,Grocery,22,62,1,1,0,0
30654.09,Purchase,ATM,6,71,0,4,0,0
37382.18,Deposit,Restaurant,23,42,0,3,0,0
2304.72,Transfer,Shopping,20,42,1,0,0,0
8073.43,Refund,Electronics,11,13,0,2,1,0
28221.8,Refund,Travel,12,99,1,1,0,0
18654.71,Deposit,Entertainment,5,87,1,5,0,0
5088.68,Refund,Electronics,9,35,1,3,0,0
4274.41,Transfer,ATM,19,58,1,1,0,0
19354.59,Transfer,Entertainment,23,28,0,4,0,0
8473.62,Transfer,Travel,0,12,0,5,0,0
12347.98,Refund,Shopping,20,65,1,4,0,0
1525.67,Withdrawal,Grocery,11,78,0,0,0,0
9978.76,Refund,Fuel,20,24,0,5,0,0
2833.12,Transfer,Electronics,15,55,1,4,1,0
22751.16,Deposit,Entertainment,16,26,0,4,0,0
35940.37,Payment,Utility,9,8,0,5,0,0
34862.18,Deposit,Utility,15,29,1,5,0,0
54782.4,Payment,Fuel,11,86,1,4,0,1
15223.71,Transfer,Restaurant,1,16,0,2,0,0
27954.06,Withdrawal,Entertainment,23,34,1,3,0,0
1469.94,Payment,Utility,20,43,1,2,0,0
4535.08,Deposit,Electronics,8,66,0,1,0,0
59412.03,Deposit,Healthcare,10,97,1,1,0,1
147.8,Withdrawal,Fuel,3,51,1,2,0,0
52154.04,Payment,ATM,9,48,0,2,0,1
47619.73,Refund,Shopping,9,75,0,4,0,1
5967.63,Deposit,Shopping,23,92,1,3,0,0
44082.16,Payment,Travel,23,24,1,2,0,0
6282.78,Purchase,Travel,5,85,0,5,1,0
38315.23,Transfer,Electronics,13,30,1,0,1,0
3271.34,Payment,Healthcare,22,18,0,0,0,0
36165.91,Deposit,ATM,9,1,1,4,0,0
30518.26,Payment,Utility,23,72,0,0,0,0
82090.82,Refund,Electronics,11,99,0,5,0,1
49700.44,Refund,Utility,16,37,0,2,0,1
76415.83,Purchase,Shopping,16,60,1,4,0,1
73434.83,Payment,ATM,18,21,0,4,0,1
66495.97,Refund,Grocery,20,9,1,4,0,1
18355.6,Payment,Restaurant,7,2,1,3,0,0
52776.86,Transfer,ATM,5,99,1,1,1,1
46738.96,Payment,Utility,8,14,1,2,0,0
64947.46,Transfer,Entertainment,23,49,1,4,0,1
5754.07,Payment,Healthcare,7,51,0,5,0,0
4344.93,Payment,Shopping,11,76,1,1,0,0
32903.56,Payment,Electronics,13,67,1,2,1,0
10479.95,Transfer,Entertainment,20,32,1,5,0,0
41648.22,Purchase,Grocery,3,11,0,1,0,1
48674.96,Refund,Electronics,8,10,0,0,0,1
34162.97,Payment,Healthcare,14,34,0,2,1,0
11247.27,Purchase,ATM,8,17,0,4,0,0
46128.4,Purchase,Fuel,8,42,0,2,1,1
26972.01,Payment,Grocery,18,24,1,4,0,0
16543.25,Deposit,Restaurant,13,89,1,1,0,0
37508.9,Deposit,Healthcare,21,60,0,1,1,0
36432.66,Purchase,Travel,21,38,1,3,1,0
9032.59,Withdrawal,Grocery,15,100,0,4,1,0
82249.71,Withdrawal,Electronics,23,67,1,0,1,1
32981.38,Transfer,Healthcare,11,30,1,2,0,0
57532.61,Refund,Grocery,22,26,1,3,0,1
39575.38,Withdrawal,Utility,16,26,1,5,0,0
48476.93,Refund,Healthcare,19,38,0,5,0,1
38015.57,Transfer,Utility,10,11,1,1,1,0
15022.71,Withdrawal,Entertainment,20,3,1,0,0,0
35685.06,Refund,Fuel,0,88,0,0,0,0
37589.37,Refund,Grocery,13,82,1,5,0,0
9039.18,Payment,Travel,20,41,0,0,0,0
12367.41,Withdrawal,Electronics,4,66,0,3,0,0
13735.95,Transfer,Shopping,6,100,0,5,0,0
4377.1,Payment,Fuel,7,40,1,1,0,0
32562.42,Payment,Grocery,16,28,0,2,0,0
7701.55,Deposit,Fuel,21,22,0,5,0,0
4956.86,Refund,Healthcare,13,97,1,0,1,0
14469.25,Refund,Electronics,16,52,0,1,0,0
20749.91,Withdrawal,Utility,22,41,0,0,0,0
1770.43,Transfer,Healthcare,8,58,0,1,1,0
10001.46,Purchase,Healthcare,16,79,1,2,0,0
13180.86,Withdrawal,Travel,19,88,1,1,0,0
57097.22,Transfer,Shopping,11,83,0,4,0,1
49860.74,Withdrawal,Fuel,23,7,0,3,0,1
79220.42,Withdrawal,Grocery,20,59,1,1,1,1
43658.87,Refund,Travel,18,67,1,3,0,1
30142.24,Transfer,Utility,7,29,0,2,0,0
64656.85,Payment,ATM,1,24,0,4,0,1
27853.74,Deposit,Healthcare,21,59,1,0,0,0
9369.21,Deposit,Shopping,3,20,0,3,1,0
15804.7,Refund,Grocery,18,79,1,1,0,0
53887.62,Withdrawal,Utility,10,55,0,3,0,1
20043.33,Payment,Grocery,2,15,1,2,0,0
6801.69,Payment,Utility,14,38,1,1,0,0
47150.85,Payment,Utility,22,39,1,2,0,0
31210.03,Payment,Electronics,22,52,1,5,1,0
59050.56,Deposit,Shopping,1,31,0,1,0,1
7327.47,Deposit,Grocery,0,72,0,1,0,0
81402.56,Refund,Utility,3,100,1,5,0,1
11503.4,Refund,Restaurant,1,100,0,4,0,0
6649.01,Transfer,Healthcare,6,14,0,3,0,0
76579.58,Deposit,ATM,11,89,0,2,0,1
38564.42,Refund,ATM,14,30,0,5,0,0
52964.57,Withdrawal,Utility,16,5,0,4,0,1
25231.02,Refund,Shopping,12,27,0,5,0,0
46125.94,Purchase,Healthcare,13,59,1,1,0,0
32765.06,Refund,Electronics,12,75,0,4,0,0
50819.45,Payment,Grocery,14,84,1,5,1,1
5003.19,Transfer,Healthcare,18,9,0,4,0,0
19443.47,Purchase,Travel,8,86,0,3,0,0
31573.18,Payment,Restaurant,0,95,0,4,0,0
7960.38,Withdrawal,Travel,16,39,0,1,0,0
41266.03,Deposit,Utility,5,63,1,1,0,0
51930.35,Withdrawal,Utility,23,86,0,1,0,1
32574.17,Withdrawal,Healthcare,2,94,1,3,0,0
7997.95,Payment,Utility,14,97,1,4,1,0
21217.04,Payment,Utility,3,84,1,3,0,0
17257.63,Deposit,Healthcare,12,94,1,5,1,0
67038.43,Purchase,ATM,12,69,0,2,1,1
53686.54,Payment,Healthcare,12,21,0,4,0,1
5214.93,Purchase,Travel,7,97,0,4,0,0
82633.69,Purchase,Grocery,1,62,1,4,0,1
86019.93,Withdrawal,Entertainment,6,62,1,0,1,1
13929.89,Withdrawal,Travel,1,94,0,4,0,0
76210.9,Deposit,Fuel,5,61,1,5,0,1
42569.62,Deposit,Healthcare,9,62,0,3,1,1
18777.48,Transfer,Healthcare,14,87,1,0,1,0
7627.49,Payment,Entertainment,17,50,1,4,0,0
11545.19,Purchase,Entertainment,3,28,1,3,0,0
68300.54,Payment,Electronics,17,17,1,5,0,1
10653.13,Payment,ATM,0,77,0,1,0,0
21983.88,Purchase,Fuel,12,28,1,5,0,0
42592.0,Payment,Electronics,1,23,1,1,0,0
7918.92,Deposit,Electronics,19,26,0,2,1,0
86076.88,Refund,Healthcare,9,30,1,5,0,1
3596.37,Transfer,Grocery,23,13,0,2,0,0
30069.87,Transfer,Restaurant,5,6,0,4,0,0
39545.26,Deposit,Electronics,4,38,1,4,1,0
29462.63,Payment,Utility,16,27,0,1,0,0
4914.23,Refund,Healthcare,1,79,0,3,0,0
18254.15,Payment,Entertainment,21,69,1,4,0,0
33441.13,Deposit,Electronics,22,77,1,3,0,0
59514.28,Transfer,Electronics,19,20,0,4,0,1
2448.54,Transfer,Restaurant,16,44,0,4,0,0
84558.32,Payment,Shopping,9,97,1,5,0,1
9959.03,Purchase,Utility,11,23,1,5,1,0
56182.31,Transfer,Utility,23,85,1,0,0,1
22431.84,Deposit,Electronics,21,21,0,3,0,0
27230.69,Transfer,ATM,11,41,0,1,0,0
72843.04,Transfer,Shopping,4,43,1,3,1,1
69456.31,Payment,Utility,16,25,0,3,0,1
880.1,Payment,Entertainment,5,52,1,4,0,0
10272.7,Deposit,ATM,1,59,0,3,0,0
13128.54,Deposit,Electronics,15,50,1,4,0,0
1620.18,Purchase,Healthcare,20,86,1,2,0,0
1257.84,Deposit,Fuel,19,11,1,3,0,0
34280.89,Transfer,Shopping,8,72,1,0,0,0
8176.28,Withdrawal,Shopping,7,42,1,0,0,0
46419.01,Refund,Restaurant,11,9,0,5,1,1
21072.1,Refund,Entertainment,6,54,0,4,0,0
13808.7,Transfer,Entertainment,1,61,0,5,0,0
9713.94,Deposit,Electronics,15,48,0,0,1,0
12138.81,Purchase,Grocery,17,87,1,2,1,0
25367.93,Deposit,Electronics,8,58,1,0,0,0
30387.54,Purchase,Shopping,17,92,1,2,0,0
25608.71,Transfer,Restaurant,15,76,1,4,0,0
6382.78,Payment,Shopping,20,6,1,2,0,0
53131.11,Refund,Shopping,17,58,1,5,0,1
27736.51,Payment,Utility,16,98,1,2,0,0
67838.29,Payment,Utility,0,51,0,4,0,1
55737.24,Withdrawal,Healthcare,17,48,1,2,0,0
25604.68,Payment,Travel,9,11,0,5,0,0
49018.03,Withdrawal,Utility,14,7,0,5,0,1
89419.03,Withdrawal,Entertainment,12,97,0,4,0,1
14365.81,Refund,Fuel,0,6,1,2,1,0
2440.33,Purchase,Entertainment,23,98,1,5,1,0
29142.69,Deposit,Entertainment,20,40,0,1,0,0
13681.47,Transfer,Shopping,6,66,0,5,0,0
30721.83,Purchase,Healthcare,18,32,0,2,0,0
56455.41,Refund,Fuel,16,81,0,5,0,1
54975.3,Payment,Entertainment,10,27,1,3,1,1
107.21,Purchase,ATM,0,3,0,4,0,0
50959.94,Purchase,Restaurant,5,96,1,3,1,1
23549.64,Deposit,Shopping,12,33,1,5,0,0
8948.32,Withdrawal,Utility,22,63,1,2,0,0
81584.31,Deposit,ATM,9,98,0,2,0,1
19729.04,Refund,Electronics,11,26,1,1,1,0
57988.32,Refund,Fuel,15,10,1,3,1,1
75696.91,Refund,Restaurant,6,68,0,0,0,1
1281.75,Purchase,Utility,14,97,1,2,1,0
29293.41,Withdrawal,Healthcare,17,49,1,4,0,0
83555.73,Transfer,Grocery,14,71,0,0,0,1
6273.07,Deposit,Restaurant,8,77,1,3,0,0
27206.68,Payment,Healthcare,2,82,0,5,0,0
70996.3,Purchase,Healthcare,3,49,1,4,1,1
68812.7,Withdrawal,Restaurant,19,92,1,5,0,1
22045.69,Purchase,Fuel,16,38,1,1,0,0
15826.6,Transfer,Grocery,2,19,0,5,0,0
11560.1,Deposit,ATM,22,76,1,1,0,0
21951.35,Transfer,ATM,11,31,0,0,1,0
40710.63,Refund,Utility,1,44,1,2,0,0
370.97,Refund,ATM,3,34,1,1,0,0
4462.58,Purchase,Restaurant,16,70,1,0,1,0
84515.98,Deposit,Entertainment,0,37,0,0,0,1
21284.96,Purchase,Healthcare,13,70,1,4,1,0
18891.61,Purchase,Grocery,1,68,1,4,1,0
72779.89,Withdrawal,Travel,21,43,1,5,1,1
1159.44,Deposit,Travel,8,37,0,3,0,0
41909.73,Payment,Utility,6,77,0,4,0,1
51377.38,Payment,ATM,1,60,0,3,0,1
5049.02,Withdrawal,Travel,16,100,0,4,0,0
2485.36,Transfer,Fuel,1,39,1,3,0,0
27782.64,Refund,Restaurant,22,1,1,3,0,0
27656.81,Withdrawal,Fuel,11,44,0,4,0,0
50737.37,Deposit,Healthcare,6,72,0,1,1,1
54094.68,Purchase,Entertainment,6,39,0,3,0,1
29016.49,Withdrawal,Grocery,2,34,1,2,1,0
59191.56,Purchase,Restaurant,16,8,1,5,0,1
86903.64,Withdrawal,Grocery,6,75,1,0,0,1
35076.31,Transfer,Healthcare,6,28,0,2,0,0
68805.98,Purchase,ATM,18,31,1,0,1,1
31332.95,Payment,Entertainment,16,38,1,2,0,0
23469.94,Transfer,Fuel,5,45,0,3,1,0
58137.03,Transfer,Utility,10,47,1,2,0,0
36219.86,Refund,Fuel,15,64,1,0,0,0
36626.22,Withdrawal,Travel,4,91,1,3,0,0
36825.49,Withdrawal,Fuel,5,12,1,3,0,0
4635.31,Transfer,Fuel,6,66,0,2,1,0
27446.83,Transfer,Fuel,23,3,0,5,0,0
3138.31,Payment,Utility,19,29,0,1,0,0
45288.91,Refund,Restaurant,16,50,0,3,0,1
12086.1,Payment,Travel,20,45,0,1,1,0
52409.37,Transfer,Utility,14,84,1,1,0,1
81478.1,Payment,Travel,17,46,0,3,1,1
13223.66,Payment,ATM,18,9,1,5,1,0
75438.19,Purchase,Restaurant,22,63,1,4,0,1
24647.12,Deposit,Healthcare,20,17,0,3,1,0
4806.53,Refund,Grocery,14,41,0,2,1,0
55857.24,Deposit,Travel,11,47,0,0,1,1
69966.42,Deposit,Shopping,3,72,1,4,1,1
85674.37,Refund,Grocery,2,63,0,5,1,1
21431.78,Purchase,Fuel,13,65,0,5,0,0
3009.03,Payment,Fuel,20,34,0,0,1,0
20663.47,Deposit,Electronics,3,52,1,3,0,0
36317.74,Withdrawal,Travel,4,52,0,5,0,0
76782.35,Transfer,Utility,2,75,0,5,0,1
37444.8,Purchase,Utility,7,17,1,3,0,0
30572.02,Withdrawal,Electronics,5,31,0,1,0,0
26627.23,Refund,Grocery,10,53,1,1,0,0
48201.3,Purchase,Grocery,20,84,1,3,0,1
34024.67,Deposit,Entertainment,23,59,0,5,0,0
18124.51,Payment,Shopping,6,45,0,5,0,0
13418.53,Transfer,Travel,19,25,0,4,0,0
11666.2,Purchase,Fuel,11,38,1,0,1,0
83439.84,Purchase,Restaurant,11,84,0,2,0,1
37833.25,Transfer,Utility,3,84,1,5,0,0
17805.14,Transfer,Restaurant,13,71,0,1,0,0
46884.52,Transfer,Restaurant,19,37,0,3,0,1
19822.48,Payment,Shopping,8,94,1,5,0,0
58768.18,Transfer,Grocery,5,17,0,3,1,1
20211.34,Refund,Grocery,13,97,1,3,0,0
21117.69,Payment,ATM,6,97,1,2,0,0
38476.63,Purchase,ATM,1,52,1,3,0,0
82544.45,Purchase,Grocery,17,25,0,3,0,1
26717.29,Payment,Electronics,0,88,1,1,0,0
20322.98,Deposit,Travel,8,24,0,3,0,0
31260.04,Deposit,Healthcare,18,59,0,2,1,0
1673.3,Refund,Restaurant,5,21,1,1,0,0
11628.46,Withdrawal,Utility,14,34,1,5,0,0
20436.01,Refund,Healthcare,15,15,0,3,0,0
47336.82,Payment,Utility,23,43,0,1,0,1
831.39,Deposit,Fuel,23,6,0,5,0,0
13642.99,Withdrawal,Restaurant,21,36,0,0,0,0
21598.84,Refund,Utility,20,27,1,2,0,0
14469.02,Purchase,Grocery,4,13,1,5,1,0
24485.18,Withdrawal,Entertainment,12,54,1,5,0,0
36384.77,Transfer,Shopping,12,94,1,4,0,0
17696.04,Payment,Shopping,22,42,0,1,0,0
29930.24,Transfer,Travel,7,90,0,4,1,0
5415.6,Withdrawal,Utility,10,75,1,1,0,0
57022.13,Deposit,Shopping,16,85,1,0,1,1
15649.47,Transfer,Fuel,16,5,0,0,0,0
27432.7,Purchase,Entertainment,16,23,1,4,1,0
53042.22,Transfer,Healthcare,21,74,0,0,0,1
5828.54,Payment,Travel,20,35,1,3,0,0
27535.6,Withdrawal,Entertainment,15,88,1,4,0,0
24852.45,Withdrawal,Travel,3,26,0,2,0,0
6604.8,Refund,Restaurant,7,39,1,3,0,0
29267.62,Deposit,Shopping,4,20,0,0,0,0
52549.78,Purchase,Travel,18,55,1,3,0,1
5947.56,Refund,Shopping,21,28,0,2,0,0
22360.42,Payment,Utility,18,50,0,4,0,0
74602.5,Withdrawal,ATM,3,37,0,3,0,1
68160.7,Refund,Grocery,16,29,0,5,0,1
50041.58,Payment,Healthcare,8,100,1,4,1,1
58542.3,Withdrawal,Fuel,0,59,0,4,0,1
30310.45,Purchase,Shopping,4,51,1,5,0,0
16161.14,Payment,Grocery,22,15,1,1,1,0
69039.31,Purchase,Travel,8,10,0,4,0,1
4885.84,Transfer,Electronics,3,62,1,1,1,0
5004.46,Withdrawal,Fuel,14,40,0,2,0,0
39019.97,Withdrawal,Fuel,16,88,1,4,0,0
48929.56,Purchase,Shopping,3,7,0,2,1,1
15387.55,Refund,Electronics,1,4,1,5,0,0
84235.08,Purchase,Electronics,4,70,1,2,1,1
26303.46,Purchase,Travel,1,66,0,0,1,0
49546.54,Purchase,Healthcare,21,100,0,5,0,1
9067.7,Withdrawal,Travel,8,86,0,3,0,0
66835.38,Deposit,Shopping,5,29,1,4,0,1
4644.26,Refund,Electronics,17,92,1,2,0,0
2192.47,Withdrawal,Electronics,4,31,1,4,1,0
8677.5,Refund,Restaurant,15,6,1,1,1,0
6742.03,Transfer,Fuel,12,35,0,3,0,0
82683.84,Refund,Shopping,15,8,1,3,0,1
57837.56,Refund,Healthcare,15,94,1,2,1,1
22583.2,Purchase,ATM,13,33,1,0,0,0
7430.69,Refund,Healthcare,16,32,1,3,0,0
31650.29,Payment,Shopping,10,71,1,3,1,0
45996.46,Transfer,Restaurant,23,18,1,4,1,1
7640.7,Refund,Restaurant,1,30,1,0,0,0
43311.3,Deposit,Grocery,7,70,1,0,0,0
27020.24,Deposit,Healthcare,4,95,0,3,0,0
4459.43,Refund,Grocery,21,28,1,0,1,0
57366.19,Payment,Travel,17,70,0,3,0,1
19661.88,Deposit,Fuel,1,33,1,2,0,0
23505.67,Transfer,Entertainment,12,29,1,5,0,0
47797.17,Deposit,Shopping,21,97,0,1,0,1
13931.4,Withdrawal,Restaurant,1,37,0,0,0,0
33812.58,Refund,ATM,17,24,0,2,1,0
13981.76,Deposit,Restaurant,15,93,0,0,0,0
37825.15,Transfer,Utility,22,73,0,5,1,0
35420.39,Deposit,Travel,19,1,0,1,0,0
14138.89,Deposit,ATM,4,80,0,0,0,0
85001.08,Payment,Grocery,23,37,1,3,0,1
36278.61,Purchase,Utility,22,38,0,0,0,0
37430.12,Refund,Fuel,6,53,1,5,0,0
32974.08,Refund,Fuel,13,72,0,0,0,0
49852.7,Deposit,Grocery,22,88,0,1,0,1
4302.48,Deposit,Utility,23,99,0,5,1,0
53124.54,Deposit,Grocery,9,64,1,0,0,0
30356.92,Payment,Electronics,21,93,1,4,0,0
47945.02,Deposit,Electronics,0,51,1,5,0,1
86018.84,Refund,Fuel,5,31,0,5,1,1
75594.87,Transfer,Shopping,18,27,0,0,0,1
13857.46,Refund,Shopping,22,10,0,3,0,0
31178.06,Deposit,Fuel,20,87,1,2,1,0
452.37,Purchase,Electronics,19,98,1,2,0,0
20423.45,Refund,Restaurant,9,98,1,2,0,0
30120.04,Payment,Healthcare,4,35,1,0,1,0
12987.16,Refund,Healthcare,15,96,1,0,0,0
36219.19,Withdrawal,Shopping,21,82,0,0,0,0
38509.98,Transfer,Utility,2,77,0,0,0,0
78635.12,Deposit,ATM,14,99,0,1,0,1
12280.63,Withdrawal,Healthcare,4,45,0,2,1,0
56758.59,Purchase,Entertainment,5,55,1,2,0,0
64706.56,Payment,Utility,13,87,1,0,1,1
80689.21,Withdrawal,ATM,13,17,0,2,0,1
43371.89,Refund,Electronics,1,12,1,0,0,0
23275.53,Refund,Fuel,11,76,0,1,0,0
19267.04,Purchase,Electronics,15,53,0,2,0,0
56504.18,Withdrawal,Shopping,16,4,0,2,1,1
38628.51,Transfer,Entertainment,18,4,1,0,0,0
54870.64,Refund,Travel,21,12,1,5,0,1
19954.64,Transfer,Utility,6,3,1,4,1,0
17804.07,Withdrawal,Entertainment,7,21,0,5,0,0
51715.81,Withdrawal,Restaurant,21,25,1,4,0,1
14398.55,Withdrawal,Utility,23,62,0,0,0,0
26254.79,Withdrawal,Travel,17,18,0,2,0,0
53643.42,Payment,Healthcare,21,11,1,3,0,1
5834.5,Refund,Restaurant,5,65,1,0,0,0
35135.52,Purchase,Healthcare,7,44,1,1,0,0
27211.37,Purchase,Shopping,18,20,1,2,0,0
3481.64,Transfer,Entertainment,20,38,0,1,0,0
30102.83,Purchase,Restaurant,1,86,1,4,0,0
7613.35,Transfer,Shopping,11,31,1,0,1,0
36773.97,Withdrawal,Travel,17,85,0,5,0,0
4125.94,Refund,Healthcare,7,57,0,1,0,0
20242.14,Refund,Restaurant,22,68,1,5,0,0
38345.47,Refund,Travel,21,8,0,1,0,0
27049.66,Purchase,Travel,6,70,1,3,0,0
4653.36,Transfer,Electronics,6,24,1,3,0,0
37802.55,Withdrawal,Travel,19,13,1,3,0,0
35417.56,Purchase,Electronics,23,34,0,5,1,0
47314.02,Refund,Restaurant,8,3,0,3,1,1
33740.45,Deposit,Entertainment,20,8,0,5,0,0
12254.45,Deposit,Restaurant,3,57,0,2,1,0
51836.03,Purchase,Travel,11,29,0,4,1,1
15396.9,Transfer,Fuel,17,49,0,1,0,0
29691.41,Purchase,Grocery,1,18,1,4,0,0
38378.66,Deposit,Travel,17,11,0,2,0,0
22381.31,Withdrawal,Fuel,17,61,1,0,1,0
20850.05,Deposit,Utility,22,67,1,1,0,0
10956.67,Deposit,Shopping,21,5,0,3,0,0
43344.73,Deposit,Healthcare,18,18,1,0,1,1
29146.65,Deposit,Healthcare,9,63,1,5,0,0
442.9,Refund,Entertainment,19,96,0,4,0,0
48793.05,Transfer,Electronics,11,95,1,0,0,1
33359.8,Withdrawal,Restaurant,0,38,0,2,0,0
31038.28,Transfer,ATM,17,66,0,5,1,0
58482.14,Transfer,Healthcare,7,31,1,1,0,0
3134.04,Deposit,Grocery,4,78,0,1,0,0
38609.25,Purchase,Grocery,7,78,0,0,0,0
10176.22,Purchase,Utility,11,48,1,4,1,0
14133.21,Payment,Restaurant,8,65,1,5,0,0
58350.27,Purchase,Travel,6,39,1,5,1,1
87639.25,Purchase,Shopping,4,30,0,4,0,1
47495.87,Deposit,Electronics,18,42,0,3,0,1
17723.66,Payment,Electronics,9,49,0,2,0,0
10715.09,Refund,Healthcare,13,67,1,1,1,0
28939.15,Withdrawal,Fuel,6,68,0,1,0,0
1801.89,Transfer,ATM,8,31,0,3,0,0
15812.18,Payment,Travel,10,71,1,4,0,0
30512.91,Refund,Grocery,5,31,0,0,0,0
15264.14,Refund,Travel,20,36,0,2,0,0
29335.68,Deposit,Shopping,16,91,0,3,0,0
29891.45,Transfer,ATM,1,76,1,5,0,0
79183.65,Purchase,Shopping,20,100,0,5,0,1
14018.5,Payment,Fuel,2,93,1,3,0,0
10209.55,Transfer,Healthcare,14,25,0,3,0,0
37858.57,Transfer,Travel,11,97,1,1,0,0
39882.82,Purchase,Healthcare,3,83,1,3,1,0
8726.92,Refund,Grocery,23,58,1,4,0,0
31993.78,Deposit,Restaurant,19,55,1,2,0,0
30798.72,Transfer,Electronics,20,34,0,4,0,0
24748.2,Withdrawal,Utility,8,41,1,2,0,0
52253.66,Refund,ATM,4,48,0,3,1,1
29777.69,Payment,Restaurant,13,37,0,2,0,0
3696.74,Withdrawal,Electronics,9,51,0,0,1,0
10385.66,Purchase,ATM,10,68,0,0,0,0
10709.4,Refund,Entertainment,6,20,0,0,0,0
36231.24,Transfer,Travel,15,37,1,2,0,0
24062.92,Payment,Entertainment,15,30,1,1,0,0
48303.1,Refund,Restaurant,9,6,0,4,1,1
16849.84,Refund,Restaurant,21,75,0,2,1,0
48038.58,Refund,Restaurant,11,29,1,3,0,1
50729.09,Transfer,Fuel,22,54,0,3,1,1
3784.6,Refund,ATM,20,21,1,5,1,0
26412.48,Withdrawal,Entertainment,2,75,0,3,1,0
81510.24,Withdrawal,Fuel,3,90,1,5,1,1
20563.73,Transfer,Healthcare,15,62,0,0,0,0
62945.18,Withdrawal,Utility,23,50,1,4,0,1
2411.7,Transfer,Restaurant,18,53,0,3,0,0
38408.86,Payment,ATM,16,23,0,5,0,0
61424.39,Deposit,Shopping,18,10,1,4,1,1
33291.93,Payment,Restaurant,19,24,0,0,1,0
19768.67,Purchase,Entertainment,4,50,1,3,0,0
18075.83,Deposit,Electronics,1,46,1,1,0,0
26956.12,Payment,Shopping,10,1,0,4,0,0
89749.46,Deposit,Healthcare,14,97,0,4,0,1
32723.03,Deposit,Electronics,12,53,0,5,0,0
82248.05,Refund,Fuel,18,51,1,1,1,1
28559.19,Withdrawal,ATM,12,50,0,2,0,0
15484.33,Payment,Grocery,0,58,1,2,0,0
49397.6,Deposit,Shopping,8,15,0,4,0,1
35874.88,Payment,Travel,4,70,0,0,1,0
22483.19,Payment,Utility,20,75,1,0,0,0
33180.89,Deposit,Electronics,13,55,1,0,0,0
62457.12,Purchase,Fuel,17,4,0,1,0,1
33735.26,Purchase,Entertainment,10,12,1,5,0,0
17992.55,Payment,Entertainment,5,52,1,3,0,0
11943.15,Withdrawal,Shopping,16,26,0,4,0,0
63234.95,Deposit,Shopping,8,4,0,1,1,1
10132.18,Transfer,ATM,17,47,1,3,0,0
1647.38,Withdrawal,Travel,18,71,1,0,1,0
26057.1,Transfer,Healthcare,14,20,0,4,0,0
72188.64,Payment,Travel,4,76,1,3,0,1
87496.49,Purchase,Entertainment,13,70,0,3,0,1
23047.64,Purchase,Electronics,14,73,1,3,1,0
38936.31,Deposit,Grocery,1,23,0,0,0,0
8276.05,Withdrawal,Entertainment,9,99,0,1,0,0
6175.79,Transfer,Travel,5,19,0,4,0,0
8957.36,Transfer,Travel,20,91,1,1,0,0
6444.08,Purchase,Fuel,11,34,0,4,0,0
19827.62,Withdrawal,ATM,12,43,1,2,0,0
63981.66,Transfer,Electronics,14,100,1,2,1,1
30722.97,Refund,Travel,0,77,0,3,0,0
58112.06,Refund,Utility,11,87,1,1,0,1
18034.04,Purchase,Healthcare,22,26,0,3,0,0
36022.85,Withdrawal,Shopping,16,47,1,3,0,0
13459.52,Refund,Grocery,13,77,0,4,0,0
29747.21,Payment,Electronics,1,34,1,4,0,0
32471.22,Deposit,Electronics,7,85,1,2,1,0
32381.19,Refund,Grocery,12,91,1,4,0,0
80448.66,Purchase,Restaurant,19,13,0,5,1,1
43163.53,Transfer,Restaurant,21,70,1,2,0,0
38519.08,Refund,ATM,10,28,1,1,1,0
12263.56,Purchase,Restaurant,18,96,1,5,1,0
9982.71,Refund,Grocery,0,33,0,2,0,0
7477.85,Deposit,Entertainment,23,88,1,5,0,0
75736.44,Purchase,Healthcare,4,27,0,0,0,1
66862.96,Payment,Travel,17,49,0,5,0,1
57719.79,Purchase,ATM,7,39,0,0,0,1
5166.77,Payment,Travel,15,29,0,5,0,0
55759.83,Deposit,Healthcare,3,43,1,0,1,1
34388.58,Withdrawal,Healthcare,7,20,0,5,1,0
16505.25,Withdrawal,Healthcare,15,90,1,0,1,0
2441.41,Withdrawal,Travel,20,92,0,5,0,0
29413.46,Transfer,Entertainment,16,35,0,3,0,0
7104.4,Transfer,Grocery,12,73,1,2,0,0
48257.38,Withdrawal,Entertainment,6,92,0,5,0,1
2785.07,Purchase,Shopping,20,97,0,1,0,0
1928.88,Withdrawal,Fuel,2,98,0,1,1,0
72873.8,Deposit,Travel,22,6,0,5,1,1
20165.19,Withdrawal,Grocery,13,18,1,1,0,0
32264.5,Withdrawal,ATM,11,15,1,5,0,0
7255.89,Transfer,Travel,17,50,1,4,0,0
32134.15,Purchase,Fuel,15,66,1,1,0,0
8084.63,Payment,Entertainment,11,93,1,5,0,0
6414.0,Purchase,Entertainment,19,45,1,1,0,0
20117.78,Deposit,ATM,10,28,0,3,0,0
48269.69,Payment,Utility,22,71,1,4,1,1
10196.22,Withdrawal,ATM,4,81,0,0,0,0
15284.96,Withdrawal,Shopping,20,86,1,5,0,0
2680.23,Refund,Entertainment,10,89,1,2,0,0
23280.59,Refund,Travel,10,34,1,4,0,0
37332.1,Purchase,Healthcare,7,75,1,4,0,0
47324.26,Refund,Healthcare,8,1,1,0,0,0
3003.36,Refund,Grocery,18,82,1,4,0,0
67444.58,Deposit,Fuel,3,73,0,1,0,1
9851.33,Purchase,Shopping,16,12,1,1,0,0
3730.54,Refund,Restaurant,6,26,1,3,1,0
32490.7,Withdrawal,ATM,15,75,0,2,0,0
22488.38,Purchase,Fuel,22,58,0,1,0,0
18299.41,Withdrawal,Fuel,22,46,1,5,0,0
5921.43,Purchase,Entertainment,5,63,1,1,0,0
18671.29,Deposit,Electronics,2,96,1,2,0,0
1195.97,Refund,Travel,0,19,1,3,0,0
6227.13,Deposit,Electronics,12,69,0,0,1,0
60068.53,Payment,Utility,21,75,1,1,0,1
58844.53,Purchase,Healthcare,20,51,0,3,0,1
55467.5,Withdrawal,Fuel,21,39,0,2,0,1
12079.08,Refund,Travel,13,91,0,5,0,0
36045.34,Purchase,Healthcare,10,47,0,0,0,0
25729.03,Transfer,Restaurant,2,21,1,4,1,0
23029.78,Payment,Travel,12,38,1,4,0,0
24446.13,Withdrawal,Fuel,1,73,1,4,0,0
56794.55,Transfer,Restaurant,2,75,0,5,1,1
28634.8,Purchase,Healthcare,12,15,1,0,0,0
5440.27,Withdrawal,ATM,4,35,1,3,0,0
14341.51,Deposit,Entertainment,8,21,1,0,0,0
75502.24,Transfer,Restaurant,19,53,1,5,0,1
51909.65,Payment,Restaurant,4,32,1,1,0,0
8380.47,Refund,Fuel,19,22,0,1,0,0
24311.49,Purchase,Entertainment,2,67,1,5,0,0
1716.69,Transfer,Entertainment,18,20,1,2,0,0
54396.37,Transfer,Entertainment,19,46,0,3,0,1
9452.99,Deposit,ATM,3,26,1,1,0,0
5093.87,Transfer,Shopping,1,24,1,3,0,0
3591.84,Payment,Healthcare,15,56,0,2,0,0
18974.56,Withdrawal,Healthcare,3,37,0,5,1,0
17884.03,Withdrawal,Entertainment,2,51,0,2,1,0
53600.71,Purchase,Grocery,14,21,1,3,1,1
57775.43,Purchase,Travel,22,28,0,1,1,1
43698.01,Payment,Entertainment,23,78,0,3,1,1
30646.17,Withdrawal,Healthcare,23,23,1,1,1,0
46245.96,Deposit,Electronics,5,69,1,5,1,1
9651.83,Purchase,Fuel,23,65,0,3,0,0
39557.42,Deposit,ATM,19,71,1,3,0,0
10732.73,Refund,Electronics,18,40,0,3,0,0
33585.75,Payment,Travel,12,12,0,2,0,0
31286.03,Payment,Restaurant,4,42,1,4,0,0
20910.12,Purchase,Entertainment,5,36,1,0,1,0
56827.61,Payment,ATM,6,81,1,2,0,1
79481.51,Transfer,Fuel,16,4,1,4,1,1
55772.93,Purchase,Electronics,13,75,1,1,0,1
40449.11,Payment,Fuel,15,4,1,2,0,0
83820.45,Purchase,Restaurant,15,70,1,3,0,1
32742.4,Transfer,Electronics,5,76,0,2,0,0
8363.03,Refund,Entertainment,7,91,1,4,0,0
44822.62,Purchase,Travel,1,8,1,2,0,0
33413.64,Purchase,Entertainment,20,49,1,0,0,0
12747.43,Purchase,ATM,10,73,0,5,0,0
56819.25,Deposit,Shopping,2,44,0,1,0,1
24202.38,Purchase,Fuel,3,14,1,4,1,0
15512.75,Deposit,Grocery,5,69,0,4,0,0
49967.52,Refund,ATM,12,45,1,5,0,1
55858.55,Transfer,Healthcare,21,97,0,3,0,1
17036.16,Withdrawal,Restaurant,12,50,1,2,0,0
25870.03,Deposit,Healthcare,7,7,0,2,0,0
26111.25,Payment,Shopping,23,100,1,2,1,0
53650.12,Purchase,Electronics,10,45,1,4,0,1
30732.35,Refund,Entertainment,9,86,0,2,1,0
83395.4,Payment,Entertainment,0,98,0,3,0,1
9051.02,Transfer,Utility,7,3,1,2,0,0
850.48,Refund,Utility,23,92,0,3,0,0
47727.31,Refund,ATM,13,80,1,3,0,1
11800.28,Purchase,Utility,9,48,1,2,0,0
40103.62,Refund,Entertainment,17,38,1,1,0,0
59912.96,Refund,Healthcare,3,39,1,3,0,1
71803.06,Deposit,Utility,6,71,0,2,1,1
11367.71,Payment,Fuel,16,11,1,3,0,0
13015.31,Purchase,Fuel,20,30,0,3,1,0
12447.95,Purchase,Entertainment,22,81,1,4,1,0
22052.05,Refund,Utility,12,67,1,5,1,0
21448.31,Payment,Healthcare,15,14,0,5,1,0
46355.77,Withdrawal,Healthcare,1,75,1,0,1,1
49280.3,Purchase,Electronics,15,41,1,1,0,0
53194.08,Purchase,Entertainment,1,20,0,0,0,1
89556.61,Withdrawal,Entertainment,19,54,1,3,0,1
70402.0,Deposit,Restaurant,6,23,0,3,0,1
45287.03,Refund,Fuel,9,25,1,4,0,1
27574.05,Purchase,Entertainment,15,72,1,1,1,0
52095.64,Transfer,Entertainment,18,12,1,5,1,1
17631.14,Refund,Restaurant,21,99,1,5,0,0
21136.58,Payment,Healthcare,12,4,1,5,0,0
32964.12,Purchase,Entertainment,20,89,1,2,0,0
63003.47,Withdrawal,Grocery,1,34,1,2,1,1
1204.28,Transfer,ATM,5,20,0,1,0,0
18416.89,Payment,Travel,23,87,1,5,1,0
12731.94,Purchase,Healthcare,8,18,0,0,0,0
86598.16,Transfer,Fuel,0,92,1,5,1,1
38556.95,Purchase,Healthcare,23,55,1,4,1,0
4926.16,Purchase,Shopping,3,63,1,1,0,0
23435.59,Payment,Utility,3,19,0,0,0,0
77479.8,Transfer,Shopping,7,51,1,4,0,1
47931.48,Payment,Entertainment,11,70,0,1,1,1
8448.52,Withdrawal,Fuel,1,70,1,0,0,0
56710.68,Withdrawal,Grocery,22,90,1,0,1,1
23851.94,Refund,Restaurant,9,68,0,5,0,0
59453.87,Deposit,Shopping,4,34,1,2,0,0
17178.66,Payment,ATM,22,39,0,2,0,0
53362.2,Purchase,Utility,11,49,1,3,0,1
692.4,Withdrawal,Fuel,7,75,0,4,0,0
8163.42,Deposit,ATM,15,50,0,0,0,0
9087.36,Purchase,Entertainment,10,65,0,4,1,0
83025.18,Deposit,Utility,21,5,1,5,0,1
37638.71,Refund,Restaurant,21,8,0,2,0,0
36084.48,Purchase,Entertainment,21,61,0,4,0,0
35184.17,Withdrawal,Grocery,8,17,0,0,0,0
63500.95,Transfer,Fuel,15,30,0,0,1,1
55439.45,Withdrawal,Fuel,8,14,0,4,1,1
81228.58,Deposit,Restaurant,16,40,0,0,0,1
15948.97,Refund,ATM,20,92,0,1,0,0
25984.18,Withdrawal,Healthcare,8,34,0,5,1,0
8143.2,Purchase,Travel,18,81,0,5,0,0
4045.32,Refund,Utility,12,90,1,4,1,0
17748.18,Withdrawal,Shopping,5,45,1,5,0,0
21068.03,Withdrawal,Electronics,3,91,1,1,0,0
33189.11,Deposit,Grocery,11,10,0,0,0,0
20474.22,Purchase,Utility,16,1,1,0,0,0
54381.99,Refund,Healthcare,14,26,0,2,0,1
34165.82,Deposit,Travel,14,8,0,3,0,0
43691.73,Transfer,ATM,5,41,1,0,1,1
42533.19,Payment,ATM,5,77,0,5,0,1
8689.39,Deposit,ATM,17,97,0,0,1,0
49155.82,Purchase,Restaurant,15,7,0,5,1,1
80359.47,Deposit,Utility,5,64,0,1,0,1
80321.14,Payment,Fuel,3,3,0,0,0,1
81344.66,Refund,Electronics,9,91,0,5,0,1
52537.84,Transfer,Electronics,10,32,0,5,0,1
8645.91,Purchase,Utility,7,11,0,4,1,0
12701.78,Refund,Shopping,15,23,1,3,0,0
46012.47,Deposit,Grocery,9,19,0,4,1,1
37035.62,Refund,Grocery,0,95,1,5,1,0
36418.63,Transfer,Fuel,22,59,1,5,0,0
11374.71,Payment,Shopping,11,20,1,1,0,0
37663.04,Refund,Travel,9,9,0,0,1,0
57653.83,Transfer,Healthcare,17,87,1,5,0,1
22443.0,Withdrawal,Restaurant,6,34,1,0,0,0
38040.93,Refund,Shopping,11,43,0,0,0,0
14679.22,Purchase,Utility,3,1,1,2,0,0
65185.48,Transfer,ATM,20,96,1,2,1,1
14247.18,Withdrawal,Travel,8,64,1,3,0,0
22177.69,Refund,Shopping,3,96,1,3,0,0
792.29,Withdrawal,Healthcare,15,68,0,5,0,0
15401.42,Deposit,Electronics,13,20,0,4,1,0
33631.85,Transfer,Entertainment,18,99,0,0,1,0
36991.29,Purchase,Travel,21,87,0,3,0,0
71967.8,Deposit,ATM,0,64,0,5,0,1
22885.7,Payment,Healthcare,18,24,0,5,0,0
46927.94,Payment,Electronics,19,2,0,3,0,1
7248.79,Transfer,Fuel,10,21,1,3,1,0
68807.15,Withdrawal,Grocery,12,92,1,3,0,1
72111.03,Transfer,Restaurant,10,69,0,1,0,1
54207.75,Deposit,Travel,3,31,0,1,0,1
11085.52,Deposit,ATM,11,35,0,1,0,0
37066.2,Payment,ATM,7,45,1,0,1,0
47821.38,Refund,Shopping,6,85,1,3,1,1
8588.84,Transfer,Restaurant,18,64,0,4,0,0
16983.36,Purchase,Entertainment,23,80,1,2,1,0
1207.85,Transfer,Travel,23,28,0,4,0,0
41654.64,Withdrawal,Healthcare,15,56,1,2,0,0
13084.66,Transfer,Grocery,13,51,1,1,0,0
4499.16,Refund,Restaurant,12,75,0,0,0,0
34106.37,Deposit,Shopping,15,23,0,5,0,0
48637.07,Deposit,Restaurant,23,3,0,0,0,1
47145.3,Deposit,Travel,14,22,0,4,1,1
40665.07,Refund,Entertainment,2,75,0,1,1,1
30772.69,Deposit,Entertainment,18,43,0,2,0,0
21315.5,Transfer,Grocery,9,83,1,3,0,0
55066.83,Withdrawal,Electronics,16,68,1,4,1,1
25400.55,Withdrawal,Shopping,10,46,1,1,0,0
29919.38,Deposit,Grocery,5,29,1,1,0,0
14947.83,Refund,Fuel,3,16,0,4,0,0
36664.92,Deposit,Travel,2,3,0,3,0,0
40097.53,Transfer,Shopping,2,34,1,5,1,1
27576.15,Payment,Fuel,7,28,0,4,0,0
11928.88,Deposit,Utility,12,66,1,5,0,0
15595.67,Deposit,Entertainment,8,42,0,4,0,0
13441.34,Withdrawal,Utility,6,32,0,0,0,0
57799.13,Purchase,Healthcare,14,13,1,5,1,1
38041.77,Deposit,Fuel,11,32,0,0,0,0
5477.27,Deposit,Electronics,18,37,0,0,0,0
32169.38,Refund,Travel,4,7,1,5,0,0
65276.26,Deposit,Healthcare,3,39,1,2,1,1
11788.64,Payment,Grocery,20,34,0,5,1,0
56823.37,Payment,Travel,2,33,0,2,0,1
23281.68,Deposit,Fuel,4,20,1,3,1,0
38821.54,Purchase,ATM,15,40,0,4,0,0
22190.67,Payment,Electronics,19,29,1,4,0,0
18718.47,Transfer,Electronics,17,48,1,0,0,0
23259.29,Refund,ATM,12,43,1,0,0,0
64278.94,Transfer,Healthcare,21,35,1,3,1,1
53043.46,Purchase,Fuel,7,38,0,0,0,1
29015.25,Purchase,Healthcare,0,81,0,2,0,0
8952.71,Withdrawal,ATM,22,35,0,0,0,0
13426.15,Purchase,Utility,4,100,0,0,0,0
61175.5,Withdrawal,Fuel,0,67,0,2,0,1
57616.59,Payment,Shopping,15,28,1,0,0,0
29632.08,Withdrawal,Restaurant,1,92,1,1,0,0
28034.46,Deposit,Restaurant,12,95,0,4,1,0
69008.06,Refund,Utility,16,76,1,1,0,1
16288.16,Withdrawal,Travel,10,82,1,0,0,0
7716.59,Transfer,Restaurant,13,7,1,1,1,0
56841.47,Transfer,Restaurant,0,70,1,4,1,1
34109.87,Purchase,Healthcare,9,95,0,2,0,0
47194.14,Deposit,Entertainment,18,25,0,3,0,1
34411.43,Transfer,Travel,0,68,0,3,0,0
53830.76,Refund,Healthcare,10,35,1,0,0,0
2850.29,Deposit,Fuel,19,50,1,1,1,0
56835.95,Transfer,Utility,13,93,0,4,0,1
61307.87,Transfer,Grocery,11,13,0,2,0,1
53132.74,Transfer,Utility,21,7,0,2,0,1
18018.92,Deposit,Restaurant,13,74,0,3,0,0
45165.59,Withdrawal,Electronics,3,4,1,2,0,0
23737.67,Refund,Grocery,20,81,1,3,0,0
24707.5,Withdrawal,Healthcare,20,75,0,0,1,0
59545.78,Payment,Restaurant,9,78,0,3,1,1
20252.09,Payment,Restaurant,23,74,0,2,0,0
36072.58,Transfer,Restaurant,13,24,0,1,0,0
50289.4,Deposit,Restaurant,2,90,0,5,0,1
53302.6,Purchase,Restaurant,17,63,1,1,0,0
33163.7,Payment,Utility,17,77,0,4,1,0
55863.38,Payment,Grocery,22,54,1,3,0,1
39863.6,Purchase,Entertainment,10,5,0,1,0,0
3362.48,Payment,Fuel,9,78,0,0,0,0
28759.38,Transfer,Restaurant,19,30,1,3,0,0
10758.37,Withdrawal,Shopping,9,32,1,1,1,0
31320.22,Transfer,Shopping,0,12,1,1,0,0
50412.26,Refund,Entertainment,4,3,0,1,0,1
29522.94,Deposit,ATM,4,49,1,0,0,0
3054.24,Refund,Travel,10,89,1,2,0,0
56144.31,Purchase,Shopping,2,91,1,5,1,1
28700.83,Payment,Fuel,9,40,0,3,1,0
30126.21,Deposit,Grocery,8,81,0,0,0,0
12253.54,Purchase,Fuel,20,51,1,4,0,0
8465.43,Transfer,ATM,15,34,1,3,0,0
29351.26,Withdrawal,Utility,10,96,0,0,1,0
62320.58,Refund,Electronics,0,47,0,3,0,1
37097.12,Withdrawal,Utility,6,33,0,2,0,0
54832.07,Purchase,Grocery,0,22,1,1,0,0
57694.56,Purchase,Fuel,14,60,1,0,1,1
17821.15,Withdrawal,Travel,21,75,1,3,1,0
10561.43,Purchase,Electronics,4,94,1,4,0,0
3392.53,Payment,Fuel,15,33,0,0,0,0
28844.8,Deposit,Healthcare,15,72,0,1,1,0
38006.66,Payment,Electronics,20,54,1,4,0,0
5287.73,Payment,Restaurant,22,68,0,3,0,0
11822.96,Transfer,Travel,0,76,1,1,0,0
42291.35,Purchase,ATM,16,62,0,1,0,1
17600.88,Refund,Shopping,11,96,0,3,0,0
56740.0,Payment,Restaurant,8,40,1,3,0,1
5076.08,Transfer,ATM,13,44,0,1,0,0
21132.02,Purchase,Travel,4,22,0,5,0,0
25596.06,Refund,Travel,17,69,0,1,0,0
14008.6,Deposit,Shopping,16,53,1,0,0,0
77403.89,Withdrawal,Travel,3,10,0,5,0,1
28231.76,Refund,Healthcare,11,58,0,1,0,0
28242.46,Refund,Electronics,1,12,0,1,0,0
16716.18,Payment,Restaurant,1,66,0,2,0,0
40869.12,Withdrawal,Utility,11,57,1,5,0,1
403.2,Transfer,Electronics,14,98,0,5,0,0
26977.98,Payment,Travel,22,34,1,3,0,0
55908.42,Purchase,Travel,23,73,0,3,1,1
51937.7,Transfer,Travel,20,87,0,3,0,1
56304.02,Withdrawal,Entertainment,1,15,1,0,0,0
56781.26,Withdrawal,Fuel,21,17,1,2,0,0
47574.27,Refund,Entertainment,22,41,0,3,0,1
1771.18,Purchase,Shopping,21,2,1,2,0,0
89234.06,Transfer,Restaurant,16,95,0,5,0,1
71596.64,Payment,ATM,12,89,0,5,0,1
6407.4,Refund,Entertainment,10,95,0,1,0,0
20076.25,Payment,Grocery,21,67,1,4,0,0
25474.02,Transfer,ATM,21,16,1,3,0,0
59843.61,Transfer,Entertainment,15,7,1,3,1,1
8842.64,Deposit,Entertainment,17,23,0,1,0,0
86396.28,Refund,Travel,14,79,1,0,0,1
5457.61,Deposit,Electronics,21,48,0,3,0,0
59052.06,Refund,Shopping,20,12,0,3,1,1
36927.26,Refund,Grocery,17,100,1,0,0,0
59240.82,Payment,Entertainment,14,48,1,5,0,1
70208.21,Purchase,Fuel,6,13,0,5,0,1
57941.63,Refund,Entertainment,18,80,1,3,0,1
25403.65,Deposit,ATM,11,60,0,0,0,0
53083.22,Transfer,Travel,2,81,0,1,0,1
2750.01,Withdrawal,Restaurant,16,98,1,4,0,0
16569.56,Refund,Electronics,9,94,1,3,0,0
9122.22,Refund,Entertainment,22,24,1,1,0,0
51451.94,Refund,Travel,6,57,1,1,0,0
7852.0,Deposit,ATM,17,47,0,1,1,0
52845.99,Withdrawal,Grocery,13,51,1,2,0,0
14506.3,Deposit,Grocery,11,74,1,1,0,0
56896.08,Transfer,Restaurant,15,100,1,2,0,1
33863.74,Refund,Restaurant,0,92,1,4,0,0
29338.01,Refund,Electronics,14,7,1,4,1,0
25799.07,Refund,Healthcare,4,58,0,4,0,0
45332.33,Withdrawal,Utility,22,79,0,0,0,1
33793.88,Deposit,Shopping,17,72,0,1,1,0
19028.71,Payment,Grocery,17,57,1,0,0,0
5327.4,Withdrawal,Healthcare,21,23,1,2,0,0
53729.96,Withdrawal,ATM,18,28,0,0,0,1
56858.19,Payment,Healthcare,1,5,0,5,0,1
79937.13,Payment,Grocery,18,66,0,0,0,1
52888.64,Withdrawal,Grocery,14,14,1,4,0,1
81418.0,Deposit,Healthcare,11,4,0,3,0,1
16880.51,Payment,Shopping,11,71,0,4,1,0
10326.43,Refund,Healthcare,13,84,1,2,0,0
18235.88,Withdrawal,Shopping,12,33,0,2,0,0
23271.96,Transfer,Utility,2,90,1,2,0,0
54746.88,Refund,Shopping,9,7,1,3,0,1
42260.94,Purchase,Entertainment,21,5,0,1,0,1
23893.74,Refund,Electronics,3,89,1,0,1,0
24581.34,Deposit,Electronics,0,75,1,4,0,0
62085.59,Withdrawal,Electronics,12,72,1,3,0,1
12940.15,Purchase,Healthcare,2,5,0,2,0,0
47862.81,Refund,Travel,23,39,0,5,0,1
79514.35,Deposit,Entertainment,9,19,1,5,0,1
2321.16,Payment,Fuel,15,87,0,0,1,0
26630.5,Purchase,Healthcare,8,50,0,0,0,0
76424.75,Transfer,Travel,15,10,0,5,1,1
1581.72,Deposit,Electronics,8,19,0,0,0,0
82164.84,Deposit,Shopping,2,30,1,5,1,1
10459.42,Purchase,Utility,1,25,0,4,0,0
3499.77,Purchase,Restaurant,23,34,0,2,1,0
18942.4,Deposit,Healthcare,21,86,0,1,0,0
16882.25,Payment,Electronics,13,93,1,0,0,0
13403.38,Refund,ATM,11,21,1,0,0,0
36250.68,Transfer,Travel,13,40,1,3,0,0
23201.22,Purchase,Shopping,1,12,0,5,0,0
35897.31,Withdrawal,Travel,15,46,1,4,0,0
39629.22,Transfer,Entertainment,14,46,1,2,1,0
13262.47,Payment,Entertainment,12,57,1,4,0,0
10045.28,Deposit,Shopping,3,51,1,0,0,0
12056.15,Withdrawal,Fuel,3,55,1,5,0,0
24006.6,Withdrawal,Healthcare,23,37,0,0,0,0
67599.39,Purchase,Grocery,9,74,0,2,0,1
24079.33,Refund,Shopping,6,55,1,0,0,0
28928.35,Purchase,Travel,19,86,0,4,0,0
27583.77,Transfer,Restaurant,19,59,0,0,0,0
29926.49,Refund,Restaurant,8,12,0,4,0,0
54426.79,Purchase,ATM,10,8,0,2,0,1
41336.74,Payment,Healthcare,1,17,1,1,0,0
80643.73,Purchase,Shopping,10,75,1,0,0,1
34273.76,Deposit,Electronics,11,44,1,4,0,0
23546.18,Withdrawal,Healthcare,2,78,1,0,1,0
6639.57,Transfer,Restaurant,12,6,0,4,0,0
9154.01,Payment,Grocery,6,17,0,5,0,0
16124.17,Transfer,Restaurant,17,26,1,0,0,0
20342.08,Deposit,ATM,3,61,0,0,1,0
33226.93,Transfer,Shopping,3,9,0,2,1,0
967.55,Withdrawal,Entertainment,3,16,1,1,1,0
51903.25,Purchase,Travel,6,70,1,2,0,0
5371.6,Transfer,Travel,20,75,1,3,0,0
18687.51,Deposit,Electronics,4,16,0,0,0,0
57604.95,Transfer,Entertainment,12,90,1,1,0,1
79337.77,Payment,Fuel,2,43,0,4,0,1
660.3,Purchase,Electronics,9,54,0,5,0,0
22399.29,Deposit,Shopping,8,77,1,2,1,0
30991.62,Refund,Restaurant,13,8,0,3,0,0
57134.96,Withdrawal,Restaurant,11,31,0,5,0,1
60742.64,Transfer,Electronics,14,45,0,4,0,1
30425.29,Transfer,Shopping,4,44,1,2,0,0
46060.27,Refund,Entertainment,2,19,0,5,0,1
28926.1,Transfer,Grocery,15,27,0,5,0,0
23266.52,Withdrawal,ATM,8,88,1,3,0,0
62843.7,Payment,Utility,6,13,0,4,1,1
1484.17,Withdrawal,Shopping,18,59,1,2,1,0
36512.98,Deposit,Electronics,5,11,1,1,0,0
78538.55,Deposit,Restaurant,19,30,1,1,1,1
44615.08,Withdrawal,Shopping,16,16,1,3,0,1
16967.59,Payment,Grocery,9,7,0,4,1,0
12417.59,Payment,Utility,0,50,1,4,0,0
59629.94,Transfer,Utility,16,21,0,2,0,1
35473.44,Purchase,Entertainment,17,67,1,1,0,0
76655.99,Withdrawal,ATM,12,4,1,5,0,1
28268.41,Withdrawal,ATM,3,77,0,4,0,0
47440.01,Deposit,Shopping,21,85,1,2,0,1
30312.95,Payment,Grocery,6,85,0,5,1,0
73405.22,Payment,Travel,18,24,1,4,0,1
27690.3,Refund,Entertainment,9,42,1,4,0,0
78706.26,Purchase,ATM,23,94,1,4,0,1
40786.63,Transfer,Electronics,23,30,1,2,0,0
79803.64,Payment,Fuel,18,13,0,4,0,1
41062.27,Transfer,Utility,22,1,0,1,0,1
75942.07,Purchase,Utility,20,19,1,4,0,1
19625.57,Deposit,Fuel,14,16,0,2,0,0
6640.66,Purchase,Fuel,17,78,1,0,0,0
57477.85,Deposit,Utility,9,97,1,3,0,1
58637.8,Deposit,Restaurant,12,44,0,4,0,1
21830.13,Purchase,Fuel,6,59,0,5,0,0
58709.69,Payment,Shopping,5,15,0,0,0,1
5069.49,Refund,Electronics,7,99,1,4,0,0
15951.61,Deposit,Entertainment,20,24,1,2,0,0
49252.09,Transfer,Travel,16,73,1,1,0,1
50957.64,Refund,ATM,16,67,1,2,0,0
21962.07,Refund,Fuel,19,57,1,0,0,0
8249.55,Refund,Shopping,9,46,1,2,0,0
11230.28,Purchase,Travel,9,94,1,1,0,0
65517.71,Refund,ATM,12,58,0,1,0,1
311.23,Deposit,Entertainment,23,28,0,1,0,0
71793.59,Purchase,Utility,2,78,1,2,1,1
82700.76,Transfer,Electronics,12,53,0,0,0,1
73932.67,Transfer,Shopping,23,49,0,3,0,1
7735.68,Withdrawal,Entertainment,12,32,1,5,0,0
54481.18,Deposit,Shopping,14,15,1,2,0,0
19986.83,Purchase,Travel,7,98,0,4,1,0
26822.46,Transfer,Fuel,5,65,1,3,0,0
5483.51,Payment,Healthcare,13,8,0,1,0,0
22443.8,Transfer,Shopping,17,23,1,0,0,0
15554.21,Payment,Electronics,18,76,1,5,1,0
56920.69,Purchase,Grocery,19,62,0,3,0,1
13801.82,Purchase,Utility,21,10,0,5,0,0
11024.7,Transfer,Entertainment,3,13,1,2,0,0
21778.21,Transfer,Grocery,4,57,0,0,0,0
11515.23,Purchase,Electronics,7,4,0,4,0,0
21206.69,Purchase,Entertainment,20,80,1,5,0,0
1846.29,Withdrawal,Fuel,6,34,1,0,1,0
84342.27,Payment,Electronics,23,28,1,3,1,1
60966.1,Purchase,Entertainment,0,55,0,2,0,1
39599.17,Purchase,Shopping,7,23,1,0,0,0
54742.88,Deposit,Healthcare,1,59,0,2,0,1
51865.9,Withdrawal,Travel,7,13,1,1,0,0
17489.31,Payment,Electronics,11,86,1,1,0,0
52721.19,Deposit,Electronics,2,32,1,0,0,0
32417.75,Purchase,Fuel,13,94,0,3,0,0
50987.58,Withdrawal,Travel,20,23,1,1,0,0
85819.6,Deposit,ATM,13,65,1,3,0,1
26400.67,Refund,Healthcare,10,97,1,4,0,0
19890.93,Refund,Restaurant,2,80,1,3,1,0
37045.77,Purchase,Fuel,20,32,1,2,0,0
56270.13,Purchase,Utility,20,89,1,2,1,1
84530.31,Deposit,Grocery,23,22,0,0,1,1
33413.93,Transfer,Entertainment,10,88,0,5,0,0
50121.1,Purchase,Electronics,2,65,0,3,1,1
28419.22,Purchase,Shopping,2,70,0,5,0,0
30567.77,Purchase,Electronics,3,6,1,3,0,0
89608.23,Deposit,Healthcare,8,90,1,2,0,1
58396.79,Deposit,Fuel,11,52,1,1,0,0
553.59,Deposit,Electronics,18,88,1,0,0,0
87113.65,Transfer,Travel,23,88,0,3,0,1
10440.13,Purchase,Entertainment,10,46,0,2,1,0
17972.7,Purchase,Grocery,0,69,1,5,1,0
10807.25,Purchase,Healthcare,7,59,1,1,0,0
33865.04,Transfer,Travel,13,75,0,0,0,0
51440.57,Transfer,Healthcare,17,72,0,5,0,1
57450.0,Payment,Electronics,18,87,0,1,1,1
54379.0,Purchase,Fuel,10,89,0,3,0,1
37583.47,Refund,Travel,3,89,1,5,0,0
83274.71,Refund,Healthcare,1,86,0,3,0,1
5865.81,Withdrawal,Restaurant,18,59,0,0,0,0
73510.45,Deposit,Grocery,14,49,0,2,0,1
41568.13,Deposit,Utility,1,33,0,2,0,1
7945.69,Payment,ATM,22,53,1,5,0,0
73540.52,Transfer,Healthcare,18,51,1,0,1,1
7094.77,Withdrawal,Utility,4,27,0,2,1,0
73378.5,Withdrawal,Electronics,12,95,1,1,1,1
39258.07,Deposit,Fuel,15,30,1,1,0,0
17506.7,Transfer,Fuel,12,70,1,5,0,0
59042.18,Purchase,Entertainment,16,68,1,4,0,1
7675.92,Deposit,Restaurant,6,94,0,2,0,0
25036.32,Payment,ATM,10,27,1,5,0,0
1585.15,Transfer,Grocery,9,40,1,1,0,0
43513.92,Transfer,Healthcare,3,52,0,0,1,1
13323.17,Payment,Healthcare,3,63,0,0,0,0
7094.27,Payment,ATM,0,33,1,2,0,0
52340.58,Deposit,Grocery,13,87,1,0,0,1
37676.78,Purchase,Shopping,10,54,0,1,0,0
16602.94,Purchase,Shopping,16,65,0,3,0,0
62065.42,Purchase,Utility,10,31,0,4,1,1
88225.12,Refund,Entertainment,12,57,0,2,0,1
2783.96,Payment,Grocery,2,95,1,5,0,0
60756.71,Transfer,Shopping,10,98,1,4,0,1
4003.24,Payment,Utility,18,22,0,1,1,0
30842.0,Refund,Travel,4,52,0,3,0,0
51499.5,Payment,Grocery,21,75,1,4,0,1
56457.22,Payment,Fuel,0,9,1,2,0,0
33280.81,Payment,Electronics,7,29,0,5,0,0
13764.3,Deposit,ATM,22,53,0,2,0,0
38546.79,Purchase,Healthcare,21,31,1,1,0,0
557.99,Payment,ATM,3,86,1,1,0,0
298.33,Refund,Electronics,17,64,1,1,0,0
58135.98,Payment,Entertainment,2,4,0,0,1,1
31799.08,Deposit,Electronics,18,45,0,3,0,0
59847.53,Withdrawal,Fuel,18,90,1,2,0,1
33729.78,Purchase,Healthcare,11,3,0,4,0,0
23148.42,Refund,Travel,1,30,1,2,0,0
52513.04,Purchase,Fuel,10,9,1,1,1,1
19739.44,Refund,ATM,21,11,0,2,0,0
65459.83,Deposit,Fuel,2,20,0,5,0,1
49023.94,Purchase,Grocery,21,50,0,1,0,1
28135.48,Refund,Utility,19,89,1,3,0,0
1395.98,Payment,Travel,13,95,1,5,0,0
89569.64,Refund,Healthcare,11,18,0,3,0,1
41679.47,Deposit,Grocery,6,64,1,2,0,0
21725.04,Withdrawal,Restaurant,0,76,1,5,0,0
60350.55,Deposit,Fuel,11,42,1,4,0,1
8959.38,Purchase,Healthcare,2,31,1,5,0,0
60650.4,Transfer,Shopping,13,14,0,1,0,1
29609.56,Purchase,Restaurant,3,10,0,5,0,0
54508.57,Withdrawal,Entertainment,15,92,0,4,0,1
6320.15,Transfer,Fuel,23,20,0,0,0,0
30491.58,Refund,Grocery,18,71,0,5,0,0
11375.78,Refund,ATM,6,29,0,0,0,0
1171.0,Deposit,ATM,2,81,1,0,0,0
32781.49,Refund,Fuel,17,73,1,5,0,0
10836.28,Transfer,Restaurant,6,98,1,5,1,0
29210.06,Refund,Restaurant,11,65,0,2,1,0
34175.17,Refund,Entertainment,16,5,1,3,1,0
55691.63,Withdrawal,Healthcare,9,54,1,2,0,0
1792.46,Deposit,Travel,18,68,1,2,0,0
34651.07,Deposit,ATM,5,88,1,0,0,0
33309.96,Payment,Travel,8,19,0,5,0,0
75290.83,Refund,Grocery,2,39,1,3,0,1
25053.14,Purchase,Travel,19,51,1,4,1,0
53263.99,Refund,Electronics,8,7,0,2,0,1
56725.98,Transfer,Restaurant,13,59,0,5,0,1
21625.86,Deposit,Utility,1,65,0,0,1,0
23400.34,Refund,Entertainment,13,12,1,2,1,0
3043.27,Refund,Healthcare,18,8,1,3,0,0
10088.51,Purchase,Entertainment,3,13,1,0,0,0
31309.14,Withdrawal,Travel,18,54,0,3,0,0
17393.32,Transfer,Fuel,5,98,1,0,0,0
49920.55,Payment,Grocery,23,35,1,4,1,1
31443.38,Transfer,Travel,14,96,1,3,1,0
38155.85,Withdrawal,Entertainment,20,28,1,4,0,0
13323.01,Refund,ATM,21,61,0,5,0,0
16570.65,Transfer,ATM,22,98,0,3,1,0
3315.77,Payment,Healthcare,6,25,1,0,1,0
48945.57,Transfer,Travel,0,15,0,1,0,1
58509.58,Transfer,Restaurant,23,12,1,5,0,1
1312.86,Payment,Restaurant,3,65,1,1,0,0
44744.46,Withdrawal,Entertainment,3,87,0,0,0,1
26751.79,Withdrawal,Entertainment,6,22,0,0,0,0
58067.11,Refund,Travel,15,61,1,3,0,1
28247.33,Purchase,Electronics,2,67,1,3,0,0
17040.24,Payment,Restaurant,23,39,0,0,0,0
50685.41,Payment,Utility,23,33,0,4,0,1
31590.22,Purchase,Travel,23,14,0,0,0,0
80792.84,Deposit,Shopping,17,98,0,3,1,1
31966.54,Transfer,Entertainment,7,48,1,5,0,0
28403.63,Deposit,Shopping,12,82,0,2,0,0
50056.82,Withdrawal,Utility,9,43,1,0,0,0
7523.23,Payment,Fuel,14,34,1,4,0,0
14941.45,Deposit,ATM,17,4,1,0,0,0
19960.05,Payment,Utility,16,14,0,5,0,0
27179.82,Transfer,Fuel,7,57,0,4,1,0
85661.23,Deposit,Grocery,8,87,0,2,0,1
22136.0,Purchase,Restaurant,12,35,0,1,0,0
45474.26,Purchase,Entertainment,7,17,1,3,0,1
4163.48,Deposit,Shopping,9,5,0,2,0,0
70709.39,Purchase,ATM,18,63,1,3,1,1
53428.19,Deposit,Entertainment,21,50,1,4,0,1
34936.2,Refund,Restaurant,12,82,0,5,1,0
85720.3,Refund,Grocery,22,73,1,5,0,1
79071.34,Refund,Shopping,7,90,0,4,0,1
88508.14,Payment,Fuel,8,1,0,0,0,1
24728.95,Payment,Healthcare,12,62,1,2,0,0
18377.37,Withdrawal,Fuel,4,83,1,0,0,0
45146.58,Payment,Utility,23,67,1,4,0,1
1804.09,Refund,Travel,8,62,1,1,0,0
39743.33,Refund,ATM,23,20,0,2,0,0
77422.23,Purchase,Healthcare,5,91,1,1,0,1
36454.73,Withdrawal,Healthcare,19,21,1,0,1,0
18958.75,Payment,Travel,15,29,1,1,1,0
49481.31,Purchase,Fuel,4,2,1,1,0,0
429.41,Transfer,ATM,21,70,0,2,1,0
38489.21,Withdrawal,Fuel,8,64,0,1,0,0
3668.05,Deposit,Electronics,7,94,0,3,0,0
34383.63,Refund,Healthcare,0,79,1,2,0,0
37675.46,Withdrawal,Shopping,11,42,1,0,1,0
75663.43,Withdrawal,Fuel,0,5,0,5,0,1
61694.76,Deposit,ATM,3,29,0,5,1,1
24512.31,Deposit,Utility,1,36,0,4,0,0
30604.88,Purchase,Entertainment,8,13,1,0,0,0
47778.01,Withdrawal,Fuel,9,15,0,5,0,1
43301.54,Purchase,Fuel,7,23,0,5,0,1
55594.82,Purchase,Restaurant,18,74,0,5,0,1
10406.67,Purchase,Healthcare,5,64,0,2,0,0
41456.51,Purchase,Healthcare,19,11,1,0,0,0
72480.84,Purchase,ATM,18,44,0,5,0,1
38192.65,Refund,Healthcare,21,23,0,2,0,0
56639.29,Purchase,ATM,20,39,0,4,1,1
35715.75,Purchase,Utility,13,31,0,5,0,0
48850.37,Deposit,Electronics,3,45,1,1,0,0
56348.81,Deposit,Utility,1,11,1,0,0,0
39904.71,Transfer,Shopping,16,18,0,3,0,0
37007.69,Payment,Fuel,20,81,0,5,0,0
8790.73,Withdrawal,Fuel,22,64,0,3,0,0
59171.91,Deposit,ATM,6,79,1,1,0,1
24779.9,Withdrawal,Grocery,23,82,1,3,0,0
89119.18,Deposit,Utility,19,92,0,3,1,1
1401.99,Payment,ATM,9,35,0,0,0,0
18638.82,Refund,Utility,4,42,0,1,0,0
1079.1,Deposit,ATM,14,6,1,5,0,0
87386.73,Refund,Entertainment,17,66,1,4,1,1
16159.43,Purchase,Fuel,22,19,1,2,0,0
19249.65,Withdrawal,Entertainment,2,55,1,4,0,0
50176.12,Purchase,Electronics,10,56,0,1,0,1
57744.09,Purchase,Entertainment,0,38,1,5,0,1
40664.63,Payment,Grocery,10,85,1,2,1,1
18885.65,Withdrawal,ATM,3,22,1,4,0,0
73658.23,Withdrawal,Restaurant,8,46,0,1,0,1
3118.26,Payment,ATM,14,65,0,1,0,0
2692.89,Deposit,Fuel,1,65,1,5,0,0
15401.64,Transfer,Entertainment,8,44,0,1,0,0
4830.55,Transfer,Shopping,11,56,1,5,0,0
59308.51,Payment,Healthcare,22,32,1,0,0,0
35618.1,Transfer,Healthcare,22,90,0,5,0,0
4434.23,Transfer,Travel,11,35,0,1,0,0
54230.91,Purchase,Utility,22,74,1,4,0,1
64723.74,Withdrawal,Shopping,7,19,1,5,1,1
70540.93,Refund,Entertainment,23,29,0,2,0,1
4122.24,Transfer,Utility,17,84,1,5,0,0
902.36,Payment,Restaurant,17,71,0,4,0,0
9932.73,Deposit,Travel,23,73,0,2,0,0
14753.41,Purchase,Shopping,18,94,1,3,0,0
13443.17,Purchase,Electronics,13,49,1,2,1,0
49245.61,Deposit,Entertainment,7,1,0,5,0,1
74983.71,Withdrawal,Travel,18,6,0,2,1,1
62545.47,Deposit,Travel,10,92,1,4,0,1
43341.84,Deposit,Utility,6,44,0,5,0,1
50514.81,Payment,Fuel,11,97,1,3,0,1
24179.58,Payment,Travel,13,88,1,2,1,0
30574.33,Purchase,Entertainment,6,32,1,2,0,0
27628.95,Purchase,Utility,3,11,0,3,1,0
57752.22,Payment,ATM,7,79,0,2,1,1
24992.18,Payment,ATM,5,65,1,0,0,0
37887.57,Deposit,Shopping,6,64,1,3,1,0
24941.11,Purchase,Utility,23,28,0,5,0,0
54662.37,Purchase,Electronics,1,61,1,3,1,1
25749.44,Deposit,Travel,1,27,1,4,0,0
6634.96,Deposit,Travel,9,79,0,5,1,0
61692.6,Transfer,Entertainment,9,71,1,3,0,1
52602.55,Payment,Entertainment,9,55,0,1,1,1
8704.33,Transfer,Fuel,17,100,1,3,0,0
24665.11,Purchase,ATM,20,19,0,3,0,0
22733.94,Deposit,Travel,13,54,1,1,0,0
45490.03,Deposit,Grocery,15,21,1,5,1,1
64461.71,Deposit,Restaurant,13,48,1,3,0,1
53884.83,Transfer,Utility,20,16,1,2,0,0
56482.92,Withdrawal,Entertainment,3,92,0,1,0,1
27378.66,Transfer,Utility,5,35,1,4,0,0
48012.88,Transfer,Shopping,22,24,1,0,0,0
30818.59,Deposit,Electronics,0,75,1,5,1,0
13343.38,Purchase,Shopping,7,27,0,3,0,0
20476.94,Withdrawal,Electronics,11,51,1,3,0,0
32630.99,Withdrawal,Grocery,17,100,1,0,0,0
18524.43,Payment,Grocery,12,73,1,5,0,0
3904.69,Refund,Shopping,19,47,1,5,0,0
12853.3,Withdrawal,Grocery,17,76,1,2,1,0
55912.04,Deposit,Grocery,8,8,1,2,0,0
23902.6,Purchase,Entertainment,12,82,0,1,0,0
5380.16,Transfer,Healthcare,16,45,0,4,1,0
53697.44,Purchase,Healthcare,16,3,0,2,1,1
46943.21,Deposit,ATM,16,91,1,2,0,1
32353.91,Withdrawal,Healthcare,18,32,1,0,0,0
45404.72,Refund,Fuel,14,73,0,2,0,1
54418.64,Deposit,Healthcare,10,70,0,2,1,1
4589.03,Purchase,ATM,23,77,1,1,1,0
55274.19,Transfer,Travel,21,57,0,2,0,1
24731.65,Withdrawal,Grocery,11,15,0,4,0,0
14616.77,Payment,ATM,18,56,0,0,1,0
26899.26,Withdrawal,Shopping,11,51,0,3,0,0
16301.12,Deposit,Grocery,3,43,0,5,0,0
24366.54,Purchase,Entertainment,4,79,0,1,0,0
5397.31,Purchase,Restaurant,8,25,0,2,1,0
69066.16,Withdrawal,Grocery,10,63,1,4,0,1
2090.45,Purchase,Entertainment,16,24,1,1,1,0
40571.87,Transfer,Travel,12,40,1,1,0,0
999.31,Purchase,Utility,12,82,0,3,0,0
15906.9,Deposit,ATM,12,6,1,3,0,0
57189.21,Deposit,Travel,18,99,0,2,0,1
12480.53,Purchase,Entertainment,22,87,0,2,1,0
54587.35,Payment,Grocery,13,87,0,0,0,1
25693.72,Withdrawal,Restaurant,0,30,1,3,0,0
11943.81,Transfer,Utility,7,6,0,3,0,0
24080.94,Purchase,Restaurant,23,96,1,1,0,0
17582.04,Refund,ATM,10,94,0,2,0,0
31571.58,Refund,Travel,3,81,0,5,1,0
67300.3,Refund,Restaurant,18,21,0,0,0,1
23264.35,Transfer,Shopping,14,30,0,5,0,0
3361.99,Payment,Entertainment,23,52,0,4,0,0
64463.59,Purchase,Utility,6,61,0,1,1,1
22383.84,Transfer,Restaurant,16,85,1,0,0,0
9910.11,Payment,Grocery,9,35,1,2,0,0
10399.92,Withdrawal,Travel,20,66,1,5,0,0
81049.79,Purchase,ATM,8,30,0,2,0,1
31310.1,Deposit,Healthcare,23,66,0,0,0,0
59985.22,Payment,Grocery,17,4,1,2,0,0
47031.49,Withdrawal,ATM,17,47,1,3,1,1
36176.6,Deposit,Healthcare,5,62,0,4,0,0
79375.69,Payment,Travel,9,95,1,5,0,1
15181.32,Deposit,Grocery,23,47,0,3,0,0
15535.07,Deposit,Electronics,22,50,1,4,0,0
47253.01,Payment,Shopping,1,45,1,2,0,0
17291.53,Refund,Fuel,11,66,0,2,0,0
5893.24,Purchase,Shopping,14,34,1,4,0,0
23391.88,Refund,ATM,6,13,0,2,1,0
33032.0,Refund,Entertainment,19,94,1,3,0,0
6312.67,Transfer,Electronics,12,42,1,0,0,0
1891.58,Payment,Shopping,21,58,1,5,0,0
25429.49,Payment,Entertainment,6,17,1,1,0,0
20286.42,Purchase,Fuel,10,97,1,4,1,0
27667.85,Withdrawal,Travel,15,71,1,3,1,0
38338.86,Withdrawal,Entertainment,0,29,0,0,0,0
52804.12,Deposit,Fuel,8,42,1,0,0,0
32734.39,Payment,ATM,18,65,1,2,0,0
63853.76,Transfer,Electronics,19,77,1,4,0,1
54964.56,Withdrawal,Shopping,18,81,0,4,0,1
16658.38,Refund,Entertainment,0,22,0,1,0,0
11487.89,Deposit,Restaurant,4,63,0,1,0,0
8125.17,Payment,Travel,17,96,0,0,1,0
4323.46,Refund,Entertainment,23,79,1,0,0,0
7066.44,Transfer,Utility,14,60,0,3,0,0
8625.42,Transfer,ATM,6,68,0,4,1,0
31156.24,Deposit,Utility,16,97,1,0,0,0
46393.97,Refund,Electronics,18,22,0,5,0,1
40122.19,Deposit,Healthcare,1,17,1,5,0,1
22544.72,Withdrawal,Travel,21,72,1,2,0,0
18042.71,Transfer,Grocery,16,41,1,1,0,0
59212.45,Transfer,Healthcare,19,23,1,3,1,1
71625.96,Refund,Entertainment,13,72,0,2,0,1
11367.13,Withdrawal,Healthcare,2,26,0,3,0,0
36082.4,Withdrawal,Entertainment,21,39,0,4,0,0
31302.82,Transfer,Healthcare,9,72,0,1,0,0
5674.97,Withdrawal,Utility,7,46,0,4,0,0
33859.71,Payment,Shopping,13,33,1,5,0,0
1739.14,Payment,Electronics,5,2,1,1,1,0
85693.58,Purchase,ATM,1,49,0,2,1,1
17496.68,Purchase,Fuel,4,46,1,1,0,0
25488.15,Payment,Entertainment,4,79,0,5,0,0
55347.48,Transfer,Healthcare,11,54,1,3,0,1
29066.4,Purchase,Electronics,1,73,1,5,0,0
33382.34,Transfer,Restaurant,16,68,0,2,1,0
87954.99,Deposit,Restaurant,14,12,0,3,0,1
67555.41,Transfer,Entertainment,19,14,0,5,1,1
31756.14,Payment,Travel,16,98,0,2,0,0
3516.12,Payment,Fuel,7,78,0,3,0,0
20746.9,Deposit,Utility,2,74,1,3,0,0
54235.48,Payment,Fuel,3,2,0,0,0,1
81157.59,Purchase,ATM,9,6,1,5,0,1
59650.1,Purchase,Grocery,6,57,0,4,1,1
58203.78,Transfer,Entertainment,6,76,0,0,0,1
8358.4,Withdrawal,Utility,16,25,1,5,1,0
58296.85,Withdrawal,Electronics,23,36,1,0,0,0
62446.69,Payment,Grocery,23,48,1,5,0,1
17417.35,Withdrawal,Restaurant,12,18,0,0,0,0
1964.87,Purchase,Healthcare,22,66,1,3,0,0
4955.71,Deposit,ATM,16,51,0,4,0,0
11606.37,Purchase,Restaurant,3,76,1,5,0,0
85882.05,Refund,Electronics,6,95,1,4,0,1
41163.84,Deposit,Healthcare,14,68,0,2,0,1
12879.81,Refund,Shopping,15,69,0,5,0,0
38621.19,Purchase,Utility,4,26,0,4,0,0
5651.25,Withdrawal,ATM,5,91,1,2,0,0
48366.93,Withdrawal,Shopping,15,7,1,2,0,0
11610.37,Purchase,Travel,22,39,1,2,0,0
73843.6,Transfer,Electronics,6,54,0,3,0,1
69794.91,Refund,ATM,3,36,0,0,1,1
41339.04,Refund,ATM,13,64,1,5,0,1
36436.01,Purchase,Healthcare,10,97,1,2,1,0
12537.56,Withdrawal,Utility,11,30,1,1,1,0
18807.97,Payment,ATM,11,26,1,1,0,0
54479.82,Refund,Utility,23,16,0,1,1,1
34829.51,Deposit,Restaurant,13,77,0,0,0,0
44693.54,Withdrawal,Travel,22,66,1,1,0,0
14241.19,Purchase,Fuel,19,63,0,4,0,0
2203.95,Deposit,ATM,15,3,1,5,0,0
25764.85,Withdrawal,Utility,8,71,1,3,0,0
4247.72,Withdrawal,Utility,12,78,0,2,1,0
17742.2,Transfer,ATM,20,77,0,0,0,0
47859.46,Transfer,Utility,19,37,0,2,0,1
24607.65,Transfer,Electronics,10,75,1,4,0,0
74555.75,Purchase,Restaurant,10,54,0,3,0,1
14753.53,Purchase,Grocery,19,13,1,0,0,0
464.29,Withdrawal,Shopping,3,60,1,5,0,0
21874.32,Refund,Shopping,16,40,1,4,1,0
19409.96,Withdrawal,Electronics,21,93,0,2,0,0
50868.24,Deposit,Electronics,13,39,0,5,0,1
15203.56,Refund,Restaurant,12,60,0,0,1,0
49319.45,Purchase,Shopping,17,54,0,4,1,1
3213.79,Deposit,Shopping,17,59,0,5,0,0
59248.96,Payment,Travel,22,45,1,4,1,1
86932.71,Refund,Healthcare,3,96,0,0,0,1
25260.82,Withdrawal,Grocery,13,38,1,1,0,0
35573.13,Payment,Utility,5,79,0,3,0,0
35843.21,Transfer,Electronics,23,4,0,4,0,0
45479.32,Withdrawal,Shopping,21,1,0,3,0,1
6527.32,Deposit,Fuel,17,7,0,0,0,0
52857.24,Withdrawal,Fuel,23,56,1,5,0,1
58747.24,Deposit,Fuel,11,60,0,3,0,1
25594.24,Purchase,Travel,22,29,0,2,0,0
68621.53,Purchase,Electronics,20,12,0,1,0,1
8258.74,Refund,Grocery,2,81,0,1,0,0
56990.03,Deposit,Restaurant,23,100,1,2,0,1
86330.93,Payment,Healthcare,10,23,0,5,0,1
30316.49,Purchase,Electronics,19,81,1,0,0,0
50242.15,Refund,Travel,20,16,0,5,0,1
49594.23,Transfer,Grocery,21,90,1,0,0,1
46664.09,Transfer,Grocery,2,15,0,4,1,1
34010.28,Purchase,Shopping,5,51,1,0,0,0
17126.55,Refund,Utility,7,72,0,3,0,0
22255.48,Withdrawal,Utility,3,77,0,0,0,0
70470.95,Transfer,Electronics,8,49,0,3,0,1
84415.12,Refund,Restaurant,9,70,0,2,0,1
87358.71,Payment,Fuel,9,61,0,2,0,1
61022.27,Deposit,Healthcare,15,44,0,4,0,1
31694.36,Payment,Restaurant,20,49,1,0,0,0
21078.92,Transfer,Shopping,17,10,0,4,0,0
28394.19,Payment,Electronics,15,3,1,3,0,0
6294.46,Payment,Fuel,14,10,0,5,1,0
28418.92,Purchase,Healthcare,5,100,0,1,0,0
73016.72,Deposit,Travel,7,72,1,4,0,1
53408.5,Payment,Shopping,0,2,1,5,1,1
42876.52,Payment,ATM,0,8,1,1,0,0
15585.29,Transfer,Travel,1,96,1,2,0,0
24053.18,Transfer,Restaurant,18,34,1,3,0,0
84607.97,Withdrawal,Entertainment,6,77,1,0,0,1
54967.86,Withdrawal,Restaurant,8,90,1,0,0,1
5431.87,Refund,ATM,5,60,1,3,1,0
1497.29,Transfer,Shopping,19,78,1,0,1,0
30143.28,Purchase,Restaurant,3,15,0,5,1,0
34340.24,Purchase,Shopping,15,85,1,5,0,0
49168.56,Withdrawal,Grocery,18,8,1,3,0,1
1654.47,Purchase,ATM,20,1,1,1,0,0
53033.68,Transfer,Entertainment,22,50,1,0,0,0
44483.67,Purchase,Entertainment,16,73,0,1,0,1
1630.79,Refund,Shopping,19,59,0,3,0,0
75560.51,Deposit,Grocery,8,15,0,1,0,1
83063.89,Purchase,Utility,14,18,0,3,1,1
19849.66,Transfer,Restaurant,6,98,0,0,0,0
52675.75,Refund,Entertainment,9,58,0,2,0,1
60502.98,Purchase,Restaurant,14,97,1,5,0,1
57973.81,Payment,Travel,1,28,1,0,0,0
69206.22,Deposit,Grocery,0,62,1,4,0,1
54629.24,Purchase,Electronics,4,5,0,5,0,1
34396.74,Payment,Fuel,1,62,1,5,1,0
53118.53,Deposit,Utility,10,87,1,0,1,1
14757.01,Payment,Fuel,11,3,0,3,1,0
51110.98,Transfer,Shopping,14,92,1,4,0,1
4791.99,Transfer,Electronics,3,2,0,3,0,0
77363.79,Withdrawal,Travel,14,10,0,4,0,1
48227.42,Payment,Entertainment,11,65,0,4,0,1
57128.41,Purchase,Entertainment,2,84,1,0,0,1
69102.27,Payment,Travel,17,34,0,4,0,1
18482.06,Payment,Healthcare,1,71,0,2,0,0
35655.64,Transfer,Grocery,5,67,1,5,0,0
18897.17,Purchase,Grocery,16,59,1,0,1,0
34951.75,Payment,Entertainment,23,88,0,2,1,0
9775.08,Withdrawal,Shopping,2,69,1,4,0,0
14076.77,Purchase,Utility,23,27,1,2,0,0
31549.74,Purchase,Electronics,3,17,1,4,0,0
57195.84,Payment,Fuel,4,34,1,3,0,1
2713.4,Withdrawal,Healthcare,17,64,1,5,1,0
21878.31,Withdrawal,Electronics,0,92,1,1,0,0
53115.74,Purchase,Electronics,10,97,1,0,0,1
24611.14,Payment,Electronics,22,2,1,4,0,0
11098.85,Payment,Travel,13,47,1,0,0,0
16095.0,Deposit,ATM,2,83,0,1,1,0
58565.36,Payment,Restaurant,13,39,1,3,1,1
4578.87,Withdrawal,Healthcare,19,71,1,3,0,0
57473.46,Transfer,Utility,23,86,0,0,0,1
48180.25,Deposit,ATM,2,32,1,4,0,1
45735.97,Purchase,Fuel,16,21,1,3,1,1
11415.74,Purchase,Electronics,6,47,0,5,0,0
29725.29,Payment,Shopping,18,37,1,4,0,0
11333.05,Withdrawal,Entertainment,15,62,1,2,1,0
33981.56,Transfer,Travel,14,15,1,2,0,0
2644.48,Payment,Shopping,8,61,0,3,1,0
29213.97,Purchase,Fuel,17,12,1,3,0,0
38807.15,Payment,ATM,18,37,1,2,0,0
29632.48,Refund,Restaurant,18,49,0,1,0,0
59475.13,Purchase,Healthcare,5,75,1,2,0,1
32252.77,Purchase,Grocery,14,30,0,3,0,0
38349.73,Payment,Shopping,5,35,0,1,1,0
34694.29,Payment,Utility,10,26,0,4,0,0
74148.89,Refund,Utility,22,44,0,2,0,1
40990.06,Deposit,Healthcare,16,24,1,3,0,1
24140.96,Purchase,Electronics,16,67,0,1,0,0
32439.21,Purchase,Grocery,13,14,1,4,0,0
14796.49,Transfer,Utility,7,66,0,0,1,0
8298.85,Purchase,Utility,5,10,1,0,0,0
23445.8,Purchase,Entertainment,7,40,0,2,0,0
20898.21,Refund,Shopping,10,79,0,0,1,0
22029.42,Withdrawal,Healthcare,1,90,0,0,1,0
32936.99,Purchase,Healthcare,18,86,0,2,1,0
50377.05,Transfer,Electronics,4,61,1,0,0,0
39746.69,Deposit,Travel,7,25,1,4,0,0
30182.75,Withdrawal,ATM,5,77,0,1,0,0
3415.57,Purchase,Electronics,20,71,1,2,0,0
32242.01,Payment,Healthcare,7,97,0,3,0,0
23128.42,Deposit,Healthcare,6,22,0,5,1,0
16478.96,Deposit,Restaurant,10,49,1,1,0,0
17264.93,Withdrawal,Healthcare,15,23,0,1,1,0
62044.74,Payment,Fuel,16,32,0,1,0,1
19886.01,Deposit,Restaurant,5,18,0,5,1,0
65536.89,Purchase,Utility,20,46,0,2,0,1
89852.6,Purchase,ATM,16,90,0,5,0,1
64679.59,Withdrawal,Healthcare,23,85,0,2,0,1
30813.83,Withdrawal,Travel,19,64,1,1,0,0
46623.84,Refund,Restaurant,4,4,0,4,1,1
26385.76,Purchase,ATM,5,79,0,3,1,0
17118.37,Transfer,Electronics,8,45,1,2,0,0
8894.97,Deposit,Healthcare,4,77,1,1,1,0
12248.13,Refund,Restaurant,5,30,0,2,0,0
29605.73,Deposit,Travel,11,89,1,5,0,0
51912.95,Transfer,Electronics,7,77,0,0,0,1
56287.71,Transfer,Restaurant,3,19,1,2,0,0
21324.9,Deposit,ATM,12,57,1,3,0,0
54505.13,Purchase,Utility,2,47,0,5,0,1
20272.29,Withdrawal,Restaurant,11,51,0,5,0,0
56717.04,Purchase,Restaurant,10,98,1,0,0,1
8024.63,Purchase,Restaurant,14,25,0,0,0,0
80967.78,Purchase,Utility,7,70,0,1,1,1
143.93,Refund,Entertainment,20,72,1,3,0,0
48163.8,Payment,Grocery,19,80,1,2,1,1
34612.4,Deposit,ATM,16,58,1,3,0,0
7809.61,Refund,ATM,10,74,0,0,0,0
19257.91,Refund,Healthcare,18,84,0,4,0,0
37099.73,Refund,Restaurant,4,57,1,1,0,0
3405.38,Payment,ATM,9,65,1,1,0,0
55671.79,Purchase,Restaurant,23,97,0,3,0,1
22871.76,Deposit,Entertainment,19,10,0,5,1,0
17676.4,Deposit,Electronics,2,44,0,5,1,0
46641.0,Deposit,Healthcare,13,43,0,1,1,1
3201.7,Refund,Utility,17,20,1,4,0,0
9699.73,Purchase,Grocery,9,59,0,1,0,0
76238.05,Purchase,Grocery,16,65,1,5,0,1
12838.74,Transfer,ATM,14,32,0,0,0,0
37427.13,Refund,Shopping,20,85,0,0,0,0
14367.53,Purchase,Healthcare,23,35,0,4,0,0
8982.02,Payment,Electronics,13,5,0,0,1,0
50787.9,Refund,ATM,20,27,0,0,0,1
58358.13,Purchase,Grocery,3,47,0,0,1,1
16962.32,Refund,Utility,16,39,1,5,0,0
85893.45,Deposit,Fuel,22,5,1,5,1,1
20111.05,Deposit,Restaurant,3,5,0,4,0,0
78458.3,Purchase,ATM,23,91,1,1,0,1
38656.32,Withdrawal,Fuel,15,11,1,3,0,0
49185.98,Transfer,Grocery,15,49,0,1,0,1
30924.02,Payment,Travel,1,75,1,2,0,0
48677.14,Purchase,Utility,21,37,0,3,0,1
55597.4,Deposit,Shopping,15,96,1,1,0,1
24230.94,Deposit,Travel,15,48,1,4,0,0
453.57,Refund,Electronics,14,5,0,1,0,0
89371.71,Refund,Travel,14,72,0,1,0,1
39428.63,Transfer,Shopping,13,18,0,2,0,0
1097.92,Withdrawal,Healthcare,4,19,1,2,0,0
49365.96,Transfer,Healthcare,4,25,0,2,1,1
21494.07,Payment,Utility,13,2,1,0,0,0
1779.39,Purchase,Utility,8,31,1,1,0,0
15010.98,Transfer,Restaurant,19,69,0,5,0,0
87853.27,Purchase,Entertainment,19,53,1,3,1,1
26779.81,Payment,Shopping,15,38,1,0,0,0
55272.91,Payment,Entertainment,3,19,1,3,1,1
33859.55,Transfer,ATM,14,49,1,2,1,0
28440.71,Payment,Travel,19,87,0,1,0,0
19989.87,Payment,Healthcare,13,79,1,5,0,0
89881.15,Transfer,Travel,14,49,0,2,0,1
30751.68,Purchase,Grocery,3,25,1,5,1,0
7831.64,Transfer,Fuel,23,95,0,1,1,0
13715.04,Transfer,Fuel,1,37,1,5,0,0
58834.14,Transfer,Fuel,2,84,1,5,0,1
53250.26,Payment,Fuel,12,64,1,4,0,1
16181.23,Purchase,Fuel,23,96,0,1,0,0
38240.82,Withdrawal,Grocery,15,60,0,5,0,0
3833.52,Withdrawal,Electronics,11,25,0,1,0,0
70072.42,Refund,ATM,10,48,1,0,1,1
44775.16,Purchase,Entertainment,6,10,1,2,0,0
8497.15,Purchase,Entertainment,12,58,1,2,1,0
24001.68,Refund,Grocery,21,100,1,2,0,0
29000.39,Purchase,Fuel,12,41,1,3,0,0
8752.47,Transfer,Fuel,20,9,1,0,0,0
473.6,Refund,Utility,14,97,1,0,0,0
62931.26,Refund,Travel,8,45,0,3,0,1
53258.47,Deposit,Restaurant,16,84,0,1,0,1
9358.89,Deposit,Restaurant,20,28,1,0,1,0
37834.54,Withdrawal,Utility,13,8,0,5,0,0
49655.12,Purchase,Utility,7,61,0,3,1,1
16186.68,Refund,Utility,13,3,1,5,0,0
44392.38,Payment,Entertainment,0,6,1,2,0,0
36832.37,Refund,ATM,8,74,0,2,0,0
37092.69,Refund,Electronics,20,84,1,0,0,0
8450.0,Withdrawal,Shopping,14,79,0,3,0,0
43172.34,Transfer,Travel,10,58,1,0,0,0
1599.64,Deposit,Grocery,16,82,0,3,1,0
63721.84,Payment,Restaurant,8,2,0,5,1,1
17559.82,Withdrawal,Electronics,7,26,0,3,0,0
57481.25,Withdrawal,Shopping,0,35,0,1,0,1
25007.06,Transfer,Shopping,3,52,1,4,0,0
19738.48,Purchase,Travel,5,82,1,4,0,0
37842.66,Refund,Electronics,11,53,1,2,0,0
25472.68,Deposit,ATM,8,74,0,3,0,0
23635.53,Deposit,Shopping,3,18,1,3,0,0
76503.99,Withdrawal,ATM,16,93,0,1,0,1
36561.92,Purchase,Healthcare,15,7,1,3,0,0
40797.34,Transfer,Grocery,0,100,0,1,0,1
519.39,Refund,Utility,22,54,1,5,1,0
20542.86,Transfer,Shopping,13,85,0,0,1,0
24792.05,Purchase,Fuel,9,56,1,1,0,0
47544.47,Refund,Travel,2,19,1,0,1,1
55103.33,Refund,Grocery,5,49,0,2,0,1
31335.69,Deposit,Healthcare,15,37,1,4,1,0
73861.4,Purchase,Restaurant,13,68,0,4,0,1
81579.18,Transfer,Entertainment,7,44,0,0,0,1
8123.12,Refund,Electronics,14,14,1,0,0,0
57390.75,Withdrawal,ATM,1,45,1,0,0,0
59442.71,Deposit,Fuel,12,81,0,0,0,1
56652.22,Purchase,Utility,16,9,0,4,0,1
10050.83,Purchase,ATM,21,31,1,1,0,0
4851.1,Refund,Restaurant,3,9,1,1,0,0
15529.35,Transfer,Healthcare,15,75,1,5,0,0
1136.34,Refund,ATM,17,85,0,0,0,0
45469.5,Deposit,Grocery,10,30,1,2,0,0
32191.16,Withdrawal,Shopping,8,45,0,1,0,0
26348.49,Deposit,Shopping,16,35,0,0,0,0
10797.6,Refund,Electronics,8,68,1,3,0,0
32035.79,Withdrawal,Grocery,0,75,0,0,0,0
50178.65,Payment,Grocery,13,82,0,1,0,1
88323.49,Withdrawal,Shopping,0,12,1,4,0,1
27331.92,Refund,Electronics,18,60,1,5,0,0
54402.12,Withdrawal,Electronics,16,72,0,3,1,1
3105.55,Transfer,Entertainment,11,48,0,2,0,0
27330.54,Withdrawal,Entertainment,21,64,0,3,0,0
40778.1,Payment,Utility,10,30,1,2,0,0
53035.03,Deposit,Entertainment,3,10,1,4,0,1
3187.62,Withdrawal,Electronics,16,48,0,4,0,0
24820.62,Purchase,Healthcare,21,36,0,1,0,0
61746.82,Refund,ATM,14,52,0,3,1,1
13931.76,Purchase,Grocery,2,3,0,0,1,0
89333.86,Refund,Entertainment,12,42,1,5,1,1
4244.51,Transfer,Utility,5,73,0,1,0,0
58477.55,Withdrawal,Shopping,13,41,0,3,1,1
20737.58,Deposit,Restaurant,20,62,0,3,0,0
7346.24,Refund,Grocery,12,25,1,4,0,0
10562.29,Purchase,Travel,2,85,0,0,0,0
5728.59,Refund,Shopping,5,94,1,4,1,0
27329.96,Deposit,Electronics,3,1,0,2,0,0
60364.92,Deposit,Electronics,1,76,0,1,0,1
36599.17,Deposit,ATM,7,66,1,4,0,0
19611.01,Payment,Restaurant,16,85,1,2,0,0
49646.0,Transfer,Entertainment,17,15,1,3,0,1
11879.23,Deposit,Grocery,0,25,1,1,1,0
19940.18,Deposit,Travel,15,97,0,4,0,0
12932.08,Deposit,Shopping,22,2,1,3,0,0
23851.83,Payment,Shopping,5,53,0,2,0,0
53434.19,Transfer,Travel,14,45,0,0,0,1
28516.43,Payment,Entertainment,17,78,1,2,0,0
21047.02,Payment,Electronics,8,67,0,1,0,0
34092.74,Refund,Electronics,21,52,1,1,1,0
33123.87,Transfer,Utility,8,2,0,5,0,0
21705.81,Payment,Entertainment,16,37,0,3,0,0
48811.95,Transfer,Fuel,16,25,0,2,0,1
11754.3,Refund,ATM,23,10,0,1,0,0
8997.77,Payment,Electronics,23,41,0,0,0,0
47777.65,Deposit,Restaurant,18,39,0,2,0,1
37470.01,Refund,Healthcare,1,16,1,3,0,0
34018.74,Purchase,ATM,5,66,0,1,0,0
1947.73,Purchase,Electronics,0,76,1,5,1,0
47701.34,Withdrawal,Healthcare,19,9,0,3,0,1
16449.54,Deposit,Shopping,14,60,1,1,1,0
8899.31,Payment,Utility,19,27,0,5,1,0
29077.26,Deposit,Utility,17,23,0,5,0,0
10744.36,Purchase,Grocery,12,95,1,3,0,0
83327.39,Payment,Restaurant,9,47,1,3,0,1
17371.04,Payment,Restaurant,3,12,0,1,0,0
19251.36,Refund,Fuel,10,72,1,3,0,0
62379.29,Transfer,Healthcare,7,16,0,1,0,1
37400.4,Withdrawal,Entertainment,16,24,0,1,0,0
58492.24,Purchase,Healthcare,13,1,1,3,1,1
6230.68,Refund,Grocery,22,14,1,4,1,0
19189.13,Payment,ATM,0,70,1,4,0,0
59469.36,Deposit,Fuel,15,58,0,0,0,1
51092.39,Purchase,Utility,20,94,0,3,0,1
50393.5,Withdrawal,Grocery,9,8,1,1,0,0
33823.47,Withdrawal,Entertainment,5,83,0,5,1,0
80913.2,Purchase,Electronics,2,28,0,3,0,1
68592.4,Refund,Entertainment,14,15,1,4,1,1
3940.38,Payment,Fuel,12,49,1,0,0,0
2558.64,Refund,Fuel,13,85,1,4,1,0
40100.18,Payment,Restaurant,5,15,0,3,0,1
36443.43,Purchase,Travel,3,99,1,5,0,0
12280.51,Payment,Fuel,14,29,0,3,1,0
29343.89,Transfer,ATM,19,20,1,1,1,0
18084.11,Payment,Electronics,14,65,1,0,0,0
44208.98,Transfer,Electronics,4,3,1,0,0,0
16045.93,Refund,Utility,7,61,0,0,0,0
31629.1,Deposit,Shopping,14,62,0,5,0,0
55516.25,Refund,Fuel,15,72,0,5,0,1
54626.69,Deposit,ATM,21,73,0,4,1,1
4933.23,Refund,Entertainment,8,21,0,2,0,0
51789.8,Deposit,Fuel,22,51,0,0,0,1
73191.22,Payment,Travel,12,85,1,1,0,1
39661.86,Payment,Restaurant,5,54,1,1,1,0
51155.56,Payment,Utility,6,4,0,2,0,1
76501.53,Deposit,ATM,21,35,0,2,0,1
15638.77,Deposit,Entertainment,4,99,1,3,1,0
23095.32,Refund,Healthcare,16,56,0,5,0,0
23662.14,Purchase,Restaurant,2,91,0,3,1,0
20079.57,Purchase,Fuel,19,90,1,1,0,0
69954.02,Withdrawal,Travel,13,1,0,0,0,1
82701.25,Purchase,Entertainment,20,44,1,5,0,1
1397.68,Deposit,Fuel,13,22,0,3,0,0
703.06,Deposit,Healthcare,6,20,0,5,1,0
17065.84,Withdrawal,Utility,17,36,1,5,0,0
35741.82,Purchase,Entertainment,22,67,0,3,0,0
80658.46,Transfer,Travel,16,62,0,1,0,1
24815.56,Purchase,Travel,12,40,0,5,0,0
46016.9,Transfer,Electronics,11,68,1,3,0,1
59939.42,Refund,Utility,22,35,0,2,0,1
51943.84,Payment,Healthcare,9,74,1,5,0,1
42979.85,Refund,Electronics,18,51,1,1,0,0
4846.44,Purchase,Healthcare,6,52,1,2,0,0
9191.92,Purchase,Entertainment,1,7,0,5,0,0
25254.46,Deposit,Travel,22,55,1,4,0,0
78149.38,Withdrawal,Healthcare,7,36,0,3,0,1
6290.28,Refund,ATM,22,50,1,5,1,0
75599.64,Payment,ATM,4,85,0,5,0,1
54422.39,Refund,Utility,11,62,1,0,0,0
16094.74,Deposit,Shopping,15,55,1,0,0,0
13725.38,Payment,Electronics,17,50,1,5,0,0
8518.75,Refund,Grocery,8,5,0,4,1,0
38098.55,Deposit,Shopping,22,30,1,5,0,0
77712.84,Purchase,Healthcare,5,60,0,4,0,1
12944.36,Deposit,Electronics,4,43,1,1,0,0
41841.65,Withdrawal,Healthcare,3,22,1,3,1,1
50572.01,Purchase,Entertainment,17,42,1,3,0,1
4285.0,Purchase,Fuel,16,71,1,2,0,0
2120.5,Purchase,Electronics,20,17,0,0,0,0
27876.0,Payment,Electronics,10,48,1,5,0,0
18764.54,Deposit,Utility,21,12,1,0,0,0
67990.28,Transfer,Fuel,16,69,1,3,0,1
9457.9,Refund,Grocery,22,88,1,4,0,0
16664.6,Purchase,Travel,22,14,1,2,1,0
10131.86,Purchase,Restaurant,15,19,0,0,0,0
25452.81,Purchase,Healthcare,8,72,1,1,1,0
45346.51,Purchase,Fuel,19,41,1,2,0,0
52487.94,Refund,ATM,14,43,0,3,0,1
17096.8,Purchase,Grocery,11,53,0,4,0,0
77087.79,Withdrawal,Fuel,19,83,0,5,0,1
43707.65,Refund,Entertainment,5,79,0,4,0,1
47597.43,Deposit,Entertainment,2,25,1,0,0,0
7532.33,Purchase,Grocery,6,64,1,5,0,0
41646.93,Withdrawal,Grocery,19,54,1,0,0,0
21790.45,Payment,Utility,21,42,1,0,0,0
29854.08,Transfer,Entertainment,4,89,0,4,0,0
80788.21,Transfer,Entertainment,22,79,0,5,0,1
35227.5,Refund,Grocery,18,44,0,4,0,0
49303.31,Refund,ATM,1,46,1,0,0,0
3379.28,Payment,Entertainment,4,94,1,5,0,0
13691.6,Purchase,Travel,7,4,1,0,0,0
33265.78,Withdrawal,Healthcare,13,62,1,3,1,0
3492.19,Refund,Utility,23,1,1,2,0,0
64524.91,Purchase,ATM,21,9,0,3,0,1
20541.9,Withdrawal,Fuel,9,99,1,2,0,0
47599.19,Deposit,Utility,1,26,1,1,0,0
39200.93,Purchase,Utility,2,85,0,0,0,0
39183.97,Transfer,Utility,20,6,1,4,0,0
17134.01,Deposit,Healthcare,18,36,0,5,1,0
12596.45,Transfer,Grocery,13,27,1,4,0,0
15181.75,Refund,Fuel,16,52,0,3,0,0
16214.25,Deposit,Electronics,2,47,0,2,1,0
42385.69,Purchase,Entertainment,11,7,1,2,0,0
22248.45,Purchase,Travel,9,8,1,4,1,0
20407.43,Transfer,Shopping,4,50,0,3,0,0
83760.32,Withdrawal,ATM,7,5,0,4,0,1
67080.62,Purchase,Electronics,15,61,0,2,0,1
8018.92,Purchase,Utility,9,21,0,0,0,0
25247.7,Deposit,ATM,20,21,1,5,0,0
21900.94,Refund,ATM,15,6,1,1,0,0
11750.06,Withdrawal,Electronics,0,31,1,4,1,0
65217.98,Refund,Healthcare,3,19,0,0,1,1
15289.11,Transfer,Restaurant,14,93,1,0,1,0
4168.67,Withdrawal,Fuel,11,53,0,4,0,0
18064.42,Purchase,Restaurant,3,20,0,4,0,0
3496.79,Withdrawal,Restaurant,17,11,1,2,0,0
26045.66,Withdrawal,Utility,22,35,0,2,0,0
4532.68,Withdrawal,Fuel,11,48,0,1,1,0
4784.42,Refund,Fuel,20,2,1,2,0,0
30544.03,Purchase,Healthcare,21,67,1,1,1,0
31294.36,Withdrawal,Fuel,20,65,1,2,0,0
85378.05,Withdrawal,ATM,23,16,1,3,0,1
32565.92,Purchase,ATM,17,75,0,5,1,0
56890.67,Payment,Grocery,2,61,0,0,0,1
15287.94,Payment,Healthcare,8,6,0,0,0,0
18018.65,Withdrawal,Electronics,21,21,0,1,1,0
61154.86,Withdrawal,Restaurant,4,57,0,2,0,1
25522.38,Purchase,Restaurant,16,74,0,2,1,0
9160.04,Transfer,ATM,18,42,0,5,0,0
63505.26,Transfer,Restaurant,23,61,1,5,0,1
7397.56,Payment,Electronics,12,37,1,1,0,0
2493.96,Transfer,Healthcare,23,87,1,1,1,0
59098.89,Transfer,Restaurant,16,47,1,2,0,0
28357.1,Refund,Electronics,23,82,0,1,0,0
12773.46,Deposit,Healthcare,8,96,1,4,0,0
48321.25,Refund,Electronics,3,97,0,1,0,1
25232.8,Withdrawal,Electronics,5,14,1,0,1,0
38397.91,Transfer,Electronics,18,59,0,5,0,0
8694.55,Withdrawal,ATM,16,82,0,1,0,0
83399.91,Transfer,Fuel,20,65,0,0,0,1
21439.92,Refund,Shopping,17,85,1,0,0,0
3529.87,Refund,Healthcare,1,36,0,4,0,0
37366.02,Payment,Entertainment,13,43,0,2,0,0
23159.93,Payment,Fuel,4,31,0,4,0,0
41753.46,Payment,ATM,11,35,1,3,0,1
65847.28,Withdrawal,Grocery,11,39,1,0,1,1
10021.32,Purchase,Entertainment,5,85,0,3,1,0
36161.21,Refund,Fuel,11,24,0,1,0,0
47372.92,Deposit,Entertainment,13,19,1,1,0,0
2839.96,Payment,Grocery,2,18,0,0,0,0
7708.61,Transfer,Shopping,16,21,0,1,1,0
30890.63,Transfer,Shopping,10,76,0,0,1,0
3281.61,Transfer,Shopping,15,65,1,1,0,0
26408.86,Transfer,Restaurant,17,51,1,5,1,0
56235.16,Purchase,Restaurant,15,81,0,3,1,1
41092.09,Refund,Grocery,6,53,1,0,0,0
29039.55,Deposit,Travel,1,12,0,1,0,0
56121.58,Withdrawal,Fuel,6,82,1,4,1,1
37504.16,Withdrawal,Healthcare,1,56,0,3,0,0
32373.84,Deposit,Restaurant,12,40,1,0,0,0
7372.83,Payment,Utility,14,82,1,2,0,0
35209.26,Refund,Restaurant,12,66,0,4,0,0
43502.92,Withdrawal,Fuel,0,57,1,2,0,0
36083.78,Purchase,Utility,11,46,0,2,0,0
54073.63,Purchase,Fuel,11,42,0,2,0,1
52851.3,Withdrawal,Grocery,17,74,1,1,1,1
86385.22,Refund,Utility,1,26,0,1,0,1
30703.4,Withdrawal,Entertainment,6,6,0,5,0,0
57587.21,Transfer,Shopping,23,55,1,2,0,0
8332.46,Payment,Grocery,9,65,0,1,1,0
71568.47,Refund,Electronics,14,94,1,0,1,1
60542.56,Deposit,Utility,2,69,0,5,1,1
26937.88,Withdrawal,Electronics,18,16,1,1,1,0
61987.2,Withdrawal,Grocery,14,33,1,4,1,1
10390.48,Payment,Electronics,1,96,1,4,0,0
19591.92,Payment,ATM,8,80,0,3,1,0
24618.08,Transfer,Shopping,19,71,0,1,0,0
31354.58,Withdrawal,Utility,1,38,0,2,0,0
6681.29,Transfer,Entertainment,4,31,0,1,0,0
8517.42,Payment,Fuel,18,7,0,1,1,0
7234.23,Deposit,Healthcare,20,63,0,5,0,0
19699.3,Refund,Travel,2,26,0,3,0,0
36881.12,Withdrawal,ATM,1,82,0,1,0,0
34927.35,Withdrawal,Grocery,11,62,0,4,0,0
29851.33,Withdrawal,Fuel,13,31,0,1,0,0
77861.46,Withdrawal,Utility,2,83,1,2,0,1
53544.8,Purchase,Fuel,20,46,1,4,0,1
63120.77,Purchase,Entertainment,0,26,0,4,0,1
21047.87,Deposit,Electronics,2,38,0,1,0,0
85143.87,Purchase,Shopping,0,37,0,1,1,1
13229.55,Refund,Electronics,5,89,0,1,0,0
66485.83,Transfer,Healthcare,4,85,0,5,0,1
61338.63,Payment,Shopping,3,50,0,0,0,1
4146.77,Payment,Travel,14,3,1,3,0,0
3943.58,Transfer,Electronics,13,28,1,0,0,0
52547.52,Withdrawal,Electronics,0,49,0,0,0,1
491.56,Deposit,Entertainment,9,42,1,4,0,0
50599.42,Deposit,ATM,8,97,0,5,0,1
246.32,Purchase,ATM,9,53,1,1,1,0
55035.77,Withdrawal,Restaurant,23,66,1,4,0,1
35893.13,Deposit,Restaurant,22,49,1,3,0,0
29825.39,Refund,Travel,6,39,0,2,0,0
7333.14,Purchase,Restaurant,22,41,0,5,0,0
7480.35,Transfer,Travel,4,34,0,0,1,0
6305.28,Purchase,Electronics,12,12,0,2,0,0
35456.12,Withdrawal,Electronics,21,17,1,0,0,0
43557.54,Deposit,Grocery,13,89,0,0,0,1
11706.03,Payment,Utility,8,54,1,3,0,0
55592.89,Refund,Restaurant,3,56,0,5,0,1
26445.69,Transfer,Utility,9,74,0,4,0,0
24655.93,Payment,Electronics,15,57,0,2,0,0
9148.61,Refund,ATM,22,49,1,1,0,0
19584.84,Transfer,Entertainment,18,50,0,0,0,0
52178.26,Refund,ATM,19,54,0,4,0,1
1267.28,Withdrawal,Healthcare,6,7,0,3,0,0
8803.5,Transfer,Shopping,4,33,0,0,0,0
14382.27,Payment,Restaurant,17,15,0,0,1,0
20562.2,Withdrawal,Fuel,9,62,0,2,0,0
36912.81,Refund,ATM,19,90,1,3,0,0
56711.49,Withdrawal,Electronics,12,73,1,1,0,1
14583.82,Refund,Travel,20,69,1,0,1,0
37700.74,Transfer,Restaurant,2,74,0,5,0,0
20448.53,Deposit,Restaurant,8,51,1,5,1,0
55440.49,Refund,ATM,15,8,0,2,0,1
27369.6,Withdrawal,Utility,1,80,1,2,1,0
24959.28,Deposit,Fuel,1,7,1,5,0,0
16476.35,Refund,Shopping,23,100,0,4,1,0
29395.15,Transfer,Restaurant,17,23,0,0,1,0
43799.86,Payment,Electronics,5,74,1,5,0,1
43530.99,Transfer,Restaurant,20,1,0,1,1,1
29850.62,Withdrawal,Entertainment,12,23,0,3,0,0
21943.61,Transfer,Healthcare,14,2,1,3,0,0
64575.02,Payment,Electronics,13,19,0,4,0,1
24524.78,Transfer,Travel,10,89,1,2,1,0
59428.74,Deposit,Shopping,3,15,0,0,0,1
73221.83,Transfer,Travel,7,7,1,0,1,1
85681.29,Refund,Restaurant,16,59,0,5,1,1
11778.55,Refund,Restaurant,7,46,0,2,0,0
32731.27,Transfer,Healthcare,17,17,0,5,0,0
12158.92,Purchase,Electronics,23,61,0,0,1,0
32659.4,Refund,Electronics,22,16,1,4,0,0
76054.01,Refund,Travel,8,25,1,5,0,1
45275.99,Withdrawal,Shopping,9,8,0,4,0,1
34087.03,Refund,Shopping,14,1,1,4,0,0
70514.39,Purchase,Shopping,20,60,0,1,0,1
18351.41,Transfer,Grocery,19,54,0,1,0,0
14659.23,Purchase,Travel,23,94,0,4,0,0
19655.51,Withdrawal,Restaurant,14,87,1,1,0,0
34152.5,Refund,Grocery,10,71,0,4,0,0
4106.63,Refund,Electronics,9,67,0,2,0,0
50754.55,Transfer,Entertainment,15,36,1,2,0,0
23549.58,Withdrawal,Utility,6,7,0,3,0,0
50099.09,Payment,Grocery,8,68,1,0,0,0
37270.02,Refund,Grocery,8,86,0,4,0,0
29367.12,Deposit,Healthcare,14,55,0,1,1,0
82802.5,Refund,ATM,7,66,0,2,1,1
35217.24,Withdrawal,Utility,13,2,1,4,0,0
27366.9,Purchase,Utility,19,73,1,0,0,0
48132.99,Deposit,Utility,6,13,0,4,0,1
31267.58,Withdrawal,Entertainment,5,24,1,2,1,0
4540.27,Purchase,ATM,0,32,0,1,0,0
26059.03,Withdrawal,Shopping,16,55,0,4,1,0
79577.98,Purchase,Utility,0,79,1,0,0,1
43587.91,Purchase,Entertainment,17,44,1,2,0,0
61364.57,Refund,Shopping,21,10,0,2,0,1
2591.79,Transfer,Utility,9,73,0,5,0,0
24427.63,Refund,Electronics,1,61,0,2,0,0
23352.56,Purchase,Restaurant,18,86,0,3,0,0
7996.76,Transfer,Travel,7,94,0,4,1,0
39234.63,Deposit,ATM,18,73,0,3,0,0
14160.71,Withdrawal,Utility,3,41,0,1,1,0
6787.7,Deposit,Fuel,23,18,1,1,1,0
20419.2,Payment,Electronics,12,72,0,1,0,0
17955.41,Purchase,Utility,16,13,0,2,0,0
22049.4,Transfer,Grocery,6,41,1,5,0,0
28459.11,Withdrawal,Electronics,3,91,0,5,0,0
19796.84,Payment,Electronics,9,34,1,0,0,0
66837.12,Refund,ATM,15,78,1,1,0,1
21124.96,Refund,Electronics,3,2,1,2,1,0
39286.74,Purchase,Entertainment,11,98,0,0,0,0
11403.31,Purchase,Grocery,13,69,1,2,0,0
53150.33,Purchase,Healthcare,4,3,1,1,0,0
3009.73,Payment,Grocery,8,21,1,4,0,0
1298.99,Purchase,Restaurant,12,62,0,2,0,0
75587.04,Refund,Restaurant,4,93,0,0,0,1
36397.09,Payment,Travel,4,9,0,1,1,0
35351.5,Transfer,Entertainment,9,29,0,0,0,0
61151.9,Deposit,Fuel,0,73,1,3,0,1
31301.84,Purchase,Utility,16,98,1,1,0,0
15120.04,Refund,Fuel,14,75,1,4,0,0
8525.25,Withdrawal,Fuel,18,33,0,3,0,0
5809.45,Refund,ATM,0,16,1,2,0,0
38713.96,Payment,Travel,8,58,1,0,0,0
25761.14,Payment,Shopping,3,46,1,1,1,0
7032.97,Deposit,Grocery,21,78,1,4,0,0
47590.29,Purchase,Grocery,6,73,0,4,0,1
53737.17,Transfer,Utility,12,44,1,2,0,0
48177.47,Refund,Shopping,17,65,1,0,0,0
33362.5,Withdrawal,Electronics,18,27,0,2,0,0
1126.28,Purchase,Shopping,20,39,0,4,1,0
13993.29,Deposit,Healthcare,13,21,0,4,1,0
88879.33,Refund,Healthcare,7,18,0,0,0,1
37742.76,Withdrawal,ATM,22,63,1,4,0,0
18494.46,Withdrawal,Restaurant,16,13,1,2,1,0
21293.61,Withdrawal,Fuel,20,78,1,2,1,0
53497.54,Withdrawal,Shopping,7,47,0,3,0,1
7737.59,Refund,Grocery,15,82,1,2,0,0
56155.11,Payment,ATM,4,89,0,1,0,1
31565.37,Deposit,Utility,21,2,0,1,0,0
59727.31,Refund,ATM,23,61,0,5,0,1
78963.74,Purchase,Grocery,20,46,0,0,1,1
28488.72,Refund,Healthcare,3,4,1,4,1,0
11582.45,Deposit,Utility,10,25,0,1,1,0
8808.87,Deposit,Utility,15,27,1,5,0,0
30937.47,Payment,Shopping,10,92,1,1,0,0
26396.43,Deposit,Grocery,23,35,0,3,0,0
64611.54,Deposit,Healthcare,5,95,0,4,0,1
59810.18,Purchase,ATM,2,67,0,4,0,1
53357.23,Withdrawal,Utility,10,82,0,3,0,1
33733.51,Purchase,Fuel,23,26,0,3,0,0
39151.64,Transfer,Electronics,2,51,0,3,1,0
88561.66,Withdrawal,Shopping,19,30,0,5,0,1
27082.95,Deposit,Healthcare,18,3,0,3,0,0
4417.23,Payment,Shopping,16,77,1,1,0,0
775.7,Purchase,Electronics,1,11,1,2,0,0
53764.29,Payment,Healthcare,9,67,1,0,0,0
36101.55,Purchase,Utility,3,62,1,3,0,0
12252.24,Purchase,Utility,19,24,0,1,0,0
86698.26,Payment,Restaurant,12,19,0,0,0,1
50497.55,Deposit,Grocery,22,60,0,3,1,1
61625.32,Refund,Travel,16,100,1,1,0,1
16988.91,Refund,Travel,12,28,1,5,1,0
35444.72,Withdrawal,Healthcare,6,94,1,4,0,0
58478.05,Withdrawal,Healthcare,4,50,0,3,0,1
20303.55,Withdrawal,Grocery,8,15,0,2,0,0
38250.76,Refund,ATM,12,2,0,4,0,0
24309.53,Payment,Fuel,17,50,1,2,1,0
49934.59,Refund,Grocery,15,25,1,2,1,1
25701.4,Refund,Grocery,13,46,1,0,0,0
40885.31,Payment,Fuel,4,26,0,2,1,1
34459.23,Purchase,Fuel,0,58,1,2,1,0
18035.9,Payment,Utility,11,67,0,5,0,0
13990.05,Transfer,Healthcare,14,57,1,5,0,0
7269.45,Deposit,ATM,12,53,0,3,1,0
28967.16,Purchase,Healthcare,11,80,1,3,1,0
47324.17,Deposit,Healthcare,1,33,1,0,1,1
39651.1,Refund,Fuel,11,11,0,0,0,0
37850.4,Payment,Travel,5,79,0,3,0,0
26064.39,Payment,Fuel,8,88,0,5,0,0
73138.06,Payment,ATM,7,26,0,4,0,1
12184.89,Payment,Shopping,12,85,0,5,1,0
11659.52,Deposit,Electronics,8,12,0,2,0,0
10680.16,Refund,Utility,16,41,0,2,0,0
13884.08,Purchase,Electronics,18,4,1,3,1,0
55654.26,Payment,Shopping,10,23,0,3,0,1
58654.43,Transfer,Travel,17,94,1,4,1,1
5555.41,Purchase,Shopping,3,10,0,2,0,0
28962.72,Transfer,Grocery,21,62,1,5,1,0
21265.24,Payment,Electronics,19,69,1,3,0,0
2837.72,Withdrawal,Shopping,6,59,0,1,0,0
2495.98,Payment,Healthcare,14,52,0,1,0,0
34716.29,Payment,Utility,6,83,1,1,0,0
81732.64,Transfer,Electronics,8,40,0,1,1,1
3521.01,Refund,Shopping,17,2,0,3,0,0
155.92,Refund,Restaurant,10,21,1,0,0,0
29965.66,Refund,Shopping,14,46,1,2,1,0
2695.4,Deposit,Grocery,0,37,1,2,1,0
2048.0,Purchase,Fuel,23,67,0,4,1,0
4526.76,Transfer,Electronics,3,51,0,4,1,0
11715.41,Purchase,Grocery,16,26,0,0,0,0
24572.29,Deposit,Fuel,14,72,0,0,0,0
5225.11,Purchase,Shopping,17,53,0,4,0,0
15844.9,Payment,Fuel,17,40,0,4,0,0
14994.47,Transfer,Entertainment,19,4,1,3,0,0
42287.04,Deposit,Electronics,17,26,1,3,1,1
22572.53,Transfer,Restaurant,16,78,0,1,0,0
55563.73,Deposit,Healthcare,3,78,1,0,1,1
24802.05,Refund,ATM,5,60,1,4,0,0
27962.9,Payment,ATM,12,89,1,5,0,0
89541.9,Refund,ATM,11,50,0,5,0,1
31589.82,Payment,Travel,4,16,1,1,0,0
19854.33,Refund,Entertainment,23,35,0,0,0,0
55389.0,Purchase,Electronics,16,37,0,5,1,1
38189.78,Withdrawal,Grocery,11,69,0,2,0,0
22646.39,Refund,Shopping,0,90,0,2,0,0
76955.23,Withdrawal,Utility,7,86,0,3,1,1
52508.93,Payment,Grocery,12,19,1,0,0,0
36581.61,Payment,ATM,5,52,0,0,0,0
78090.92,Transfer,Entertainment,22,8,1,5,0,1
41237.14,Payment,Utility,22,31,1,5,0,1
4276.87,Purchase,Electronics,18,94,1,1,0,0
6901.54,Withdrawal,Grocery,23,19,1,1,0,0
74709.82,Withdrawal,Electronics,15,38,0,4,0,1
14740.17,Withdrawal,Restaurant,8,3,1,4,1,0
46876.38,Transfer,Entertainment,18,24,0,1,1,1
35496.88,Withdrawal,Healthcare,4,75,1,3,0,0
12730.5,Payment,Healthcare,4,85,1,3,0,0
656.82,Deposit,ATM,2,23,0,4,0,0
4372.41,Withdrawal,Utility,1,81,1,0,0,0
9685.38,Purchase,Utility,21,32,0,3,0,0
20664.08,Refund,Restaurant,6,71,0,4,0,0
60146.74,Deposit,Healthcare,21,84,1,2,0,1
1361.22,Withdrawal,Shopping,21,44,1,1,0,0
52036.24,Payment,Utility,22,10,0,1,0,1
18611.85,Payment,Grocery,18,3,0,0,0,0
19808.89,Payment,Healthcare,9,30,0,5,0,0
48810.05,Withdrawal,Restaurant,18,43,0,1,0,1
39162.49,Refund,Grocery,3,23,0,4,0,0
36084.75,Refund,ATM,7,82,1,2,0,0
55739.27,Purchase,Restaurant,21,7,0,3,1,1
33580.6,Refund,ATM,2,84,0,2,1,0
3968.28,Purchase,Entertainment,20,4,1,2,1,0
10873.83,Purchase,Utility,9,61,0,3,1,0
28936.12,Transfer,Grocery,13,70,1,3,0,0
42479.99,Transfer,Restaurant,17,54,1,4,1,1
75580.36,Withdrawal,Healthcare,20,17,0,4,0,1
34630.87,Withdrawal,Electronics,12,78,0,1,1,0
19834.93,Refund,Travel,7,92,1,1,0,0
23820.22,Payment,Shopping,0,59,0,2,0,0
39038.83,Transfer,Entertainment,11,23,0,2,0,0
37651.82,Purchase,Restaurant,12,16,0,0,0,0
5922.49,Deposit,Grocery,23,43,0,0,0,0
10258.73,Refund,ATM,10,1,0,4,1,0
21125.38,Transfer,Entertainment,4,58,0,3,1,0
82916.95,Withdrawal,Grocery,11,74,0,5,0,1
15181.45,Deposit,Fuel,7,75,1,2,0,0
37495.21,Payment,Healthcare,4,84,1,4,0,0
5467.96,Refund,Travel,19,63,1,3,0,0
62816.56,Refund,Healthcare,13,88,1,3,0,1
33526.88,Withdrawal,Fuel,20,72,1,5,1,0
61032.52,Refund,Healthcare,3,89,1,1,1,1
53666.22,Refund,Shopping,4,65,0,5,0,1
793.85,Deposit,Grocery,21,20,1,1,0,0
69631.18,Withdrawal,ATM,22,67,0,2,0,1
22691.12,Refund,Utility,17,23,1,1,0,0
39050.55,Deposit,Grocery,18,75,1,5,0,0
68745.05,Payment,Electronics,12,9,0,0,0,1
23600.24,Deposit,Shopping,22,67,0,3,0,0
52782.57,Payment,ATM,16,61,1,1,0,0
5560.88,Withdrawal,Shopping,9,39,1,3,0,0
82047.95,Refund,Travel,9,77,1,5,1,1
39039.74,Payment,Grocery,9,79,1,5,0,0
73874.86,Purchase,Travel,6,50,0,2,0,1
42011.51,Refund,Restaurant,2,30,0,0,0,1
769.57,Purchase,Healthcare,18,14,1,3,0,0
30798.64,Purchase,Utility,4,56,0,3,1,0
17347.78,Transfer,Electronics,13,38,0,5,1,0
6271.54,Purchase,Travel,17,98,1,2,0,0
47617.59,Withdrawal,Shopping,5,62,0,4,0,1
52302.92,Refund,Shopping,2,15,1,3,0,1
29768.39,Transfer,Shopping,23,32,0,2,0,0
71037.1,Deposit,Shopping,11,80,0,1,0,1
30176.8,Withdrawal,Restaurant,8,47,0,1,0,0
84896.87,Purchase,Entertainment,18,33,1,5,1,1
24450.45,Refund,Fuel,19,81,0,2,1,0
21451.48,Purchase,Utility,4,43,1,5,1,0
25154.64,Deposit,Electronics,6,12,1,5,0,0
41173.2,Payment,Utility,20,55,0,0,0,1
37691.39,Payment,Fuel,19,37,1,2,1,0
23448.71,Withdrawal,Utility,4,40,1,2,1,0
6370.68,Refund,ATM,17,99,1,2,0,0
23909.17,Transfer,Shopping,18,32,0,5,0,0
61400.92,Withdrawal,ATM,18,56,0,0,0,1
34565.43,Deposit,ATM,18,88,1,3,0,0
4804.81,Deposit,Healthcare,10,80,1,5,1,0
6276.32,Purchase,ATM,14,59,1,0,0,0
8199.62,Withdrawal,Entertainment,8,4,1,1,0,0
11509.69,Refund,Restaurant,5,18,1,3,1,0
16813.28,Deposit,Grocery,10,59,0,0,1,0
37119.07,Deposit,Restaurant,4,85,1,0,1,0
20778.25,Payment,Healthcare,18,73,0,5,0,0
21319.59,Withdrawal,Fuel,14,91,0,4,0,0
57733.91,Transfer,Utility,1,8,1,4,1,1
55465.12,Purchase,Fuel,18,54,0,0,0,1
45169.09,Payment,Healthcare,1,99,1,3,0,1
7452.65,Payment,Electronics,21,21,0,3,0,0
64799.41,Deposit,ATM,12,97,1,1,0,1
55899.1,Deposit,Healthcare,17,68,0,3,0,1
45401.3,Refund,Electronics,4,60,1,1,0,0
11440.36,Payment,Healthcare,21,22,1,4,0,0
21025.19,Refund,Shopping,15,21,1,1,1,0
82255.16,Purchase,Healthcare,0,89,1,2,0,1
2942.79,Refund,Travel,6,14,1,2,1,0
74029.7,Refund,Healthcare,17,72,1,2,0,1
70827.73,Deposit,Restaurant,5,69,1,2,1,1
32963.1,Withdrawal,Fuel,16,9,1,0,0,0
12253.33,Withdrawal,Shopping,3,73,1,0,0,0
26618.17,Refund,Utility,14,46,0,1,1,0
34911.32,Refund,Restaurant,11,66,1,2,0,0
49707.05,Deposit,Shopping,13,63,0,1,0,1
74989.42,Deposit,Electronics,19,53,1,5,1,1
31155.89,Deposit,Restaurant,7,46,1,3,0,0
59640.45,Deposit,Fuel,16,22,0,3,0,1
2087.3,Deposit,ATM,15,64,1,3,0,0
51297.86,Transfer,Fuel,18,65,1,0,1,1
52196.46,Payment,Shopping,2,87,0,5,0,1
50878.16,Payment,Restaurant,4,96,0,0,0,1
32239.98,Transfer,ATM,2,94,0,5,0,0
43811.25,Deposit,Entertainment,21,58,0,0,0,1
75565.77,Deposit,ATM,8,74,0,5,1,1
10950.18,Purchase,Shopping,10,90,0,1,0,0
34205.57,Withdrawal,Electronics,10,81,0,0,0,0
33006.52,Payment,Electronics,4,40,0,0,0,0
63442.59,Transfer,Restaurant,10,94,1,1,0,1
83295.44,Payment,Fuel,15,25,0,0,1,1
44616.03,Payment,Restaurant,5,88,1,2,0,1
45374.94,Withdrawal,Entertainment,0,52,1,3,0,1
83109.37,Refund,Shopping,11,88,0,0,1,1
49820.95,Payment,Fuel,4,75,0,1,0,1
27209.03,Transfer,Healthcare,13,10,1,1,0,0
26823.1,Withdrawal,Grocery,21,57,1,5,1,0
27906.49,Deposit,Healthcare,20,1,0,0,0,0
34353.27,Deposit,Entertainment,12,75,1,1,0,0
40299.38,Purchase,Utility,2,19,1,0,0,0
22953.41,Payment,Travel,22,20,0,5,0,0
48386.13,Withdrawal,Healthcare,14,16,0,1,0,1
38605.79,Deposit,Restaurant,14,14,0,2,0,0
65467.96,Withdrawal,Entertainment,1,76,1,5,0,1
9739.68,Purchase,Utility,22,100,1,2,0,0
26689.03,Purchase,Utility,16,2,1,3,1,0
23989.45,Transfer,Shopping,2,66,0,0,0,0
69620.21,Deposit,Entertainment,16,35,0,3,0,1
21893.26,Refund,Electronics,7,41,1,4,1,0
39466.34,Withdrawal,Utility,4,71,1,4,0,0
11175.65,Refund,Healthcare,21,15,1,3,1,0
3571.34,Deposit,Restaurant,16,5,0,3,1,0
5352.25,Refund,Healthcare,13,9,1,3,1,0
3211.75,Deposit,Entertainment,8,10,0,2,1,0
25809.87,Deposit,ATM,18,12,0,4,0,0
36444.41,Withdrawal,Fuel,4,67,0,5,0,0
9137.65,Refund,Shopping,0,10,0,2,1,0
23300.9,Purchase,ATM,13,63,0,4,1,0
49034.9,Transfer,Electronics,19,56,1,1,1,1
37287.46,Purchase,Restaurant,19,93,0,3,0,0
40479.1,Refund,Electronics,9,30,0,4,1,1
45721.19,Transfer,Restaurant,0,71,0,1,1,1
4636.81,Purchase,Electronics,9,55,1,0,0,0
14526.06,Deposit,Shopping,21,72,0,3,0,0
2435.73,Deposit,Fuel,9,93,0,1,1,0
26234.12,Withdrawal,Utility,8,45,1,3,1,0
34305.16,Deposit,Restaurant,18,39,0,4,0,0
29373.64,Withdrawal,Utility,10,65,1,5,0,0
40247.36,Transfer,ATM,9,58,0,1,1,1
36774.84,Purchase,ATM,4,33,1,3,0,0
7281.94,Payment,ATM,20,50,0,1,1,0
1938.82,Deposit,Electronics,19,26,1,0,1,0
28118.54,Refund,Utility,3,54,1,0,0,0
17342.72,Withdrawal,Utility,12,9,0,2,0,0
48201.18,Refund,Electronics,13,75,1,2,0,1
8098.31,Transfer,Travel,10,39,0,5,1,0
37837.75,Transfer,Utility,11,98,0,4,1,0
59758.49,Refund,Fuel,21,5,0,2,0,1
62077.89,Payment,ATM,5,47,1,4,1,1
21295.59,Purchase,Electronics,2,52,1,2,1,0
33194.52,Purchase,Travel,0,31,1,2,0,0
39296.32,Refund,Grocery,21,88,0,3,1,0
38408.6,Transfer,Entertainment,21,98,1,3,0,0
32442.42,Withdrawal,Entertainment,0,6,1,5,0,0
46734.2,Purchase,Entertainment,7,93,0,3,0,1
39784.21,Payment,ATM,22,15,0,4,1,0
79189.8,Payment,Fuel,2,74,0,3,0,1
1969.1,Purchase,Entertainment,10,12,1,4,0,0
72578.02,Payment,Fuel,3,42,0,2,1,1
692.58,Transfer,Shopping,14,11,1,0,0,0
68804.94,Deposit,Travel,10,85,1,0,0,1
8757.22,Purchase,Grocery,20,42,0,4,0,0
15535.1,Withdrawal,Travel,11,85,1,1,0,0
12026.2,Withdrawal,Restaurant,5,83,0,1,0,0
13160.69,Purchase,Fuel,10,66,0,1,0,0
56486.66,Deposit,Electronics,7,18,0,3,1,1
816.23,Deposit,Utility,20,34,1,3,0,0
54572.7,Deposit,Shopping,3,16,0,5,1,1
20438.67,Purchase,Shopping,15,54,1,3,0,0
21103.69,Withdrawal,Healthcare,20,84,0,5,0,0
40763.91,Payment,Shopping,9,29,1,0,0,0
23562.59,Refund,Grocery,6,26,1,0,0,0
13319.48,Payment,Travel,0,54,0,2,0,0
33426.91,Deposit,Travel,3,15,1,1,1,0
21136.4,Transfer,Travel,21,58,0,3,0,0
10212.24,Withdrawal,Grocery,7,35,0,3,0,0
38233.8,Withdrawal,Fuel,4,52,0,3,0,0
1073.7,Payment,Grocery,4,24,1,5,0,0
34156.58,Deposit,Utility,10,11,0,0,0,0
28124.29,Refund,Healthcare,0,74,1,2,1,0
36421.27,Refund,ATM,11,81,1,2,0,0
52589.87,Deposit,Shopping,21,12,1,0,0,0
17961.11,Purchase,Restaurant,5,76,0,4,0,0
13132.26,Deposit,Fuel,3,28,1,5,0,0
17430.25,Purchase,Restaurant,7,98,0,0,0,0
75713.43,Withdrawal,ATM,10,49,0,1,0,1
1532.5,Refund,Travel,16,63,0,0,0,0
19602.53,Payment,Travel,4,7,0,5,0,0
73700.78,Payment,ATM,6,11,1,0,1,1
13937.28,Purchase,Healthcare,7,68,1,2,0,0
8012.23,Withdrawal,Grocery,11,30,1,4,1,0
22979.01,Payment,Entertainment,7,2,0,5,1,0
36472.42,Withdrawal,Fuel,10,18,1,5,0,0
16528.48,Payment,Utility,8,71,0,1,0,0
3850.72,Purchase,Restaurant,15,47,1,4,0,0
35399.29,Transfer,Restaurant,2,39,0,0,0,0
14533.46,Refund,Utility,22,72,1,1,0,0
812.44,Withdrawal,Utility,3,66,1,1,0,0
30152.75,Refund,Shopping,16,47,1,5,0,0
3026.16,Withdrawal,Shopping,10,20,0,1,0,0
70534.29,Transfer,Electronics,12,35,1,5,0,1
55886.54,Payment,Healthcare,17,62,0,1,0,1
40081.86,Refund,Travel,23,6,1,1,0,0
24768.29,Transfer,ATM,8,2,0,5,0,0
37706.76,Refund,Grocery,13,71,0,1,0,0
26020.63,Withdrawal,Entertainment,4,19,1,5,0,0
39964.15,Withdrawal,Entertainment,10,47,1,0,0,0
51062.84,Deposit,Utility,4,30,1,5,0,1
28084.33,Withdrawal,Utility,8,89,1,3,0,0
27041.84,Transfer,ATM,19,34,1,3,0,0
75641.31,Transfer,Restaurant,12,8,1,5,0,1
23198.57,Payment,Utility,9,1,0,5,0,0
64302.74,Withdrawal,Shopping,14,82,0,0,1,1
67875.31,Transfer,Shopping,1,98,0,1,0,1
17149.62,Refund,ATM,20,66,0,0,0,0
15802.51,Transfer,Shopping,20,78,1,3,0,0
79466.16,Deposit,Electronics,5,36,0,1,1,1
82043.63,Purchase,Restaurant,17,24,0,3,0,1
12791.97,Deposit,Electronics,17,53,1,3,0,0
24775.42,Deposit,ATM,13,62,1,3,1,0
33465.58,Transfer,ATM,9,88,1,1,1,0
46225.27,Deposit,Shopping,11,43,1,0,0,0
31856.66,Refund,Utility,22,17,1,5,0,0
15776.76,Payment,Grocery,13,26,0,3,1,0
9929.03,Payment,Fuel,22,53,1,5,0,0
57357.56,Payment,Shopping,3,30,1,0,0,0
76451.45,Deposit,ATM,7,52,1,0,1,1
28948.29,Deposit,Fuel,21,69,0,5,0,0
5437.17,Deposit,ATM,10,91,1,1,0,0
14484.24,Withdrawal,Fuel,8,44,0,5,0,0
5000.71,Purchase,Healthcare,21,88,0,2,0,0
15136.89,Transfer,Shopping,4,44,1,2,0,0
31679.85,Transfer,Restaurant,17,19,1,0,0,0
4244.66,Deposit,Entertainment,21,78,0,0,0,0
80475.53,Withdrawal,Healthcare,22,100,0,2,0,1
21218.9,Withdrawal,Shopping,6,37,1,1,0,0
38856.35,Withdrawal,Utility,1,54,0,3,1,0
8653.88,Deposit,Electronics,8,77,1,3,0,0
18817.63,Payment,ATM,3,64,0,1,0,0
35275.66,Withdrawal,Restaurant,9,9,1,5,1,0
27530.89,Deposit,Fuel,22,96,0,5,0,0
898.76,Purchase,Travel,5,37,1,4,1,0
10284.2,Purchase,Electronics,5,97,1,0,1,0
26742.5,Purchase,ATM,21,69,1,0,0,0
7116.28,Purchase,ATM,8,26,0,2,0,0
74360.73,Refund,ATM,15,16,1,4,1,1
16433.52,Payment,Electronics,11,53,0,3,1,0
17135.36,Deposit,Entertainment,20,86,1,5,0,0
60761.43,Transfer,Entertainment,18,50,0,5,1,1
31762.55,Payment,Utility,9,78,0,4,0,0
14081.39,Payment,Electronics,2,89,0,5,1,0
67007.41,Transfer,Restaurant,3,30,0,0,0,1
86727.19,Purchase,Entertainment,23,37,1,2,1,1
1184.44,Refund,ATM,0,36,1,4,0,0
58370.51,Purchase,Restaurant,7,61,0,3,0,1
17026.69,Refund,Utility,12,57,0,3,0,0
28922.96,Purchase,ATM,6,98,0,5,0,0
23568.48,Payment,Electronics,9,2,1,4,0,0
59326.12,Purchase,Travel,9,20,1,1,0,0
18502.43,Transfer,Grocery,17,65,1,0,1,0
43153.76,Transfer,Healthcare,2,32,0,2,0,1
14795.01,Transfer,Travel,4,51,0,3,0,0
17017.89,Purchase,Entertainment,3,64,1,4,0,0
13021.95,Withdrawal,Shopping,22,12,0,0,1,0
46948.0,Purchase,Travel,19,81,1,0,1,1
35808.49,Transfer,Shopping,13,65,1,0,1,0
36051.09,Payment,Restaurant,7,72,0,0,0,0
7108.63,Purchase,Grocery,19,14,0,2,0,0
36873.63,Payment,Shopping,11,3,1,3,0,0
37765.58,Deposit,Restaurant,21,50,1,3,0,0
53772.62,Payment,Electronics,0,79,1,0,0,1
22502.81,Withdrawal,Restaurant,17,81,0,1,0,0
50942.64,Payment,Travel,10,87,1,1,1,1
9183.03,Deposit,Travel,0,84,0,4,1,0
29265.2,Payment,ATM,12,47,1,3,1,0
51231.41,Deposit,Utility,17,65,1,0,0,0
54980.58,Refund,Healthcare,16,27,1,1,0,0
21291.61,Payment,Entertainment,6,17,1,3,1,0
64419.14,Transfer,Shopping,18,98,0,3,1,1
244.24,Purchase,ATM,22,96,1,2,0,0
52512.96,Refund,Electronics,23,39,0,2,0,1
22314.45,Withdrawal,Electronics,11,1,0,2,0,0
62893.99,Withdrawal,Healthcare,22,70,1,5,0,1
23460.16,Transfer,Electronics,23,57,1,1,1,0
50290.81,Purchase,Shopping,23,26,0,2,1,1
9051.68,Deposit,Entertainment,19,46,0,5,0,0
45613.64,Deposit,Entertainment,18,25,1,0,0,0
4230.59,Withdrawal,Travel,18,75,0,2,0,0
14227.12,Withdrawal,ATM,10,94,0,5,0,0
53235.42,Withdrawal,Healthcare,9,47,1,5,0,1
71292.28,Refund,Travel,20,10,0,1,1,1
26170.66,Deposit,Restaurant,23,93,0,0,0,0
2475.88,Refund,Entertainment,17,45,0,0,0,0
11083.6,Payment,Restaurant,10,77,0,0,0,0
47718.16,Deposit,Travel,14,3,1,2,0,0
67694.13,Refund,Fuel,4,36,0,0,0,1
36373.09,Refund,Travel,10,57,0,4,0,0
21360.79,Transfer,Fuel,20,52,0,4,0,0
16024.3,Withdrawal,Entertainment,5,98,1,4,0,0
24494.16,Deposit,Restaurant,10,28,1,4,0,0
26179.11,Purchase,Utility,5,2,1,0,0,0
23392.88,Payment,ATM,17,65,0,3,0,0
77291.57,Purchase,Electronics,11,84,0,3,1,1
32082.2,Purchase,Electronics,17,39,1,4,1,0
17436.73,Purchase,Travel,4,74,0,4,0,0
30679.49,Refund,Grocery,1,22,1,2,1,0
9475.9,Transfer,Utility,6,15,0,0,0,0
18158.76,Purchase,Restaurant,14,98,0,5,0,0
25110.37,Transfer,Restaurant,6,88,1,0,0,0
49222.66,Deposit,Utility,17,94,1,5,0,1
21249.18,Deposit,Restaurant,6,64,0,4,1,0
24102.06,Transfer,Electronics,0,17,0,5,0,0
81088.06,Transfer,Shopping,3,73,0,1,0,1
36020.65,Purchase,Travel,5,88,1,0,0,0
1350.38,Purchase,Utility,15,78,1,4,0,0
11088.49,Transfer,Utility,20,90,0,0,1,0
27945.26,Transfer,Grocery,2,58,1,2,0,0
12033.07,Transfer,Shopping,20,76,0,4,0,0
29139.78,Refund,Restaurant,13,3,1,5,0,0
29632.47,Payment,Grocery,13,56,0,5,0,0
58099.49,Payment,Travel,4,61,0,4,0,1
30972.62,Withdrawal,Travel,18,65,0,1,0,0
57088.07,Refund,Shopping,14,2,0,3,0,1
970.02,Purchase,Entertainment,19,53,0,1,1,0
31300.67,Transfer,Grocery,17,86,1,4,1,0
38203.51,Withdrawal,Electronics,10,92,0,1,1,0
57483.42,Withdrawal,ATM,7,78,0,4,0,1
34727.5,Refund,Healthcare,17,4,1,1,0,0
30077.64,Transfer,Fuel,23,97,1,4,0,0
50466.33,Deposit,Entertainment,1,58,0,2,0,1
3107.15,Withdrawal,Restaurant,20,86,0,0,0,0
47164.09,Payment,Shopping,5,19,0,2,0,1
34419.2,Transfer,Travel,5,72,0,1,0,0
22695.02,Refund,Travel,14,41,0,1,0,0
31515.59,Purchase,Grocery,6,71,0,0,0,0
22386.52,Withdrawal,Grocery,10,97,0,5,0,0
10885.83,Transfer,Electronics,7,7,1,1,0,0
28548.71,Deposit,Entertainment,9,83,1,3,0,0
21623.02,Withdrawal,Healthcare,10,49,0,0,0,0
35091.79,Withdrawal,Utility,8,20,0,3,0,0
15127.91,Transfer,Utility,11,73,1,0,0,0
31614.73,Transfer,ATM,1,56,1,2,1,0
86751.9,Withdrawal,ATM,4,39,0,5,1,1
16238.21,Deposit,Electronics,16,57,0,0,1,0
9258.01,Refund,ATM,0,2,1,0,0,0
27766.07,Purchase,Restaurant,3,48,1,3,1,0
37587.45,Transfer,Fuel,3,53,0,2,0,0
26124.37,Deposit,Healthcare,9,100,1,0,1,0
37447.54,Transfer,Healthcare,14,68,0,2,0,0
51760.62,Refund,Shopping,18,60,1,2,0,0
8787.77,Withdrawal,Travel,22,65,0,3,0,0
49777.42,Purchase,Fuel,0,100,0,3,0,1
85736.63,Transfer,Fuel,7,23,0,1,0,1
13254.79,Transfer,Electronics,15,76,0,5,0,0
24687.85,Transfer,Restaurant,0,62,0,5,0,0
35881.92,Purchase,ATM,0,32,1,0,0,0
53175.85,Deposit,Restaurant,6,30,0,1,0,1
12168.7,Transfer,Utility,4,94,0,5,1,0
41050.68,Purchase,Travel,21,98,1,3,1,1
56822.6,Refund,Entertainment,11,69,0,3,0,1
68567.09,Deposit,Entertainment,2,65,0,1,0,1
558.16,Refund,Healthcare,5,51,0,5,0,0
50341.1,Transfer,Healthcare,15,46,1,0,0,0
36580.82,Deposit,Entertainment,19,67,0,1,0,0
36553.08,Refund,Electronics,22,71,0,1,0,0
4899.35,Purchase,ATM,2,60,1,5,0,0
27447.45,Deposit,Shopping,5,63,1,5,0,0
51956.08,Transfer,Entertainment,15,67,1,5,1,1
18704.77,Deposit,Utility,15,92,1,5,0,0
88581.53,Transfer,Entertainment,11,58,1,1,1,1
55527.88,Refund,Shopping,5,38,0,1,0,1
21170.52,Purchase,Shopping,0,13,0,4,0,0
23492.71,Transfer,Healthcare,10,58,0,2,0,0
11938.17,Purchase,Utility,3,90,1,5,0,0
18734.17,Purchase,Healthcare,13,93,1,1,1,0
47677.6,Deposit,Healthcare,11,56,1,2,0,0
25395.68,Purchase,Fuel,18,8,0,4,0,0
24382.58,Purchase,Fuel,18,33,1,1,0,0
7362.13,Withdrawal,Restaurant,14,5,0,4,0,0
26460.83,Withdrawal,ATM,2,87,0,1,0,0
87000.39,Payment,Electronics,11,71,1,1,0,1
30485.68,Payment,Healthcare,5,21,0,0,0,0
1672.27,Purchase,Restaurant,5,80,1,2,1,0
16135.87,Transfer,Grocery,19,57,0,5,0,0
83001.47,Refund,Travel,9,30,1,1,1,1
43515.8,Deposit,Electronics,17,60,0,0,1,1
48989.67,Transfer,Fuel,18,62,1,2,0,0
7542.81,Refund,Healthcare,20,97,1,4,0,0
76582.63,Withdrawal,Entertainment,2,63,1,5,1,1
13547.3,Transfer,Fuel,21,79,0,5,0,0
6586.53,Purchase,Entertainment,3,6,0,4,0,0
42710.05,Purchase,Electronics,15,5,1,0,0,0
18025.09,Payment,Shopping,20,85,1,1,1,0
7791.36,Purchase,Travel,4,16,1,5,0,0
25032.73,Payment,Restaurant,18,62,0,5,0,0
55139.59,Withdrawal,Electronics,13,17,1,4,0,1
26112.86,Payment,Utility,3,75,1,5,1,0
24366.6,Deposit,Healthcare,2,88,1,3,0,0
16020.5,Refund,Travel,17,88,1,5,0,0
17555.9,Withdrawal,Healthcare,10,8,1,5,1,0
10411.08,Transfer,Restaurant,16,55,1,2,0,0
56901.68,Transfer,Fuel,15,54,1,3,0,1
4810.79,Transfer,Electronics,22,60,0,1,0,0
1530.71,Payment,Shopping,3,71,1,4,0,0
58002.04,Payment,Restaurant,9,42,1,3,1,1
18233.74,Deposit,Entertainment,16,96,0,3,0,0
793.17,Transfer,Fuel,6,47,0,4,1,0
11001.25,Purchase,Travel,4,45,0,1,1,0
6002.07,Withdrawal,Travel,17,52,0,4,0,0
15595.38,Deposit,Healthcare,0,91,1,5,1,0
77818.33,Payment,Electronics,11,81,1,3,0,1
58597.24,Withdrawal,Utility,11,59,0,1,0,1
46700.59,Deposit,ATM,7,56,1,1,1,1
9683.57,Refund,Grocery,5,92,0,1,0,0
14211.12,Transfer,Shopping,20,33,1,4,1,0
27078.12,Refund,Restaurant,21,84,1,3,0,0
19467.11,Refund,Electronics,12,96,0,2,0,0
28401.02,Purchase,Restaurant,19,55,0,5,0,0
47565.86,Transfer,Electronics,20,1,1,1,0,0
12091.5,Transfer,Shopping,8,51,1,4,0,0
11616.39,Transfer,Utility,2,58,1,4,0,0
51644.68,Transfer,ATM,19,35,0,4,0,1
29901.26,Refund,Utility,4,66,0,4,0,0
47659.1,Payment,Electronics,9,1,0,5,0,1
25979.39,Purchase,Shopping,15,77,0,3,0,0
53168.53,Refund,Shopping,10,58,1,1,0,0
41591.51,Withdrawal,Electronics,12,38,0,5,0,1
15194.43,Purchase,Shopping,1,68,0,5,0,0
6838.79,Refund,Travel,4,11,0,5,0,0
14911.84,Deposit,Travel,18,40,1,1,0,0
58597.93,Purchase,Utility,18,86,1,1,1,1
55304.38,Purchase,Electronics,14,60,0,3,0,1
22811.77,Withdrawal,Utility,1,88,0,4,0,0
55164.44,Refund,ATM,16,89,1,5,0,1
60517.65,Deposit,Restaurant,13,33,1,1,1,1
23793.92,Deposit,Travel,5,10,0,4,0,0
47997.75,Purchase,Fuel,10,69,1,0,0,0
26323.03,Payment,Grocery,16,85,0,5,0,0
34917.02,Transfer,Healthcare,13,7,0,5,1,0
82651.24,Deposit,Healthcare,1,82,1,3,0,1
31991.68,Refund,Fuel,10,44,0,1,0,0
400.26,Refund,Entertainment,18,41,1,3,0,0
23468.97,Withdrawal,Grocery,21,79,1,3,0,0
70449.47,Withdrawal,Electronics,22,94,1,5,0,1
82951.97,Withdrawal,Utility,8,17,0,1,0,1
27730.3,Refund,Restaurant,9,31,1,0,0,0
13763.55,Withdrawal,Entertainment,19,54,1,3,0,0
22849.61,Refund,Electronics,12,83,0,1,0,0
88166.4,Refund,Restaurant,7,17,1,3,1,1
9184.02,Refund,Shopping,8,68,0,0,1,0
31145.13,Withdrawal,Travel,3,23,1,3,0,0
38253.13,Transfer,Restaurant,5,40,1,5,0,0
21120.77,Withdrawal,ATM,16,14,0,4,0,0
3286.75,Withdrawal,Grocery,12,1,0,4,1,0
20386.05,Deposit,Utility,17,74,1,4,0,0
53785.65,Purchase,Entertainment,3,63,1,1,0,0
18066.73,Withdrawal,Grocery,14,45,0,0,0,0
818.23,Payment,Travel,14,76,1,5,0,0
29258.87,Withdrawal,Grocery,4,21,1,0,0,0
87259.7,Deposit,Fuel,17,11,1,4,0,1
42019.61,Withdrawal,Healthcare,20,53,1,2,0,0
71272.7,Refund,Healthcare,0,39,0,3,0,1
41904.51,Refund,Utility,22,29,1,0,1,1
21030.67,Transfer,Grocery,11,11,0,0,0,0
58567.03,Withdrawal,Restaurant,18,48,0,1,1,1
35907.34,Withdrawal,Electronics,13,63,0,3,0,0
88704.96,Refund,Entertainment,23,90,0,5,1,1
48846.85,Transfer,Healthcare,4,84,0,1,0,1
40314.0,Deposit,Electronics,10,52,0,1,0,1
60755.54,Transfer,Utility,9,51,1,4,0,1
42657.23,Deposit,Electronics,7,60,0,1,0,1
30422.38,Payment,ATM,14,70,0,4,1,0
36989.96,Transfer,Electronics,14,66,1,3,0,0
50903.84,Withdrawal,Entertainment,19,29,1,5,0,1
7204.16,Withdrawal,Travel,5,16,0,2,0,0
14705.41,Transfer,Entertainment,16,81,0,1,0,0
12989.88,Withdrawal,Shopping,13,26,1,4,0,0
2759.57,Transfer,Fuel,23,36,0,3,0,0
50278.15,Transfer,Electronics,14,51,0,4,0,1
16535.35,Purchase,Grocery,7,84,0,0,1,0
7850.75,Purchase,Healthcare,0,30,1,5,1,0
16666.38,Purchase,Shopping,17,3,1,4,0,0
4288.86,Refund,ATM,2,14,1,5,0,0
55920.79,Refund,Electronics,5,1,1,1,0,0
46823.83,Purchase,Shopping,10,97,0,0,1,1
23211.75,Deposit,Electronics,10,3,1,3,0,0
20359.14,Purchase,Electronics,20,30,1,1,0,0
36310.45,Withdrawal,ATM,7,13,1,4,0,0
42276.01,Deposit,Shopping,20,20,0,1,0,1
43847.99,Withdrawal,Healthcare,22,62,0,3,0,1
75329.18,Purchase,ATM,23,30,0,3,0,1
40555.99,Payment,Restaurant,0,70,1,5,0,1
39907.84,Withdrawal,Entertainment,9,68,0,0,0,0
61461.95,Transfer,Healthcare,0,56,1,5,1,1
50082.46,Purchase,Utility,4,62,1,5,0,1
26180.92,Withdrawal,Restaurant,20,50,1,5,0,0
4434.01,Transfer,Electronics,8,76,0,0,0,0
14357.8,Transfer,ATM,0,28,0,2,0,0
23232.23,Refund,Fuel,4,87,0,2,0,0
22793.94,Transfer,Travel,12,55,0,0,0,0
1232.19,Refund,Travel,17,7,1,4,0,0
19952.41,Payment,Entertainment,9,40,1,2,0,0
58951.46,Purchase,Utility,21,74,0,5,0,1
